
-- USE cegepjon_p2017_2_dev;
-- USE cegepjon_p2017_2_prod;
 USE cegepjon_p2017_2_tests;
INSERT IGNORE INTO `tblEmployeEntreprise` (`Id`,`CourrielEntreprise`,`Nom`,`Prenom`,`NumTelCell`,`CourrielPersonnel`,`NumTelEntreprise`,`Poste`,`IdEntreprise`) VALUES (1,'TheNoxiousGamer@gmail.com','MARTIN','Alex','(831) 191-7291','Lovely@gmail.com','(386) 926-6928','45210',25);
INSERT IGNORE INTO `tblEmployeEntreprise` (`Id`,`CourrielEntreprise`,`Nom`,`Prenom`,`NumTelCell`,`CourrielPersonnel`,`NumTelEntreprise`,`Poste`,`IdEntreprise`) VALUES (2,'Fancy@entreprise.com','BERNARD','Alexis','(202) 518-1297','Flippant@gmail.com','(582) 487-3269','84300',7);
INSERT IGNORE INTO `tblEmployeEntreprise` (`Id`,`CourrielEntreprise`,`Nom`,`Prenom`,`NumTelCell`,`CourrielPersonnel`,`NumTelEntreprise`,`Poste`,`IdEntreprise`) VALUES (3,'Rude@entreprise.com','THOMAS','Antoine','(567) 588-7693','Picayune@gmail.com','(888) 258-8370','38486',30);
INSERT IGNORE INTO `tblEmployeEntreprise` (`Id`,`CourrielEntreprise`,`Nom`,`Prenom`,`NumTelCell`,`CourrielPersonnel`,`NumTelEntreprise`,`Poste`,`IdEntreprise`) VALUES (4,'Sophisticated@entreprise.com','PETIT','Benjamin','(250) 458-7310','Well-made@gmail.com','(441) 969-7320','11568',48);
INSERT IGNORE INTO `tblEmployeEntreprise` (`Id`,`CourrielEntreprise`,`Nom`,`Prenom`,`NumTelCell`,`CourrielPersonnel`,`NumTelEntreprise`,`Poste`,`IdEntreprise`) VALUES (5,'Plucky@entreprise.com','ROBERT','Charles','(900) 169-3011','Blushing@gmail.com','(465) 737-9549','81068',28);
INSERT IGNORE INTO `tblEmployeEntreprise` (`Id`,`CourrielEntreprise`,`Nom`,`Prenom`,`NumTelCell`,`CourrielPersonnel`,`NumTelEntreprise`,`Poste`,`IdEntreprise`) VALUES (6,'Rough@entreprise.com','RICHARD','David','(983) 549-9350','Astonishing@gmail.com','(237) 427-5018','1590',16);
INSERT IGNORE INTO `tblEmployeEntreprise` (`Id`,`CourrielEntreprise`,`Nom`,`Prenom`,`NumTelCell`,`CourrielPersonnel`,`NumTelEntreprise`,`Poste`,`IdEntreprise`) VALUES (7,'Elated@entreprise.com','DURAND','Édouard','(879) 551-3201','Stimulating@gmail.com','(594) 605-7061','7660',22);
INSERT IGNORE INTO `tblEmployeEntreprise` (`Id`,`CourrielEntreprise`,`Nom`,`Prenom`,`NumTelCell`,`CourrielPersonnel`,`NumTelEntreprise`,`Poste`,`IdEntreprise`) VALUES (8,'Rightful@entreprise.com','DUBOIS','Elliot','(196) 523-5582','Cynical@gmail.com','(688) 267-2145','95090',41);
INSERT IGNORE INTO `tblEmployeEntreprise` (`Id`,`CourrielEntreprise`,`Nom`,`Prenom`,`NumTelCell`,`CourrielPersonnel`,`NumTelEntreprise`,`Poste`,`IdEntreprise`) VALUES (9,'Humorous@entreprise.com','MOREAU','Félix','(735) 972-9437','Sulky@gmail.com','(580) 666-5617','48771',24);
INSERT IGNORE INTO `tblEmployeEntreprise` (`Id`,`CourrielEntreprise`,`Nom`,`Prenom`,`NumTelCell`,`CourrielPersonnel`,`NumTelEntreprise`,`Poste`,`IdEntreprise`) VALUES (10,'Cut@entreprise.com','LAURENT','Gabriel','(732) 393-4546','Silent@gmail.com','(456) 674-0128','61301',2);
INSERT IGNORE INTO `tblEmployeEntreprise` (`Id`,`CourrielEntreprise`,`Nom`,`Prenom`,`NumTelCell`,`CourrielPersonnel`,`NumTelEntreprise`,`Poste`,`IdEntreprise`) VALUES (11,'Disgusting@entreprise.com','SIMON','Guillaume','(617) 122-3670','Voiceless@gmail.com','(831) 350-6511','55978',22);
INSERT IGNORE INTO `tblEmployeEntreprise` (`Id`,`CourrielEntreprise`,`Nom`,`Prenom`,`NumTelCell`,`CourrielPersonnel`,`NumTelEntreprise`,`Poste`,`IdEntreprise`) VALUES (12,'Shaggy@entreprise.com','ROUX','Hugo','(839) 437-1497','Fresh@gmail.com','(386) 395-8187','22240',39);
INSERT IGNORE INTO `tblEmployeEntreprise` (`Id`,`CourrielEntreprise`,`Nom`,`Prenom`,`NumTelCell`,`CourrielPersonnel`,`NumTelEntreprise`,`Poste`,`IdEntreprise`) VALUES (13,'Straight@entreprise.com','ROUX','Isaac','(999) 141-1655','Upset@gmail.com','(247) 938-1014','62318',46);
INSERT IGNORE INTO `tblEmployeEntreprise` (`Id`,`CourrielEntreprise`,`Nom`,`Prenom`,`NumTelCell`,`CourrielPersonnel`,`NumTelEntreprise`,`Poste`,`IdEntreprise`) VALUES (14,'Pink@entreprise.com','ROUX','Jacob','(808) 838-3408','Well-groomed@gmail.com','(764) 484-7999','77942',14);
INSERT IGNORE INTO `tblEmployeEntreprise` (`Id`,`CourrielEntreprise`,`Nom`,`Prenom`,`NumTelCell`,`CourrielPersonnel`,`NumTelEntreprise`,`Poste`,`IdEntreprise`) VALUES (15,'Furtive@entreprise.com','ROUX','Jonathan','(160) 792-0002','Excited@gmail.com','(499) 276-7370','40000',2);
INSERT IGNORE INTO `tblEmployeEntreprise` (`Id`,`CourrielEntreprise`,`Nom`,`Prenom`,`NumTelCell`,`CourrielPersonnel`,`NumTelEntreprise`,`Poste`,`IdEntreprise`) VALUES (16,'Tasty@entreprise.com','DAVID','Logan','(353) 359-9130','Macho@gmail.com','(942) 800-5277','9048',10);
INSERT IGNORE INTO `tblEmployeEntreprise` (`Id`,`CourrielEntreprise`,`Nom`,`Prenom`,`NumTelCell`,`CourrielPersonnel`,`NumTelEntreprise`,`Poste`,`IdEntreprise`) VALUES (17,'Selective@entreprise.com','BERTRAND','Lucas','(215) 497-4914','Loving@gmail.com','(293) 186-2154',NULL,33);
INSERT IGNORE INTO `tblEmployeEntreprise` (`Id`,`CourrielEntreprise`,`Nom`,`Prenom`,`NumTelCell`,`CourrielPersonnel`,`NumTelEntreprise`,`Poste`,`IdEntreprise`) VALUES (18,'Grubby@entreprise.com','MOREL','Mathis','(475) 903-3992','Elastic@gmail.com','(370) 887-5812','35635',43);
INSERT IGNORE INTO `tblEmployeEntreprise` (`Id`,`CourrielEntreprise`,`Nom`,`Prenom`,`NumTelCell`,`CourrielPersonnel`,`NumTelEntreprise`,`Poste`,`IdEntreprise`) VALUES (19,'Cagey@entreprise.com','MOREL','Nathan','(548) 200-3469','Spicy@gmail.com','(119) 398-2905','23807',15);
INSERT IGNORE INTO `tblEmployeEntreprise` (`Id`,`CourrielEntreprise`,`Nom`,`Prenom`,`NumTelCell`,`CourrielPersonnel`,`NumTelEntreprise`,`Poste`,`IdEntreprise`) VALUES (20,'Aspiring@entreprise.com','MOREL','Nicolas','(413) 815-0432','Drab@gmail.com','(709) 342-5106','88543',10);
INSERT IGNORE INTO `tblEmployeEntreprise` (`Id`,`CourrielEntreprise`,`Nom`,`Prenom`,`NumTelCell`,`CourrielPersonnel`,`NumTelEntreprise`,`Poste`,`IdEntreprise`) VALUES (21,'Interesting@entreprise.com','BONNET','Thomas','(267) 917-1900','Noxious@gmail.com','(494) 457-9724','96764',34);
INSERT IGNORE INTO `tblEmployeEntreprise` (`Id`,`CourrielEntreprise`,`Nom`,`Prenom`,`NumTelCell`,`CourrielPersonnel`,`NumTelEntreprise`,`Poste`,`IdEntreprise`) VALUES (22,'Hurried@entreprise.com','DUPONT','Tommy','(315) 845-1090','Fancy@gmail.com','(657) 287-3905','76172',49);
INSERT IGNORE INTO `tblEmployeEntreprise` (`Id`,`CourrielEntreprise`,`Nom`,`Prenom`,`NumTelCell`,`CourrielPersonnel`,`NumTelEntreprise`,`Poste`,`IdEntreprise`) VALUES (23,'Innocent@entreprise.com','LAMBERT','Victor','(291) 716-0083','Rude@gmail.com','(143) 794-1329','44529',37);
INSERT IGNORE INTO `tblEmployeEntreprise` (`Id`,`CourrielEntreprise`,`Nom`,`Prenom`,`NumTelCell`,`CourrielPersonnel`,`NumTelEntreprise`,`Poste`,`IdEntreprise`) VALUES (24,'Ugly@entreprise.com','FONTAINE','Alexia','(740) 100-8050','Sophisticated@gmail.com','(155) 792-3559','92974',8);
INSERT IGNORE INTO `tblEmployeEntreprise` (`Id`,`CourrielEntreprise`,`Nom`,`Prenom`,`NumTelCell`,`CourrielPersonnel`,`NumTelEntreprise`,`Poste`,`IdEntreprise`) VALUES (25,'Rambunctious@entreprise.com','ROUSSEAU','Amélie','(193) 181-7764','Plucky@gmail.com','(175) 588-7373','71332',46);
INSERT IGNORE INTO `tblEmployeEntreprise` (`Id`,`CourrielEntreprise`,`Nom`,`Prenom`,`NumTelCell`,`CourrielPersonnel`,`NumTelEntreprise`,`Poste`,`IdEntreprise`) VALUES (26,'Scary@entreprise.com','VINCENT','Annabelle','(106) 134-7184','Rough@gmail.com','(683) 457-1398','89589',11);
INSERT IGNORE INTO `tblEmployeEntreprise` (`Id`,`CourrielEntreprise`,`Nom`,`Prenom`,`NumTelCell`,`CourrielPersonnel`,`NumTelEntreprise`,`Poste`,`IdEntreprise`) VALUES (27,'Icky@entreprise.com','MULLER','Arianne','(366) 713-1099','Elated@gmail.com','(443) 153-2490','44330',44);
INSERT IGNORE INTO `tblEmployeEntreprise` (`Id`,`CourrielEntreprise`,`Nom`,`Prenom`,`NumTelCell`,`CourrielPersonnel`,`NumTelEntreprise`,`Poste`,`IdEntreprise`) VALUES (28,'Bite-sized@entreprise.com','LEFEVRE','Audrey','(323) 874-8972','Rightful@gmail.com','(820) 686-2830','75416',29);
INSERT IGNORE INTO `tblEmployeEntreprise` (`Id`,`CourrielEntreprise`,`Nom`,`Prenom`,`NumTelCell`,`CourrielPersonnel`,`NumTelEntreprise`,`Poste`,`IdEntreprise`) VALUES (29,'Vulgar@entreprise.com','FAURE','Aurélie','(834) 710-8468','Humorous@gmail.com','(587) 203-4448','92105',6);
INSERT IGNORE INTO `tblEmployeEntreprise` (`Id`,`CourrielEntreprise`,`Nom`,`Prenom`,`NumTelCell`,`CourrielPersonnel`,`NumTelEntreprise`,`Poste`,`IdEntreprise`) VALUES (30,'Beautiful@entreprise.com','ANDRE','Camille','(269) 423-1165','Cut@gmail.com','(116) 692-0535','63195',39);
INSERT IGNORE INTO `tblEmployeEntreprise` (`Id`,`CourrielEntreprise`,`Nom`,`Prenom`,`NumTelCell`,`CourrielPersonnel`,`NumTelEntreprise`,`Poste`,`IdEntreprise`) VALUES (31,'Irate@entreprise.com','MERCIER','Catherine','(269) 646-7940','Disgusting@gmail.com','(998) 752-7912','37939',17);
INSERT IGNORE INTO `tblEmployeEntreprise` (`Id`,`CourrielEntreprise`,`Nom`,`Prenom`,`NumTelCell`,`CourrielPersonnel`,`NumTelEntreprise`,`Poste`,`IdEntreprise`) VALUES (32,'Puzzling@entreprise.com','BLANC','Chloé','(244) 454-9695','Shaggy@gmail.com','(478) 653-4040','23838',29);
INSERT IGNORE INTO `tblEmployeEntreprise` (`Id`,`CourrielEntreprise`,`Nom`,`Prenom`,`NumTelCell`,`CourrielPersonnel`,`NumTelEntreprise`,`Poste`,`IdEntreprise`) VALUES (33,'Burly@entreprise.com','BLANC','Clara','(113) 529-9621','Straight@gmail.com','(940) 318-1499','33322',21);
INSERT IGNORE INTO `tblEmployeEntreprise` (`Id`,`CourrielEntreprise`,`Nom`,`Prenom`,`NumTelCell`,`CourrielPersonnel`,`NumTelEntreprise`,`Poste`,`IdEntreprise`) VALUES (34,'Infamous@entreprise.com','BOYER','Coralie','(357) 795-9883','Pink@gmail.com','(502) 441-0450','67301',34);
INSERT IGNORE INTO `tblEmployeEntreprise` (`Id`,`CourrielEntreprise`,`Nom`,`Prenom`,`NumTelCell`,`CourrielPersonnel`,`NumTelEntreprise`,`Poste`,`IdEntreprise`) VALUES (35,'Noisy@entreprise.com','GARNIER','Daphnée','(457) 300-7314','Furtive@gmail.com','(437) 313-8773','11835',1);
INSERT IGNORE INTO `tblEmployeEntreprise` (`Id`,`CourrielEntreprise`,`Nom`,`Prenom`,`NumTelCell`,`CourrielPersonnel`,`NumTelEntreprise`,`Poste`,`IdEntreprise`) VALUES (36,'Careful@entreprise.com','CHEVALIER','Elizabeth','(937) 916-5178','Tasty@gmail.com','(234) 827-1017','94802',39);
INSERT IGNORE INTO `tblEmployeEntreprise` (`Id`,`CourrielEntreprise`,`Nom`,`Prenom`,`NumTelCell`,`CourrielPersonnel`,`NumTelEntreprise`,`Poste`,`IdEntreprise`) VALUES (37,'Slim@entreprise.com','FRANCOIS','Émilie','(880) 478-9103','Selective@gmail.com','(325) 258-7786','82768',14);
INSERT IGNORE INTO `tblEmployeEntreprise` (`Id`,`CourrielEntreprise`,`Nom`,`Prenom`,`NumTelCell`,`CourrielPersonnel`,`NumTelEntreprise`,`Poste`,`IdEntreprise`) VALUES (38,'Grotesque@entreprise.com','LEGRAND','Emy','(369) 395-4030','Grubby@gmail.com','(713) 768-2376','55421',48);
INSERT IGNORE INTO `tblEmployeEntreprise` (`Id`,`CourrielEntreprise`,`Nom`,`Prenom`,`NumTelCell`,`CourrielPersonnel`,`NumTelEntreprise`,`Poste`,`IdEntreprise`) VALUES (39,'Secret@entreprise.com','GAUTHIER','Ève','(819) 378-5929','Cagey@gmail.com','(401) 315-9237','48284',25);
INSERT IGNORE INTO `tblEmployeEntreprise` (`Id`,`CourrielEntreprise`,`Nom`,`Prenom`,`NumTelCell`,`CourrielPersonnel`,`NumTelEntreprise`,`Poste`,`IdEntreprise`) VALUES (40,'Free@entreprise.com','GARCIA','Florence','(933) 845-2851','Aspiring@gmail.com','(691) 532-9907','3022',15);
INSERT IGNORE INTO `tblEmployeEntreprise` (`Id`,`CourrielEntreprise`,`Nom`,`Prenom`,`NumTelCell`,`CourrielPersonnel`,`NumTelEntreprise`,`Poste`,`IdEntreprise`) VALUES (41,'Afraid@entreprise.com','GAUTIER','Gabrielle','(809) 970-2843','Interesting@gmail.com','(799) 344-5501','85190',14);
INSERT IGNORE INTO `tblEmployeEntreprise` (`Id`,`CourrielEntreprise`,`Nom`,`Prenom`,`NumTelCell`,`CourrielPersonnel`,`NumTelEntreprise`,`Poste`,`IdEntreprise`) VALUES (42,'FlashyMystere@gmail.com','GAUTIER','Jade','(316) 765-1474','Hurried@gmail.com','(408) 276-9472','11335',41);
INSERT IGNORE INTO `tblEmployeEntreprise` (`Id`,`CourrielEntreprise`,`Nom`,`Prenom`,`NumTelCell`,`CourrielPersonnel`,`NumTelEntreprise`,`Poste`,`IdEntreprise`) VALUES (43,'ZanyMystere@gmail.com','GAUTIER','Justine','(903) 801-3869','Innocent@gmail.com','(453) 868-5248','82475',44);
INSERT IGNORE INTO `tblEmployeEntreprise` (`Id`,`CourrielEntreprise`,`Nom`,`Prenom`,`NumTelCell`,`CourrielPersonnel`,`NumTelEntreprise`,`Poste`,`IdEntreprise`) VALUES (44,'ModernMystere@gmail.com','GAUTIER','Laurence','(125) 770-3316','Ugly@gmail.com','(358) 646-5508','68763',45);
INSERT IGNORE INTO `tblEmployeEntreprise` (`Id`,`CourrielEntreprise`,`Nom`,`Prenom`,`NumTelCell`,`CourrielPersonnel`,`NumTelEntreprise`,`Poste`,`IdEntreprise`) VALUES (45,'NiceMystere@gmail.com','NICOLAS','Laurie','(172) 618-9215','Rambunctious@gmail.com','(934) 508-7105','64494',24);
INSERT IGNORE INTO `tblEmployeEntreprise` (`Id`,`CourrielEntreprise`,`Nom`,`Prenom`,`NumTelCell`,`CourrielPersonnel`,`NumTelEntreprise`,`Poste`,`IdEntreprise`) VALUES (46,'MeaslyMystere@gmail.com','MASSON','Marianne','(336) 753-7839','Scary@gmail.com','(397) 548-8535','93011',21);
INSERT IGNORE INTO `tblEmployeEntreprise` (`Id`,`CourrielEntreprise`,`Nom`,`Prenom`,`NumTelCell`,`CourrielPersonnel`,`NumTelEntreprise`,`Poste`,`IdEntreprise`) VALUES (47,'AwakeMystere@gmail.com','MASSON','Océane','(694) 916-4411','Icky@gmail.com','(218) 615-5392','98201',17);
INSERT IGNORE INTO `tblEmployeEntreprise` (`Id`,`CourrielEntreprise`,`Nom`,`Prenom`,`NumTelCell`,`CourrielPersonnel`,`NumTelEntreprise`,`Poste`,`IdEntreprise`) VALUES (48,'CuteMystere@gmail.com','MASSON','Olivia','(638) 975-8029','Bite-sized@gmail.com','(944) 239-8498','48661',22);
INSERT IGNORE INTO `tblEmployeEntreprise` (`Id`,`CourrielEntreprise`,`Nom`,`Prenom`,`NumTelCell`,`CourrielPersonnel`,`NumTelEntreprise`,`Poste`,`IdEntreprise`) VALUES (49,'TangibleMystere@gmail.com','GAUTIER','Rose','(324) 699-9973','Hard@gmail.com','(877) 103-0900','93761',11);


INSERT IGNORE INTO `tblStagiaire` (`Id`,`CourrielScolaire`,`Nom`,`Prenom`,`NumTelPersonnel`,`NumTelMaison`,`CourrielPersonnel`,`NumTelEntreprise`,`Poste`,`CourrielEntreprise`,`IdStage`) VALUES (1,'Tremblay.Olimpia@etu.cegepjonquiere.ca','Tremblay','Olimpia','(418) 695-1924','(418) 695-1974','Tremblay.Olimpia@hotmail.com\r',NULL,NULL,NULL,NULL);
INSERT IGNORE INTO `tblStagiaire` (`Id`,`CourrielScolaire`,`Nom`,`Prenom`,`NumTelPersonnel`,`NumTelMaison`,`CourrielPersonnel`,`NumTelEntreprise`,`Poste`,`CourrielEntreprise`,`IdStage`) VALUES (2,'Bouchard.Olga@etu.cegepjonquiere.ca','Bouchard','Olga','(418) 695-1925','(418) 695-1975','Bouchard.Olga@hotmail.com\r',NULL,NULL,NULL,NULL);
INSERT IGNORE INTO `tblStagiaire` (`Id`,`CourrielScolaire`,`Nom`,`Prenom`,`NumTelPersonnel`,`NumTelMaison`,`CourrielPersonnel`,`NumTelEntreprise`,`Poste`,`CourrielEntreprise`,`IdStage`) VALUES (3,'Duchesne.Leonarda@etu.cegepjonquiere.ca','Duchesne','Leonarda','(418) 695-1926','(418) 695-1976','Duchesne.Leonarda@hotmail.com\r',NULL,NULL,NULL,NULL);
INSERT IGNORE INTO `tblStagiaire` (`Id`,`CourrielScolaire`,`Nom`,`Prenom`,`NumTelPersonnel`,`NumTelMaison`,`CourrielPersonnel`,`NumTelEntreprise`,`Poste`,`CourrielEntreprise`,`IdStage`) VALUES (4,'Poirier.Kelly@etu.cegepjonquiere.ca','Poirier','Kelly','(418) 695-1927','(418) 695-1977','Poirier.Kelly@hotmail.com\r',NULL,NULL,NULL,NULL);
INSERT IGNORE INTO `tblStagiaire` (`Id`,`CourrielScolaire`,`Nom`,`Prenom`,`NumTelPersonnel`,`NumTelMaison`,`CourrielPersonnel`,`NumTelEntreprise`,`Poste`,`CourrielEntreprise`,`IdStage`) VALUES (5,'Jean.Cyril@etu.cegepjonquiere.ca','Jean','Cyril','(418) 695-1928','(418) 695-1978','Jean.Cyril@hotmail.com\r',NULL,NULL,NULL,NULL);
INSERT IGNORE INTO `tblStagiaire` (`Id`,`CourrielScolaire`,`Nom`,`Prenom`,`NumTelPersonnel`,`NumTelMaison`,`CourrielPersonnel`,`NumTelEntreprise`,`Poste`,`CourrielEntreprise`,`IdStage`) VALUES (6,'Gilbert.Rufina@etu.cegepjonquiere.ca','Gilbert','Rufina','(418) 695-1929','(418) 695-1979','Gilbert.Rufina@hotmail.com\r',NULL,NULL,NULL,NULL);
INSERT IGNORE INTO `tblStagiaire` (`Id`,`CourrielScolaire`,`Nom`,`Prenom`,`NumTelPersonnel`,`NumTelMaison`,`CourrielPersonnel`,`NumTelEntreprise`,`Poste`,`CourrielEntreprise`,`IdStage`) VALUES (7,'Tremblay.Torri@etu.cegepjonquiere.ca','Tremblay','Torri','(418) 695-1930','(418) 695-1980','Tremblay.Torri@hotmail.com\r',NULL,NULL,NULL,NULL);
INSERT IGNORE INTO `tblStagiaire` (`Id`,`CourrielScolaire`,`Nom`,`Prenom`,`NumTelPersonnel`,`NumTelMaison`,`CourrielPersonnel`,`NumTelEntreprise`,`Poste`,`CourrielEntreprise`,`IdStage`) VALUES (8,'Bouchard.Cliff@etu.cegepjonquiere.ca','Bouchard','Cliff','(418) 695-1931','(418) 695-1981','Bouchard.Cliff@hotmail.com\r',NULL,NULL,NULL,NULL);
INSERT IGNORE INTO `tblStagiaire` (`Id`,`CourrielScolaire`,`Nom`,`Prenom`,`NumTelPersonnel`,`NumTelMaison`,`CourrielPersonnel`,`NumTelEntreprise`,`Poste`,`CourrielEntreprise`,`IdStage`) VALUES (9,'Duchesne.Kyoko@etu.cegepjonquiere.ca','Duchesne','Kyoko','(418) 695-1932','(418) 695-1982','Duchesne.Kyoko@hotmail.com\r',NULL,NULL,NULL,NULL);
INSERT IGNORE INTO `tblStagiaire` (`Id`,`CourrielScolaire`,`Nom`,`Prenom`,`NumTelPersonnel`,`NumTelMaison`,`CourrielPersonnel`,`NumTelEntreprise`,`Poste`,`CourrielEntreprise`,`IdStage`) VALUES (10,'Poirier.Elvie@etu.cegepjonquiere.ca','Poirier','Elvie','(418) 695-1933','(418) 695-1983','Poirier.Elvie@hotmail.com\r',NULL,NULL,NULL,NULL);
INSERT IGNORE INTO `tblStagiaire` (`Id`,`CourrielScolaire`,`Nom`,`Prenom`,`NumTelPersonnel`,`NumTelMaison`,`CourrielPersonnel`,`NumTelEntreprise`,`Poste`,`CourrielEntreprise`,`IdStage`) VALUES (11,'Jean.Barbra@etu.cegepjonquiere.ca','Jean','Barbra','(418) 695-1934','(418) 695-1984','Jean.Barbra@hotmail.com\r',NULL,NULL,NULL,NULL);
INSERT IGNORE INTO `tblStagiaire` (`Id`,`CourrielScolaire`,`Nom`,`Prenom`,`NumTelPersonnel`,`NumTelMaison`,`CourrielPersonnel`,`NumTelEntreprise`,`Poste`,`CourrielEntreprise`,`IdStage`) VALUES (12,'Gilbert.Graig@etu.cegepjonquiere.ca','Gilbert','Graig','(418) 695-1935','(418) 695-1985','Gilbert.Graig@hotmail.com\r',NULL,NULL,NULL,NULL);
INSERT IGNORE INTO `tblStagiaire` (`Id`,`CourrielScolaire`,`Nom`,`Prenom`,`NumTelPersonnel`,`NumTelMaison`,`CourrielPersonnel`,`NumTelEntreprise`,`Poste`,`CourrielEntreprise`,`IdStage`) VALUES (13,'Tremblay.Pamala@etu.cegepjonquiere.ca','Tremblay','Pamala','(418) 695-1936','(418) 695-1986','Tremblay.Pamala@hotmail.com\r',NULL,NULL,NULL,NULL);
INSERT IGNORE INTO `tblStagiaire` (`Id`,`CourrielScolaire`,`Nom`,`Prenom`,`NumTelPersonnel`,`NumTelMaison`,`CourrielPersonnel`,`NumTelEntreprise`,`Poste`,`CourrielEntreprise`,`IdStage`) VALUES (14,'Bouchard.Jermaine@etu.cegepjonquiere.ca','Bouchard','Jermaine','(418) 695-1937','(418) 695-1987','Bouchard.Jermaine@hotmail.com\r',NULL,NULL,NULL,NULL);
INSERT IGNORE INTO `tblStagiaire` (`Id`,`CourrielScolaire`,`Nom`,`Prenom`,`NumTelPersonnel`,`NumTelMaison`,`CourrielPersonnel`,`NumTelEntreprise`,`Poste`,`CourrielEntreprise`,`IdStage`) VALUES (15,'Lambert.Gérard@etu.cegepjonquiere.ca','Lambert','Gérard','(418) 695-1938','(418) 695-1988','Lambert.Gérard@hotmail.com\r',NULL,NULL,NULL,NULL);
INSERT IGNORE INTO `tblStagiaire` (`Id`,`CourrielScolaire`,`Nom`,`Prenom`,`NumTelPersonnel`,`NumTelMaison`,`CourrielPersonnel`,`NumTelEntreprise`,`Poste`,`CourrielEntreprise`,`IdStage`) VALUES (16,'Poirier.Almeta@etu.cegepjonquiere.ca','Poirier','Almeta','(418) 695-1939','(418) 695-1989','Poirier.Almeta@hotmail.com\r',NULL,NULL,NULL,NULL);
INSERT IGNORE INTO `tblStagiaire` (`Id`,`CourrielScolaire`,`Nom`,`Prenom`,`NumTelPersonnel`,`NumTelMaison`,`CourrielPersonnel`,`NumTelEntreprise`,`Poste`,`CourrielEntreprise`,`IdStage`) VALUES (17,'Jean.Denita@etu.cegepjonquiere.ca','Jean','Denita','(418) 695-1940','(418) 695-1990','Jean.Denita@hotmail.com\r',NULL,NULL,NULL,NULL);
INSERT IGNORE INTO `tblStagiaire` (`Id`,`CourrielScolaire`,`Nom`,`Prenom`,`NumTelPersonnel`,`NumTelMaison`,`CourrielPersonnel`,`NumTelEntreprise`,`Poste`,`CourrielEntreprise`,`IdStage`) VALUES (18,'Gilbert.Larita@etu.cegepjonquiere.ca','Gilbert','Larita','(418) 695-1941','(418) 695-1991','Gilbert.Larita@hotmail.com\r',NULL,NULL,NULL,NULL);
INSERT IGNORE INTO `tblStagiaire` (`Id`,`CourrielScolaire`,`Nom`,`Prenom`,`NumTelPersonnel`,`NumTelMaison`,`CourrielPersonnel`,`NumTelEntreprise`,`Poste`,`CourrielEntreprise`,`IdStage`) VALUES (19,'Tremblay.Bridgette@etu.cegepjonquiere.ca','Tremblay','Bridgette','(418) 695-1942','(418) 695-1992','Tremblay.Bridgette@hotmail.com\r',NULL,NULL,NULL,NULL);
INSERT IGNORE INTO `tblStagiaire` (`Id`,`CourrielScolaire`,`Nom`,`Prenom`,`NumTelPersonnel`,`NumTelMaison`,`CourrielPersonnel`,`NumTelEntreprise`,`Poste`,`CourrielEntreprise`,`IdStage`) VALUES (20,'Bouchard.Sherika@etu.cegepjonquiere.ca','Bouchard','Sherika','(418) 695-1943','(418) 695-1993','Bouchard.Sherika@hotmail.com\r',NULL,NULL,NULL,NULL);
INSERT IGNORE INTO `tblStagiaire` (`Id`,`CourrielScolaire`,`Nom`,`Prenom`,`NumTelPersonnel`,`NumTelMaison`,`CourrielPersonnel`,`NumTelEntreprise`,`Poste`,`CourrielEntreprise`,`IdStage`) VALUES (21,'Duchesne.Monroe@etu.cegepjonquiere.ca','Duchesne','Monroe','(418) 695-1944','(418) 695-1994','Duchesne.Monroe@hotmail.com\r',NULL,NULL,NULL,NULL);
INSERT IGNORE INTO `tblStagiaire` (`Id`,`CourrielScolaire`,`Nom`,`Prenom`,`NumTelPersonnel`,`NumTelMaison`,`CourrielPersonnel`,`NumTelEntreprise`,`Poste`,`CourrielEntreprise`,`IdStage`) VALUES (22,'Poirier.Liliana@etu.cegepjonquiere.ca','Poirier','Liliana','(418) 695-1945','(418) 695-1995','Poirier.Liliana@hotmail.com\r',NULL,NULL,NULL,NULL);
INSERT IGNORE INTO `tblStagiaire` (`Id`,`CourrielScolaire`,`Nom`,`Prenom`,`NumTelPersonnel`,`NumTelMaison`,`CourrielPersonnel`,`NumTelEntreprise`,`Poste`,`CourrielEntreprise`,`IdStage`) VALUES (23,'Jean.Lavona@etu.cegepjonquiere.ca','Jean','Lavona','(418) 695-1946','(418) 695-1996','Jean.Lavona@hotmail.com\r',NULL,NULL,NULL,NULL);
INSERT IGNORE INTO `tblStagiaire` (`Id`,`CourrielScolaire`,`Nom`,`Prenom`,`NumTelPersonnel`,`NumTelMaison`,`CourrielPersonnel`,`NumTelEntreprise`,`Poste`,`CourrielEntreprise`,`IdStage`) VALUES (24,'Gilbert.Manda@etu.cegepjonquiere.ca','Gilbert','Manda','(418) 695-1947','(418) 695-1997','Gilbert.Manda@hotmail.com\r',NULL,NULL,NULL,NULL);
INSERT IGNORE INTO `tblStagiaire` (`Id`,`CourrielScolaire`,`Nom`,`Prenom`,`NumTelPersonnel`,`NumTelMaison`,`CourrielPersonnel`,`NumTelEntreprise`,`Poste`,`CourrielEntreprise`,`IdStage`) VALUES (25,'Tremblay.Conchita@etu.cegepjonquiere.ca','Tremblay','Conchita','(418) 695-1948','(418) 695-1998','Tremblay.Conchita@hotmail.com\r',NULL,NULL,NULL,NULL);
INSERT IGNORE INTO `tblStagiaire` (`Id`,`CourrielScolaire`,`Nom`,`Prenom`,`NumTelPersonnel`,`NumTelMaison`,`CourrielPersonnel`,`NumTelEntreprise`,`Poste`,`CourrielEntreprise`,`IdStage`) VALUES (26,'Bouchard.Emanuel@etu.cegepjonquiere.ca','Bouchard','Emanuel','(418) 695-1949','(418) 695-1999','Bouchard.Emanuel@hotmail.com\r',NULL,NULL,NULL,NULL);
INSERT IGNORE INTO `tblStagiaire` (`Id`,`CourrielScolaire`,`Nom`,`Prenom`,`NumTelPersonnel`,`NumTelMaison`,`CourrielPersonnel`,`NumTelEntreprise`,`Poste`,`CourrielEntreprise`,`IdStage`) VALUES (27,'Duchesne.Celestine@etu.cegepjonquiere.ca','Duchesne','Celestine','(418) 695-1950','(418) 695-2000','Duchesne.Celestine@hotmail.com\r',NULL,NULL,NULL,NULL);
INSERT IGNORE INTO `tblStagiaire` (`Id`,`CourrielScolaire`,`Nom`,`Prenom`,`NumTelPersonnel`,`NumTelMaison`,`CourrielPersonnel`,`NumTelEntreprise`,`Poste`,`CourrielEntreprise`,`IdStage`) VALUES (28,'Poirier.Rikki@etu.cegepjonquiere.ca','Poirier','Rikki','(418) 695-1951','(418) 695-2001','Poirier.Rikki@hotmail.com\r',NULL,NULL,NULL,NULL);
INSERT IGNORE INTO `tblStagiaire` (`Id`,`CourrielScolaire`,`Nom`,`Prenom`,`NumTelPersonnel`,`NumTelMaison`,`CourrielPersonnel`,`NumTelEntreprise`,`Poste`,`CourrielEntreprise`,`IdStage`) VALUES (29,'Goldman.Jean-Jacques@etu.cegepjonquiere.ca','Goldman','Jean-Jacques','(418) 695-1952','(418) 695-2002','Goldman.Jean-Jacques@hotmail.com\r',NULL,NULL,NULL,NULL);
INSERT IGNORE INTO `tblStagiaire` (`Id`,`CourrielScolaire`,`Nom`,`Prenom`,`NumTelPersonnel`,`NumTelMaison`,`CourrielPersonnel`,`NumTelEntreprise`,`Poste`,`CourrielEntreprise`,`IdStage`) VALUES (30,'Gilbert.Kelle@etu.cegepjonquiere.ca','Gilbert','Kelle','(418) 695-1953','(418) 695-2003','Gilbert.Kelle@hotmail.com\r',NULL,NULL,NULL,NULL);
INSERT IGNORE INTO `tblStagiaire` (`Id`,`CourrielScolaire`,`Nom`,`Prenom`,`NumTelPersonnel`,`NumTelMaison`,`CourrielPersonnel`,`NumTelEntreprise`,`Poste`,`CourrielEntreprise`,`IdStage`) VALUES (31,'Tremblay.Arlene  @etu.cegepjonquiere.ca','Tremblay','Arlene  ','(418) 695-1954','(418) 695-2004','Tremblay.Arlene  @hotmail.com\r',NULL,NULL,NULL,NULL);
INSERT IGNORE INTO `tblStagiaire` (`Id`,`CourrielScolaire`,`Nom`,`Prenom`,`NumTelPersonnel`,`NumTelMaison`,`CourrielPersonnel`,`NumTelEntreprise`,`Poste`,`CourrielEntreprise`,`IdStage`) VALUES (32,'Bouchard.Enoch  @etu.cegepjonquiere.ca','Bouchard','Enoch  ','(418) 695-1955','(418) 695-2005','Bouchard.Enoch  @hotmail.com\r',NULL,NULL,NULL,NULL);
INSERT IGNORE INTO `tblStagiaire` (`Id`,`CourrielScolaire`,`Nom`,`Prenom`,`NumTelPersonnel`,`NumTelMaison`,`CourrielPersonnel`,`NumTelEntreprise`,`Poste`,`CourrielEntreprise`,`IdStage`) VALUES (33,'Duchesne.Marsha  @etu.cegepjonquiere.ca','Duchesne','Marsha  ','(418) 695-1956','(418) 695-2006','Duchesne.Marsha  @hotmail.com\r',NULL,NULL,NULL,NULL);
INSERT IGNORE INTO `tblStagiaire` (`Id`,`CourrielScolaire`,`Nom`,`Prenom`,`NumTelPersonnel`,`NumTelMaison`,`CourrielPersonnel`,`NumTelEntreprise`,`Poste`,`CourrielEntreprise`,`IdStage`) VALUES (34,'Poirier.Jeffrey  @etu.cegepjonquiere.ca','Poirier','Jeffrey  ','(418) 695-1957','(418) 695-2007','Poirier.Jeffrey  @hotmail.com\r',NULL,NULL,NULL,NULL);
INSERT IGNORE INTO `tblStagiaire` (`Id`,`CourrielScolaire`,`Nom`,`Prenom`,`NumTelPersonnel`,`NumTelMaison`,`CourrielPersonnel`,`NumTelEntreprise`,`Poste`,`CourrielEntreprise`,`IdStage`) VALUES (35,'Jean.Jaqueline  @etu.cegepjonquiere.ca','Jean','Jaqueline  ','(418) 695-1958','(418) 695-2008','Jean.Jaqueline  @hotmail.com\r',NULL,NULL,NULL,NULL);
INSERT IGNORE INTO `tblStagiaire` (`Id`,`CourrielScolaire`,`Nom`,`Prenom`,`NumTelPersonnel`,`NumTelMaison`,`CourrielPersonnel`,`NumTelEntreprise`,`Poste`,`CourrielEntreprise`,`IdStage`) VALUES (36,'Gilbert.Reita  @etu.cegepjonquiere.ca','Gilbert','Reita  ','(418) 695-1959','(418) 695-2009','Gilbert.Reita  @hotmail.com\r',NULL,NULL,NULL,NULL);
INSERT IGNORE INTO `tblStagiaire` (`Id`,`CourrielScolaire`,`Nom`,`Prenom`,`NumTelPersonnel`,`NumTelMaison`,`CourrielPersonnel`,`NumTelEntreprise`,`Poste`,`CourrielEntreprise`,`IdStage`) VALUES (37,'Tremblay.Alix  @etu.cegepjonquiere.ca','Tremblay','Alix  ','(418) 695-1960','(418) 695-2010','Tremblay.Alix  @hotmail.com\r',NULL,NULL,NULL,NULL);
INSERT IGNORE INTO `tblStagiaire` (`Id`,`CourrielScolaire`,`Nom`,`Prenom`,`NumTelPersonnel`,`NumTelMaison`,`CourrielPersonnel`,`NumTelEntreprise`,`Poste`,`CourrielEntreprise`,`IdStage`) VALUES (38,'Bouchard.Bruce  @etu.cegepjonquiere.ca','Bouchard','Bruce  ','(418) 695-1961','(418) 695-2011','Bouchard.Bruce  @hotmail.com\r',NULL,NULL,NULL,NULL);
INSERT IGNORE INTO `tblStagiaire` (`Id`,`CourrielScolaire`,`Nom`,`Prenom`,`NumTelPersonnel`,`NumTelMaison`,`CourrielPersonnel`,`NumTelEntreprise`,`Poste`,`CourrielEntreprise`,`IdStage`) VALUES (39,'Duchesne.Nickie  @etu.cegepjonquiere.ca','Duchesne','Nickie  ','(418) 695-1962','(418) 695-2012','Duchesne.Nickie  @hotmail.com\r',NULL,NULL,NULL,NULL);
INSERT IGNORE INTO `tblStagiaire` (`Id`,`CourrielScolaire`,`Nom`,`Prenom`,`NumTelPersonnel`,`NumTelMaison`,`CourrielPersonnel`,`NumTelEntreprise`,`Poste`,`CourrielEntreprise`,`IdStage`) VALUES (40,'Poirier.Jesusita  @etu.cegepjonquiere.ca','Poirier','Jesusita  ','(418) 695-1963','(418) 695-2013','Poirier.Jesusita  @hotmail.com\r',NULL,NULL,NULL,NULL);
INSERT IGNORE INTO `tblStagiaire` (`Id`,`CourrielScolaire`,`Nom`,`Prenom`,`NumTelPersonnel`,`NumTelMaison`,`CourrielPersonnel`,`NumTelEntreprise`,`Poste`,`CourrielEntreprise`,`IdStage`) VALUES (41,'Jean.Marylou  @etu.cegepjonquiere.ca','Jean','Marylou  ','(418) 695-1964','(418) 695-2014','Jean.Marylou  @hotmail.com\r',NULL,NULL,NULL,NULL);
INSERT IGNORE INTO `tblStagiaire` (`Id`,`CourrielScolaire`,`Nom`,`Prenom`,`NumTelPersonnel`,`NumTelMaison`,`CourrielPersonnel`,`NumTelEntreprise`,`Poste`,`CourrielEntreprise`,`IdStage`) VALUES (42,'Gilbert.Mariam  @etu.cegepjonquiere.ca','Gilbert','Mariam  ','(418) 695-1965','(418) 695-2015','Gilbert.Mariam  @hotmail.com\r',NULL,NULL,NULL,NULL);
INSERT IGNORE INTO `tblStagiaire` (`Id`,`CourrielScolaire`,`Nom`,`Prenom`,`NumTelPersonnel`,`NumTelMaison`,`CourrielPersonnel`,`NumTelEntreprise`,`Poste`,`CourrielEntreprise`,`IdStage`) VALUES (43,'Tremblay.Dorine  @etu.cegepjonquiere.ca','Tremblay','Dorine  ','(418) 695-1966','(418) 695-2016','Tremblay.Dorine  @hotmail.com\r',NULL,NULL,NULL,NULL);
INSERT IGNORE INTO `tblStagiaire` (`Id`,`CourrielScolaire`,`Nom`,`Prenom`,`NumTelPersonnel`,`NumTelMaison`,`CourrielPersonnel`,`NumTelEntreprise`,`Poste`,`CourrielEntreprise`,`IdStage`) VALUES (44,'Bouchard.Wiley  @etu.cegepjonquiere.ca','Bouchard','Wiley  ','(418) 695-1967','(418) 695-2017','Bouchard.Wiley  @hotmail.com\r',NULL,NULL,NULL,NULL);
INSERT IGNORE INTO `tblStagiaire` (`Id`,`CourrielScolaire`,`Nom`,`Prenom`,`NumTelPersonnel`,`NumTelMaison`,`CourrielPersonnel`,`NumTelEntreprise`,`Poste`,`CourrielEntreprise`,`IdStage`) VALUES (45,'Duchesne.Julissa  @etu.cegepjonquiere.ca','Duchesne','Julissa  ','(418) 695-1968','(418) 695-2018','Duchesne.Julissa  @hotmail.com\r',NULL,NULL,NULL,NULL);
INSERT IGNORE INTO `tblStagiaire` (`Id`,`CourrielScolaire`,`Nom`,`Prenom`,`NumTelPersonnel`,`NumTelMaison`,`CourrielPersonnel`,`NumTelEntreprise`,`Poste`,`CourrielEntreprise`,`IdStage`) VALUES (46,'Poirier.Nery  @etu.cegepjonquiere.ca','Poirier','Nery  ','(418) 695-1969','(418) 695-2019','Poirier.Nery  @hotmail.com\r',NULL,NULL,NULL,NULL);
INSERT IGNORE INTO `tblStagiaire` (`Id`,`CourrielScolaire`,`Nom`,`Prenom`,`NumTelPersonnel`,`NumTelMaison`,`CourrielPersonnel`,`NumTelEntreprise`,`Poste`,`CourrielEntreprise`,`IdStage`) VALUES (47,'Jean.Rena  @etu.cegepjonquiere.ca','Jean','Rena  ','(418) 695-1970','(418) 695-2020','Jean.Rena  @hotmail.com\r',NULL,NULL,NULL,NULL);
INSERT IGNORE INTO `tblStagiaire` (`Id`,`CourrielScolaire`,`Nom`,`Prenom`,`NumTelPersonnel`,`NumTelMaison`,`CourrielPersonnel`,`NumTelEntreprise`,`Poste`,`CourrielEntreprise`,`IdStage`) VALUES (48,'Gilbert.Olene  @etu.cegepjonquiere.ca','Gilbert','Olene  ','(418) 695-1971','(418) 695-2021','Gilbert.Olene  @hotmail.com\r',NULL,NULL,NULL,NULL);
INSERT IGNORE INTO `tblStagiaire` (`Id`,`CourrielScolaire`,`Nom`,`Prenom`,`NumTelPersonnel`,`NumTelMaison`,`CourrielPersonnel`,`NumTelEntreprise`,`Poste`,`CourrielEntreprise`,`IdStage`) VALUES (49,'Tremblay.Arlen  @etu.cegepjonquiere.ca','Tremblay','Arlen  ','(418) 695-1972','(418) 695-2022','Tremblay.Arlen  @hotmail.com\r',NULL,NULL,NULL,NULL);
INSERT IGNORE INTO `tblStagiaire` (`Id`,`CourrielScolaire`,`Nom`,`Prenom`,`NumTelPersonnel`,`NumTelMaison`,`CourrielPersonnel`,`NumTelEntreprise`,`Poste`,`CourrielEntreprise`,`IdStage`) VALUES (50,'Bouchard.Chassidy  @etu.cegepjonquiere.ca','Bouchard','Chassidy  ','(418) 695-1973','(418) 695-2023','Bouchard.Chassidy  @hotmail.com\r',NULL,NULL,NULL,NULL);


INSERT IGNORE INTO `tblEntreprise` (`Id`,`CourrielEntreprise`,`Nom`,`NumTel`,`NumCivique`,`Rue`,`Ville`,`Province`,`CodePostal`,`Logo`) VALUES (1,'BanTheB@hotmail.com','BanTheB','(394) 202-8610','4205','Bridl','Bangkok','QC','10956','');
INSERT IGNORE INTO `tblEntreprise` (`Id`,`CourrielEntreprise`,`Nom`,`NumTel`,`NumCivique`,`Rue`,`Ville`,`Province`,`CodePostal`,`Logo`) VALUES (2,'NaiBent@hotmail.com','NaiBent','(999) 523-1080','7179','Wood','Nairobi','ON','7960','');
INSERT IGNORE INTO `tblEntreprise` (`Id`,`CourrielEntreprise`,`Nom`,`NumTel`,`NumCivique`,`Rue`,`Ville`,`Province`,`CodePostal`,`Logo`) VALUES (3,'BeiUnsu@hotmail.com','BeiUnsu','(881) 230-7006','8350','Monro','Beijing','MA','77904','');
INSERT IGNORE INTO `tblEntreprise` (`Id`,`CourrielEntreprise`,`Nom`,`NumTel`,`NumCivique`,`Rue`,`Ville`,`Province`,`CodePostal`,`Logo`) VALUES (4,'DhaDeco@hotmail.com','DhaDeco','(817) 975-5623','7317','Cathe','Dhaka','AL','32904','');
INSERT IGNORE INTO `tblEntreprise` (`Id`,`CourrielEntreprise`,`Nom`,`NumTel`,`NumCivique`,`Rue`,`Ville`,`Province`,`CodePostal`,`Logo`) VALUES (5,'BanDisc@hotmail.com','BanDisc','(106) 218-4313','8764','Madis','Bangalore','BC','29710','');
INSERT IGNORE INTO `tblEntreprise` (`Id`,`CourrielEntreprise`,`Nom`,`NumTel`,`NumCivique`,`Rue`,`Ville`,`Province`,`CodePostal`,`Logo`) VALUES (6,'MexRoma@hotmail.com','MexRoma','(789) 858-4542','8906','Chest','Mexico City','NB','97124','');
INSERT IGNORE INTO `tblEntreprise` (`Id`,`CourrielEntreprise`,`Nom`,`NumTel`,`NumCivique`,`Rue`,`Ville`,`Province`,`CodePostal`,`Logo`) VALUES (7,'IstPeti@hotmail.com','IstPeti','(691) 509-4840','7866','Cemet','Istanbul','ON','11572','');
INSERT IGNORE INTO `tblEntreprise` (`Id`,`CourrielEntreprise`,`Nom`,`NumTel`,`NumCivique`,`Rue`,`Ville`,`Province`,`CodePostal`,`Logo`) VALUES (8,'JohVers@hotmail.com','JohVers','(785) 459-1547','5058','River','Johannesburg','QC','4401','');
INSERT IGNORE INTO `tblEntreprise` (`Id`,`CourrielEntreprise`,`Nom`,`NumTel`,`NumCivique`,`Rue`,`Ville`,`Province`,`CodePostal`,`Logo`) VALUES (9,'PyoEner@hotmail.com','PyoEner','(412) 959-1915','2602','Winds','Pyongyang','NB','11010','');
INSERT IGNORE INTO `tblEntreprise` (`Id`,`CourrielEntreprise`,`Nom`,`NumTel`,`NumCivique`,`Rue`,`Ville`,`Province`,`CodePostal`,`Logo`) VALUES (10,'LahAbra@hotmail.com','LahAbra','(148) 862-4114','6474','Deerf','Lahore','MA','11554','');
INSERT IGNORE INTO `tblEntreprise` (`Id`,`CourrielEntreprise`,`Nom`,`NumTel`,`NumCivique`,`Rue`,`Ville`,`Province`,`CodePostal`,`Logo`) VALUES (11,'JakUnhe@hotmail.com','JakUnhe','(473) 401-6167','6455','Hill','Jakarta','BC','2864','');
INSERT IGNORE INTO `tblEntreprise` (`Id`,`CourrielEntreprise`,`Nom`,`NumTel`,`NumCivique`,`Rue`,`Ville`,`Province`,`CodePostal`,`Logo`) VALUES (12,'YanRoas@hotmail.com','YanRoas','(946) 163-6382','1133','Cedar','Yangon','QC','33160','');
INSERT IGNORE INTO `tblEntreprise` (`Id`,`CourrielEntreprise`,`Nom`,`NumTel`,`NumCivique`,`Rue`,`Ville`,`Province`,`CodePostal`,`Logo`) VALUES (13,'TiaVigo@hotmail.com','TiaVigo','(968) 746-0811','9796','Locus','Tianjin','AL','27302','');
INSERT IGNORE INTO `tblEntreprise` (`Id`,`CourrielEntreprise`,`Nom`,`NumTel`,`NumCivique`,`Rue`,`Ville`,`Province`,`CodePostal`,`Logo`) VALUES (14,'Ho_Boil@hotmail.com','Ho Boil','(380) 236-0580','9062','8th A','Ho Chi Minh City','ON','0102A','');
INSERT IGNORE INTO `tblEntreprise` (`Id`,`CourrielEntreprise`,`Nom`,`NumTel`,`NumCivique`,`Rue`,`Ville`,`Province`,`CodePostal`,`Logo`) VALUES (15,'ShaColo@hotmail.com','ShaColo','(508) 684-3506','3781','Ridge','Shanghai','NB','44663','');
INSERT IGNORE INTO `tblEntreprise` (`Id`,`CourrielEntreprise`,`Nom`,`NumTel`,`NumCivique`,`Rue`,`Ville`,`Province`,`CodePostal`,`Logo`) VALUES (16,'DonObse@hotmail.com','DonObse','(772) 919-8834','1504','Highl','Dongguan','QC','5211C','');
INSERT IGNORE INTO `tblEntreprise` (`Id`,`CourrielEntreprise`,`Nom`,`NumTel`,`NumCivique`,`Rue`,`Ville`,`Province`,`CodePostal`,`Logo`) VALUES (17,'DelSpec@hotmail.com','DelSpec','(568) 416-5712','6152','Primr','Delhi','NB','31204','');
INSERT IGNORE INTO `tblEntreprise` (`Id`,`CourrielEntreprise`,`Nom`,`NumTel`,`NumCivique`,`Rue`,`Ville`,`Province`,`CodePostal`,`Logo`) VALUES (18,'JaiMeat@hotmail.com','JaiMeat','(210) 266-3958','2559','Amher','Jaipur','MA','20815','');
INSERT IGNORE INTO `tblEntreprise` (`Id`,`CourrielEntreprise`,`Nom`,`NumTel`,`NumCivique`,`Rue`,`Ville`,`Province`,`CodePostal`,`Logo`) VALUES (19,'GuaUnru@hotmail.com','GuaUnru','(801) 283-4613','9867','Cherr','Guangzhou','BC','60047','');
INSERT IGNORE INTO `tblEntreprise` (`Id`,`CourrielEntreprise`,`Nom`,`NumTel`,`NumCivique`,`Rue`,`Ville`,`Province`,`CodePostal`,`Logo`) VALUES (20,'HanWate@hotmail.com','HanWate','(926) 322-8197','1671','Durha','Hanoi','AL','33040','');
INSERT IGNORE INTO `tblEntreprise` (`Id`,`CourrielEntreprise`,`Nom`,`NumTel`,`NumCivique`,`Rue`,`Ville`,`Province`,`CodePostal`,`Logo`) VALUES (21,'SheSmar@hotmail.com','SheSmar','(959) 393-0840','1839','Mulbe','Shenzhen','QC','11725','');
INSERT IGNORE INTO `tblEntreprise` (`Id`,`CourrielEntreprise`,`Nom`,`NumTel`,`NumCivique`,`Rue`,`Ville`,`Province`,`CodePostal`,`Logo`) VALUES (22,'AddNorm@hotmail.com','AddNorm','(234) 133-0090','5865','Overl','Addis Ababa','ON','16506','');
INSERT IGNORE INTO `tblEntreprise` (`Id`,`CourrielEntreprise`,`Nom`,`NumTel`,`NumCivique`,`Rue`,`Ville`,`Province`,`CodePostal`,`Logo`) VALUES (23,'HonRamp@hotmail.com','HonRamp','(638) 109-3878','3701','Andov','Hong Kong','MA','19020','');
INSERT IGNORE INTO `tblEntreprise` (`Id`,`CourrielEntreprise`,`Nom`,`NumTel`,`NumCivique`,`Rue`,`Ville`,`Province`,`CodePostal`,`Logo`) VALUES (24,'JedPerf@hotmail.com','JedPerf','(117) 367-1230','7341','5th S','Jeddah','NB','60201','');
INSERT IGNORE INTO `tblEntreprise` (`Id`,`CourrielEntreprise`,`Nom`,`NumTel`,`NumCivique`,`Rue`,`Ville`,`Province`,`CodePostal`,`Logo`) VALUES (25,'AhmSlim@hotmail.com','AhmSlim','(545) 729-9971','1923','Adams','Ahmedabad','AL','51501','');
INSERT IGNORE INTO `tblEntreprise` (`Id`,`CourrielEntreprise`,`Nom`,`NumTel`,`NumCivique`,`Rue`,`Ville`,`Province`,`CodePostal`,`Logo`) VALUES (26,'MosChiv@hotmail.com','MosChiv','(540) 520-6850','2364','Main','Moscow','QC','44122','');
INSERT IGNORE INTO `tblEntreprise` (`Id`,`CourrielEntreprise`,`Nom`,`NumTel`,`NumCivique`,`Rue`,`Ville`,`Province`,`CodePostal`,`Logo`) VALUES (27,'TehSudd@hotmail.com','TehSudd','(652) 160-4165','6835','Divis','Tehran','ON','13440','');
INSERT IGNORE INTO `tblEntreprise` (`Id`,`CourrielEntreprise`,`Nom`,`NumTel`,`NumCivique`,`Rue`,`Ville`,`Province`,`CodePostal`,`Logo`) VALUES (28,'Cudd@hotmail.com','Cudd','(238) 213-1521','5485','Cobbl','','NB','16001','');
INSERT IGNORE INTO `tblEntreprise` (`Id`,`CourrielEntreprise`,`Nom`,`NumTel`,`NumCivique`,`Rue`,`Ville`,`Province`,`CodePostal`,`Logo`) VALUES (29,'MadHuge@hotmail.com','MadHuge','(126) 824-3280','5295','Route','Madrid','MA','29550','');
INSERT IGNORE INTO `tblEntreprise` (`Id`,`CourrielEntreprise`,`Nom`,`NumTel`,`NumCivique`,`Rue`,`Ville`,`Province`,`CodePostal`,`Logo`) VALUES (30,'SurWrat@hotmail.com','SurWrat','(640) 317-7482','9669','Everg','Surat','ON','46383','');
INSERT IGNORE INTO `tblEntreprise` (`Id`,`CourrielEntreprise`,`Nom`,`NumTel`,`NumCivique`,`Rue`,`Ville`,`Province`,`CodePostal`,`Logo`) VALUES (31,'SanRasp@hotmail.com','SanRasp','(386) 720-7754','6148','Hanov','Santiago','AL','6051','');
INSERT IGNORE INTO `tblEntreprise` (`Id`,`CourrielEntreprise`,`Nom`,`NumTel`,`NumCivique`,`Rue`,`Ville`,`Province`,`CodePostal`,`Logo`) VALUES (32,'DurLame@hotmail.com','DurLame','(821) 309-9772','6812','Route','Durban','NB','11776','');
INSERT IGNORE INTO `tblEntreprise` (`Id`,`CourrielEntreprise`,`Nom`,`NumTel`,`NumCivique`,`Rue`,`Ville`,`Province`,`CodePostal`,`Logo`) VALUES (33,'HydQuai@hotmail.com','HydQuai','(574) 301-2789','2701','Cardi','Hyderabad','BC','6111','');
INSERT IGNORE INTO `tblEntreprise` (`Id`,`CourrielEntreprise`,`Nom`,`NumTel`,`NumCivique`,`Rue`,`Ville`,`Province`,`CodePostal`,`Logo`) VALUES (34,'BagCold@hotmail.com','BagCold','(364) 828-0003','5879','Route','Baghdad','QC','43026','');
INSERT IGNORE INTO `tblEntreprise` (`Id`,`CourrielEntreprise`,`Nom`,`NumTel`,`NumCivique`,`Rue`,`Ville`,`Province`,`CodePostal`,`Logo`) VALUES (35,'BusGuil@hotmail.com','BusGuil','(463) 352-3104','1613','Brook','Busan','ON','23320','');
INSERT IGNORE INTO `tblEntreprise` (`Id`,`CourrielEntreprise`,`Nom`,`NumTel`,`NumCivique`,`Rue`,`Ville`,`Province`,`CodePostal`,`Logo`) VALUES (36,'NaiThic@hotmail.com','NaiThic','(872) 761-9930','2254','Rose','Nairobi','NB','90008','');
INSERT IGNORE INTO `tblEntreprise` (`Id`,`CourrielEntreprise`,`Nom`,`NumTel`,`NumCivique`,`Rue`,`Ville`,`Province`,`CodePostal`,`Logo`) VALUES (37,'SheLivi@hotmail.com','SheLivi','(655) 256-7667','7909','East','Shenyang','ON','4240','');
INSERT IGNORE INTO `tblEntreprise` (`Id`,`CourrielEntreprise`,`Nom`,`NumTel`,`NumCivique`,`Rue`,`Ville`,`Province`,`CodePostal`,`Logo`) VALUES (38,'CheNebu@hotmail.com','CheNebu','(688) 488-6436','3892','Canal','Chennai','NB','44133','');
INSERT IGNORE INTO `tblEntreprise` (`Id`,`CourrielEntreprise`,`Nom`,`NumTel`,`NumCivique`,`Rue`,`Ville`,`Province`,`CodePostal`,`Logo`) VALUES (39,'RiyYiel@hotmail.com','RiyYiel','(979) 804-2989','5618','Myrtl','Riyadh','MA','1851','');
INSERT IGNORE INTO `tblEntreprise` (`Id`,`CourrielEntreprise`,`Nom`,`NumTel`,`NumCivique`,`Rue`,`Ville`,`Province`,`CodePostal`,`Logo`) VALUES (40,'AbiMyst@hotmail.com','AbiMyst','(512) 726-0509','9745','Hamil','Abidjan','BC','46901','');
INSERT IGNORE INTO `tblEntreprise` (`Id`,`CourrielEntreprise`,`Nom`,`NumTel`,`NumCivique`,`Rue`,`Ville`,`Province`,`CodePostal`,`Logo`) VALUES (41,'AnkSubd@hotmail.com','AnkSubd','(634) 958-7518','1399','Orang','Ankara','ON','34203','');
INSERT IGNORE INTO `tblEntreprise` (`Id`,`CourrielEntreprise`,`Nom`,`NumTel`,`NumCivique`,`Rue`,`Ville`,`Province`,`CodePostal`,`Logo`) VALUES (42,'CasWiry@hotmail.com','CasWiry','(560) 337-9093','2587','Smith','Casablanca','QC','46060','');
INSERT IGNORE INTO `tblEntreprise` (`Id`,`CourrielEntreprise`,`Nom`,`NumTel`,`NumCivique`,`Rue`,`Ville`,`Province`,`CodePostal`,`Logo`) VALUES (43,'BerBrig@hotmail.com','BerBrig','(947) 767-6257','4583','8th S','Berlin','NB','72209','');
INSERT IGNORE INTO `tblEntreprise` (`Id`,`CourrielEntreprise`,`Nom`,`NumTel`,`NumCivique`,`Rue`,`Ville`,`Province`,`CodePostal`,`Logo`) VALUES (44,'BanToot@hotmail.com','BanToot','(759) 407-7378','8734','High','Bangkok','MA','41017','');
INSERT IGNORE INTO `tblEntreprise` (`Id`,`CourrielEntreprise`,`Nom`,`NumTel`,`NumCivique`,`Rue`,`Ville`,`Province`,`CodePostal`,`Logo`) VALUES (45,'NewFar@hotmail.com','NewFar','(322) 157-3038','7875','Lafay','New Taipei City','ON','71730','');
INSERT IGNORE INTO `tblEntreprise` (`Id`,`CourrielEntreprise`,`Nom`,`NumTel`,`NumCivique`,`Rue`,`Ville`,`Province`,`CodePostal`,`Logo`) VALUES (46,'YokAbso@hotmail.com','YokAbso','(506) 460-6300','4597','Ashle','Yokohama','AL','91762','');
INSERT IGNORE INTO `tblEntreprise` (`Id`,`CourrielEntreprise`,`Nom`,`NumTel`,`NumCivique`,`Rue`,`Ville`,`Province`,`CodePostal`,`Logo`) VALUES (47,'NewDisi@hotmail.com','NewDisi','(835) 755-2430','6185','Creek','New York City','QC','60031','');
INSERT IGNORE INTO `tblEntreprise` (`Id`,`CourrielEntreprise`,`Nom`,`NumTel`,`NumCivique`,`Rue`,`Ville`,`Province`,`CodePostal`,`Logo`) VALUES (48,'LosApat@hotmail.com','LosApat','(543) 170-6043','6098','Frank','Los Angeles','MA','29910','');
INSERT IGNORE INTO `tblEntreprise` (`Id`,`CourrielEntreprise`,`Nom`,`NumTel`,`NumCivique`,`Rue`,`Ville`,`Province`,`CodePostal`,`Logo`) VALUES (49,'JakStin@hotmail.com','JakStin','(349) 919-6016','3996','Taylo','Jakarta','MA','32765','');
INSERT IGNORE INTO `tblEntreprise` (`Id`,`CourrielEntreprise`,`Nom`,`NumTel`,`NumCivique`,`Rue`,`Ville`,`Province`,`CodePostal`,`Logo`) VALUES (50,'TiaIncr@hotmail.com','TiaIncr','(120) 850-8973','7710','Route','Tianjin','ON','60056','');



INSERT IGNORE INTO `tblEvaluation` (`Statut`,`idTypeEvaluation`) VALUES (0,1);
INSERT IGNORE INTO `tblEvaluation` (`Statut`,`idTypeEvaluation`) VALUES (0,2);
INSERT IGNORE INTO `tblEvaluation` (`Statut`,`idTypeEvaluation`) VALUES (0,1);
INSERT IGNORE INTO `tblEvaluation` (`Statut`,`idTypeEvaluation`) VALUES (1,2);
INSERT IGNORE INTO `tblEvaluation` (`Statut`,`idTypeEvaluation`) VALUES (0,1);
INSERT IGNORE INTO `tblEvaluation` (`Statut`,`idTypeEvaluation`) VALUES (0,2);
INSERT IGNORE INTO `tblEvaluation` (`Statut`,`idTypeEvaluation`) VALUES (0,1);
INSERT IGNORE INTO `tblEvaluation` (`Statut`,`idTypeEvaluation`) VALUES (0,2);
INSERT IGNORE INTO `tblEvaluation` (`Statut`,`idTypeEvaluation`) VALUES (0,1);
INSERT IGNORE INTO `tblEvaluation` (`Statut`,`idTypeEvaluation`) VALUES (0,2);
INSERT IGNORE INTO `tblEvaluation` (`Statut`,`idTypeEvaluation`) VALUES (0,1);
INSERT IGNORE INTO `tblEvaluation` (`Statut`,`idTypeEvaluation`) VALUES (0,2);
INSERT IGNORE INTO `tblEvaluation` (`Statut`,`idTypeEvaluation`) VALUES (0,1);
INSERT IGNORE INTO `tblEvaluation` (`Statut`,`idTypeEvaluation`) VALUES (0,2);
INSERT IGNORE INTO `tblEvaluation` (`Statut`,`idTypeEvaluation`) VALUES (0,1);
INSERT IGNORE INTO `tblEvaluation` (`Statut`,`idTypeEvaluation`) VALUES (0,2);
INSERT IGNORE INTO `tblEvaluation` (`Statut`,`idTypeEvaluation`) VALUES (0,1);
INSERT IGNORE INTO `tblEvaluation` (`Statut`,`idTypeEvaluation`) VALUES (0,2);
INSERT IGNORE INTO `tblEvaluation` (`Statut`,`idTypeEvaluation`) VALUES (0,1);
INSERT IGNORE INTO `tblEvaluation` (`Statut`,`idTypeEvaluation`) VALUES (0,2);
INSERT IGNORE INTO `tblEvaluation` (`Statut`,`idTypeEvaluation`) VALUES (0,1);
INSERT IGNORE INTO `tblEvaluation` (`Statut`,`idTypeEvaluation`) VALUES (0,2);
INSERT IGNORE INTO `tblEvaluation` (`Statut`,`idTypeEvaluation`) VALUES (0,1);
INSERT IGNORE INTO `tblEvaluation` (`Statut`,`idTypeEvaluation`) VALUES (0,2);
INSERT IGNORE INTO `tblEvaluation` (`Statut`,`idTypeEvaluation`) VALUES (0,1);
INSERT IGNORE INTO `tblEvaluation` (`Statut`,`idTypeEvaluation`) VALUES (0,2);
INSERT IGNORE INTO `tblEvaluation` (`Statut`,`idTypeEvaluation`) VALUES (0,1);
INSERT IGNORE INTO `tblEvaluation` (`Statut`,`idTypeEvaluation`) VALUES (0,2);
INSERT IGNORE INTO `tblEvaluation` (`Statut`,`idTypeEvaluation`) VALUES (0,1);
INSERT IGNORE INTO `tblEvaluation` (`Statut`,`idTypeEvaluation`) VALUES (0,2);
INSERT IGNORE INTO `tblEvaluation` (`Statut`,`idTypeEvaluation`) VALUES (0,1);
INSERT IGNORE INTO `tblEvaluation` (`Statut`,`idTypeEvaluation`) VALUES (0,2);
INSERT IGNORE INTO `tblEvaluation` (`Statut`,`idTypeEvaluation`) VALUES (0,1);
INSERT IGNORE INTO `tblEvaluation` (`Statut`,`idTypeEvaluation`) VALUES (0,2);
INSERT IGNORE INTO `tblEvaluation` (`Statut`,`idTypeEvaluation`) VALUES (0,1);
INSERT IGNORE INTO `tblEvaluation` (`Statut`,`idTypeEvaluation`) VALUES (0,2);
INSERT IGNORE INTO `tblEvaluation` (`Statut`,`idTypeEvaluation`) VALUES (0,1);
INSERT IGNORE INTO `tblEvaluation` (`Statut`,`idTypeEvaluation`) VALUES (1,2);
INSERT IGNORE INTO `tblEvaluation` (`Statut`,`idTypeEvaluation`) VALUES (0,1);
INSERT IGNORE INTO `tblEvaluation` (`Statut`,`idTypeEvaluation`) VALUES (0,2);
INSERT IGNORE INTO `tblEvaluation` (`Statut`,`idTypeEvaluation`) VALUES (0,1);
INSERT IGNORE INTO `tblEvaluation` (`Statut`,`idTypeEvaluation`) VALUES (0,2);
INSERT IGNORE INTO `tblEvaluation` (`Statut`,`idTypeEvaluation`) VALUES (0,1);
INSERT IGNORE INTO `tblEvaluation` (`Statut`,`idTypeEvaluation`) VALUES (0,2);
INSERT IGNORE INTO `tblEvaluation` (`Statut`,`idTypeEvaluation`) VALUES (0,1);
INSERT IGNORE INTO `tblEvaluation` (`Statut`,`idTypeEvaluation`) VALUES (0,2);
INSERT IGNORE INTO `tblEvaluation` (`Statut`,`idTypeEvaluation`) VALUES (0,1);
INSERT IGNORE INTO `tblEvaluation` (`Statut`,`idTypeEvaluation`) VALUES (0,2);
INSERT IGNORE INTO `tblEvaluation` (`Statut`,`idTypeEvaluation`) VALUES (0,1);
INSERT IGNORE INTO `tblEvaluation` (`Statut`,`idTypeEvaluation`) VALUES (0,2);
INSERT IGNORE INTO `tblEvaluation` (`Statut`,`idTypeEvaluation`) VALUES (0,1);
INSERT IGNORE INTO `tblEvaluation` (`Statut`,`idTypeEvaluation`) VALUES (0,2);
INSERT IGNORE INTO `tblEvaluation` (`Statut`,`idTypeEvaluation`) VALUES (0,1);
INSERT IGNORE INTO `tblEvaluation` (`Statut`,`idTypeEvaluation`) VALUES (0,2);
INSERT IGNORE INTO `tblEvaluation` (`Statut`,`idTypeEvaluation`) VALUES (0,1);
INSERT IGNORE INTO `tblEvaluation` (`Statut`,`idTypeEvaluation`) VALUES (0,2);
INSERT IGNORE INTO `tblEvaluation` (`Statut`,`idTypeEvaluation`) VALUES (0,1);
INSERT IGNORE INTO `tblEvaluation` (`Statut`,`idTypeEvaluation`) VALUES (0,2);
INSERT IGNORE INTO `tblEvaluation` (`Statut`,`idTypeEvaluation`) VALUES (0,1);
INSERT IGNORE INTO `tblEvaluation` (`Statut`,`idTypeEvaluation`) VALUES (0,2);
INSERT IGNORE INTO `tblEvaluation` (`Statut`,`idTypeEvaluation`) VALUES (0,1);
INSERT IGNORE INTO `tblEvaluation` (`Statut`,`idTypeEvaluation`) VALUES (0,2);
INSERT IGNORE INTO `tblEvaluation` (`Statut`,`idTypeEvaluation`) VALUES (0,1);
INSERT IGNORE INTO `tblEvaluation` (`Statut`,`idTypeEvaluation`) VALUES (0,2);
INSERT IGNORE INTO `tblEvaluation` (`Statut`,`idTypeEvaluation`) VALUES (0,1);
INSERT IGNORE INTO `tblEvaluation` (`Statut`,`idTypeEvaluation`) VALUES (0,2);
INSERT IGNORE INTO `tblEvaluation` (`Statut`,`idTypeEvaluation`) VALUES (0,1);
INSERT IGNORE INTO `tblEvaluation` (`Statut`,`idTypeEvaluation`) VALUES (0,2);
INSERT IGNORE INTO `tblEvaluation` (`Statut`,`idTypeEvaluation`) VALUES (0,1);
INSERT IGNORE INTO `tblEvaluation` (`Statut`,`idTypeEvaluation`) VALUES (0,2);
INSERT IGNORE INTO `tblEvaluation` (`Statut`,`idTypeEvaluation`) VALUES (0,1);
INSERT IGNORE INTO `tblEvaluation` (`Statut`,`idTypeEvaluation`) VALUES (0,2);
INSERT IGNORE INTO `tblEvaluation` (`Statut`,`idTypeEvaluation`) VALUES (0,1);
INSERT IGNORE INTO `tblEvaluation` (`Statut`,`idTypeEvaluation`) VALUES (0,2);
INSERT IGNORE INTO `tblEvaluation` (`Statut`,`idTypeEvaluation`) VALUES (0,1);
INSERT IGNORE INTO `tblEvaluation` (`Statut`,`idTypeEvaluation`) VALUES (0,2);
INSERT IGNORE INTO `tblEvaluation` (`Statut`,`idTypeEvaluation`) VALUES (0,1);
INSERT IGNORE INTO `tblEvaluation` (`Statut`,`idTypeEvaluation`) VALUES (0,2);
INSERT IGNORE INTO `tblEvaluation` (`Statut`,`idTypeEvaluation`) VALUES (0,1);
INSERT IGNORE INTO `tblEvaluation` (`Statut`,`idTypeEvaluation`) VALUES (0,2);
INSERT IGNORE INTO `tblEvaluation` (`Statut`,`idTypeEvaluation`) VALUES (0,1);
INSERT IGNORE INTO `tblEvaluation` (`Statut`,`idTypeEvaluation`) VALUES (0,2);
INSERT IGNORE INTO `tblEvaluation` (`Statut`,`idTypeEvaluation`) VALUES (0,1);
INSERT IGNORE INTO `tblEvaluation` (`Statut`,`idTypeEvaluation`) VALUES (0,2);
INSERT IGNORE INTO `tblEvaluation` (`Statut`,`idTypeEvaluation`) VALUES (0,1);
INSERT IGNORE INTO `tblEvaluation` (`Statut`,`idTypeEvaluation`) VALUES (0,2);
INSERT IGNORE INTO `tblEvaluation` (`Statut`,`idTypeEvaluation`) VALUES (0,1);
INSERT IGNORE INTO `tblEvaluation` (`Statut`,`idTypeEvaluation`) VALUES (0,2);
INSERT IGNORE INTO `tblEvaluation` (`Statut`,`idTypeEvaluation`) VALUES (0,1);
INSERT IGNORE INTO `tblEvaluation` (`Statut`,`idTypeEvaluation`) VALUES (0,2);
INSERT IGNORE INTO `tblEvaluation` (`Statut`,`idTypeEvaluation`) VALUES (0,1);
INSERT IGNORE INTO `tblEvaluation` (`Statut`,`idTypeEvaluation`) VALUES (0,2);
INSERT IGNORE INTO `tblEvaluation` (`Statut`,`idTypeEvaluation`) VALUES (0,1);
INSERT IGNORE INTO `tblEvaluation` (`Statut`,`idTypeEvaluation`) VALUES (0,2);
INSERT IGNORE INTO `tblEvaluation` (`Statut`,`idTypeEvaluation`) VALUES (0,1);
INSERT IGNORE INTO `tblEvaluation` (`Statut`,`idTypeEvaluation`) VALUES (0,2);
INSERT IGNORE INTO `tblEvaluation` (`Statut`,`idTypeEvaluation`) VALUES (0,1);
INSERT IGNORE INTO `tblEvaluation` (`Statut`,`idTypeEvaluation`) VALUES (0,2);
INSERT IGNORE INTO `tblEvaluation` (`Statut`,`idTypeEvaluation`) VALUES (0,1);
INSERT IGNORE INTO `tblEvaluation` (`Statut`,`idTypeEvaluation`) VALUES (0,2);

INSERT IGNORE INTO `tblTypeEvaluation` (`Id`,`Titre`,`DateLimite`) VALUES (1,'Évaluation mi-stage.','2017-02-15');
INSERT IGNORE INTO `tblTypeEvaluation` (`Id`,`Titre`,`DateLimite`) VALUES (2,'Évaluation finale','2017-03-30');
INSERT IGNORE INTO `tblTypeEvaluation` (`Id`,`Titre`,`DateLimite`) VALUES (3,'Évaluation de la formation','2017-04-15');


INSERT IGNORE INTO `tblQuestionChoixReponse` (`Id`,`Texte`) VALUES (1,'Intégration dans le milieu ');
INSERT IGNORE INTO `tblQuestionChoixReponse` (`Id`,`Texte`) VALUES (2,'Ponctualité L’élève stagiaire est-il ou est-elle constamment à l''heure à son travail?');
INSERT IGNORE INTO `tblQuestionChoixReponse` (`Id`,`Texte`) VALUES (3,'L’élève stagiaire est-il ou est-elle sérieux-se, réfléchie et endosse-t-il ou endosse-t-elle les actes qu''il ou elle pose dans l''exécution de ses tâches?');
INSERT IGNORE INTO `tblQuestionChoixReponse` (`Id`,`Texte`) VALUES (4,'L’élève stagiaire manifeste-t-il ou manifeste-t-elle un intérêt soutenu à l''égard de son travail?');
INSERT IGNORE INTO `tblQuestionChoixReponse` (`Id`,`Texte`) VALUES (5,'L’élève stagiaire adopte-t-il ou adopte-t-elle la tenue exigée par les circonstances et le milieu professionnel? ');
INSERT IGNORE INTO `tblQuestionChoixReponse` (`Id`,`Texte`) VALUES (6,'L’élève stagiaire adopte-t-il ou adopte-t-elle le comportement exigé par les circonstances et le milieu professionnel?');
INSERT IGNORE INTO `tblQuestionChoixReponse` (`Id`,`Texte`) VALUES (7,'Planification du travail');
INSERT IGNORE INTO `tblQuestionChoixReponse` (`Id`,`Texte`) VALUES (8,'Choix de la méthode de travail');
INSERT IGNORE INTO `tblQuestionChoixReponse` (`Id`,`Texte`) VALUES (9,'L’élève stagiaire fait-il ou fait-elle preuve d''une application constante dans son travail? ');
INSERT IGNORE INTO `tblQuestionChoixReponse` (`Id`,`Texte`) VALUES (10,'L’élève stagiaire fournit-il ou fournit-elle un travail de qualité tant sur la  forme que sur le fond? ');
INSERT IGNORE INTO `tblQuestionChoixReponse` (`Id`,`Texte`) VALUES (11,'L’élève stagiaire exécute-t-il ou exécute-telle correctement son travail dans le temps prescrit par les normes de l''organisation pour une ou un stagiaire?');
INSERT IGNORE INTO `tblQuestionChoixReponse` (`Id`,`Texte`) VALUES (12,'L’élève stagiaire prend-il ou prend-elle des initiatives pour apprendre, agir ou essayer dans le cadre du projet demandé?');
INSERT IGNORE INTO `tblQuestionChoixReponse` (`Id`,`Texte`) VALUES (13,'L’élève stagiaire montre-t-il ou montre-telle l''aptitude et la volonté de travailler avec les autres?');
INSERT IGNORE INTO `tblQuestionChoixReponse` (`Id`,`Texte`) VALUES (14,'L’élève stagiaire a-t-il ou a-t-elle la capacité et la volonté de s''intégrer au groupe?');
INSERT IGNORE INTO `tblQuestionChoixReponse` (`Id`,`Texte`) VALUES (15,'L’élève stagiaire sait-il ou sait-elle répondre correctement aux attentes des usagers? ');
INSERT IGNORE INTO `tblQuestionChoixReponse` (`Id`,`Texte`) VALUES (16,'L’élève stagiaire intègre-t-il ou intègre-telle bien la théorie et la pratique dans les travaux reliés à son projet de stage?');
INSERT IGNORE INTO `tblQuestionChoixReponse` (`Id`,`Texte`) VALUES (17,'L’élève stagiaire cherche-t-il ou cherche-t-elle à s''améliorer dans sa spécialité et à défricher de nouveaux domaines? ');
INSERT IGNORE INTO `tblQuestionChoixReponse` (`Id`,`Texte`) VALUES (18,'L’élève stagiaire peut-il ou peut-elle apprécier par lui ou elle-même un travail ou proposer une solution valable à un problème? ');
INSERT IGNORE INTO `tblQuestionChoixReponse` (`Id`,`Texte`) VALUES (19,'L’élève stagiaire écrit-il ou écrit-elle un français, exempt de fautes d''orthographe? ');
INSERT IGNORE INTO `tblQuestionChoixReponse` (`Id`,`Texte`) VALUES (20,'L’élève stagiaire écrit-il ou écrit-elle un français clair, précis?');
INSERT IGNORE INTO `tblQuestionChoixReponse` (`Id`,`Texte`) VALUES (21,'L’élève stagiaire s''exprime-t-il ou s’exprime-telle avec aisance en utilisant un langage dont les niveaux sont adaptés aux circonstances?');
INSERT IGNORE INTO `tblQuestionChoixReponse` (`Id`,`Texte`) VALUES (22,'Quelle est votre appréciation globale de l’élève stagiaire ? ');



INSERT IGNORE INTO `tblQuestionChoixReponseEvaluation` (`IdQuestionChoixReponse`,`IdEvaluation`) VALUES (1,2);
INSERT IGNORE INTO `tblQuestionChoixReponseEvaluation` (`IdQuestionChoixReponse`,`IdEvaluation`) VALUES (2,2);
INSERT IGNORE INTO `tblQuestionChoixReponseEvaluation` (`IdQuestionChoixReponse`,`IdEvaluation`) VALUES (3,2);
INSERT IGNORE INTO `tblQuestionChoixReponseEvaluation` (`IdQuestionChoixReponse`,`IdEvaluation`) VALUES (4,2);
INSERT IGNORE INTO `tblQuestionChoixReponseEvaluation` (`IdQuestionChoixReponse`,`IdEvaluation`) VALUES (5,2);
INSERT IGNORE INTO `tblQuestionChoixReponseEvaluation` (`IdQuestionChoixReponse`,`IdEvaluation`) VALUES (6,2);
INSERT IGNORE INTO `tblQuestionChoixReponseEvaluation` (`IdQuestionChoixReponse`,`IdEvaluation`) VALUES (7,2);
INSERT IGNORE INTO `tblQuestionChoixReponseEvaluation` (`IdQuestionChoixReponse`,`IdEvaluation`) VALUES (8,2);
INSERT IGNORE INTO `tblQuestionChoixReponseEvaluation` (`IdQuestionChoixReponse`,`IdEvaluation`) VALUES (9,2);
INSERT IGNORE INTO `tblQuestionChoixReponseEvaluation` (`IdQuestionChoixReponse`,`IdEvaluation`) VALUES (10,2);
INSERT IGNORE INTO `tblQuestionChoixReponseEvaluation` (`IdQuestionChoixReponse`,`IdEvaluation`) VALUES (11,2);
INSERT IGNORE INTO `tblQuestionChoixReponseEvaluation` (`IdQuestionChoixReponse`,`IdEvaluation`) VALUES (12,2);
INSERT IGNORE INTO `tblQuestionChoixReponseEvaluation` (`IdQuestionChoixReponse`,`IdEvaluation`) VALUES (13,2);
INSERT IGNORE INTO `tblQuestionChoixReponseEvaluation` (`IdQuestionChoixReponse`,`IdEvaluation`) VALUES (14,2);
INSERT IGNORE INTO `tblQuestionChoixReponseEvaluation` (`IdQuestionChoixReponse`,`IdEvaluation`) VALUES (15,2);
INSERT IGNORE INTO `tblQuestionChoixReponseEvaluation` (`IdQuestionChoixReponse`,`IdEvaluation`) VALUES (16,2);
INSERT IGNORE INTO `tblQuestionChoixReponseEvaluation` (`IdQuestionChoixReponse`,`IdEvaluation`) VALUES (17,2);
INSERT IGNORE INTO `tblQuestionChoixReponseEvaluation` (`IdQuestionChoixReponse`,`IdEvaluation`) VALUES (18,2);
INSERT IGNORE INTO `tblQuestionChoixReponseEvaluation` (`IdQuestionChoixReponse`,`IdEvaluation`) VALUES (19,2);
INSERT IGNORE INTO `tblQuestionChoixReponseEvaluation` (`IdQuestionChoixReponse`,`IdEvaluation`) VALUES (20,2);
INSERT IGNORE INTO `tblQuestionChoixReponseEvaluation` (`IdQuestionChoixReponse`,`IdEvaluation`) VALUES (21,2);
INSERT IGNORE INTO `tblQuestionChoixReponseEvaluation` (`IdQuestionChoixReponse`,`IdEvaluation`) VALUES (22,2);



INSERT IGNORE INTO `tblQuestionGrille` (`Id`,`Texte`,`idCategorieQuestion`) VALUES (1,'Faire preuve de curiosité.',1);
INSERT IGNORE INTO `tblQuestionGrille` (`Id`,`Texte`,`idCategorieQuestion`) VALUES (2,'Concentrer ses efforts et investir l’énergie nécessaire pour faire du bon travail, voir à se dépasser, et pour satisfaire aux normes de qualité et de rendement en vigueur dans l’entreprise. ',1);
INSERT IGNORE INTO `tblQuestionGrille` (`Id`,`Texte`,`idCategorieQuestion`) VALUES (3,'Porter un intérêt soutenu au travail.  Faire preuve de persévérance et de volonté.',1);
INSERT IGNORE INTO `tblQuestionGrille` (`Id`,`Texte`,`idCategorieQuestion`) VALUES (4,'Être de bonne humeur.  Éprouver du plaisir à travailler ',1);
INSERT IGNORE INTO `tblQuestionGrille` (`Id`,`Texte`,`idCategorieQuestion`) VALUES (5,'Accepter volontiers, et avec ouverture d’esprit, la critique ou les suggestions sur son travail ou sur son comportement.',2);
INSERT IGNORE INTO `tblQuestionGrille` (`Id`,`Texte`,`idCategorieQuestion`) VALUES (6,'Être capable de bien réagir devant les difficultés.',2);
INSERT IGNORE INTO `tblQuestionGrille` (`Id`,`Texte`,`idCategorieQuestion`) VALUES (7,'Avoir un comportement responsable.',2);
INSERT IGNORE INTO `tblQuestionGrille` (`Id`,`Texte`,`idCategorieQuestion`) VALUES (8,'Gérer convenablement son stress : rester calme dans des circonstances imprévues,  conserver son sang-froid face à des situations difficiles. ',2);
INSERT IGNORE INTO `tblQuestionGrille` (`Id`,`Texte`,`idCategorieQuestion`) VALUES (9,'Faire preuve d’initiatives. ',3);
INSERT IGNORE INTO `tblQuestionGrille` (`Id`,`Texte`,`idCategorieQuestion`) VALUES (10,'Être capable de prendre des décisions.',3);
INSERT IGNORE INTO `tblQuestionGrille` (`Id`,`Texte`,`idCategorieQuestion`) VALUES (11,'Être capable d’apprendre de façon autonome.',3);
INSERT IGNORE INTO `tblQuestionGrille` (`Id`,`Texte`,`idCategorieQuestion`) VALUES (12,'Avoir un esprit inventif. ',3);
INSERT IGNORE INTO `tblQuestionGrille` (`Id`,`Texte`,`idCategorieQuestion`) VALUES (13,'Utiliser un langage respectueux.',4);
INSERT IGNORE INTO `tblQuestionGrille` (`Id`,`Texte`,`idCategorieQuestion`) VALUES (14,'Respecter les valeurs véhiculées dans l’entreprise.',4);
INSERT IGNORE INTO `tblQuestionGrille` (`Id`,`Texte`,`idCategorieQuestion`) VALUES (15,'Respecter les conventions, règles ou normes en vigueur.',4);
INSERT IGNORE INTO `tblQuestionGrille` (`Id`,`Texte`,`idCategorieQuestion`) VALUES (16,'Respecter ses engagements.',4);
INSERT IGNORE INTO `tblQuestionGrille` (`Id`,`Texte`,`idCategorieQuestion`) VALUES (17,'S’initier rapidement à de nouvelles méthodes de travail. ',5);
INSERT IGNORE INTO `tblQuestionGrille` (`Id`,`Texte`,`idCategorieQuestion`) VALUES (18,'Se conformer sans difficulté aux standards  et procédures de l’entreprise.',5);
INSERT IGNORE INTO `tblQuestionGrille` (`Id`,`Texte`,`idCategorieQuestion`) VALUES (19,'Changer, au besoin, sa façon de faire.',5);
INSERT IGNORE INTO `tblQuestionGrille` (`Id`,`Texte`,`idCategorieQuestion`) VALUES (20,'S’habituer facilement à de nouveaux outils.',5);
INSERT IGNORE INTO `tblQuestionGrille` (`Id`,`Texte`,`idCategorieQuestion`) VALUES (21,'Adopter des comportements qui conviennent aux nouvelles situations',5);
INSERT IGNORE INTO `tblQuestionGrille` (`Id`,`Texte`,`idCategorieQuestion`) VALUES (22,'Accomplir les tâches en respectant les directives, les contraintes, les normes de qualité et le temps alloué. ',6);
INSERT IGNORE INTO `tblQuestionGrille` (`Id`,`Texte`,`idCategorieQuestion`) VALUES (23,'Être capable de travailler assidûment.',6);
INSERT IGNORE INTO `tblQuestionGrille` (`Id`,`Texte`,`idCategorieQuestion`) VALUES (24,'Agir efficacement.',6);
INSERT IGNORE INTO `tblQuestionGrille` (`Id`,`Texte`,`idCategorieQuestion`) VALUES (25,'Prendre des initiatives pertinentes et justifiées. ',6);
INSERT IGNORE INTO `tblQuestionGrille` (`Id`,`Texte`,`idCategorieQuestion`) VALUES (26,'Bien cerner le projet ou l’activité et comprendre les tâches à accomplir. ',6);
INSERT IGNORE INTO `tblQuestionGrille` (`Id`,`Texte`,`idCategorieQuestion`) VALUES (27,'Poser des questions pertinentes pour clarifier les demandes, les attentes et les contraintes.',6);
INSERT IGNORE INTO `tblQuestionGrille` (`Id`,`Texte`,`idCategorieQuestion`) VALUES (28,'Organiser et gérer efficacement son temps de travail.  Savoir établir des priorités. ',6);
INSERT IGNORE INTO `tblQuestionGrille` (`Id`,`Texte`,`idCategorieQuestion`) VALUES (29,'Vérifier son travail afin d’éviter les erreurs et de ne pas oublier d’éléments reliés à la tâche. ',6);
INSERT IGNORE INTO `tblQuestionGrille` (`Id`,`Texte`,`idCategorieQuestion`) VALUES (30,'Utiliser les ressources mises à sa disposition de manière responsable (travailler de façon sécuritaire, manipuler avec précaution les outils mis à sa disposition et les maintenir en bon ordre). ',6);
INSERT IGNORE INTO `tblQuestionGrille` (`Id`,`Texte`,`idCategorieQuestion`) VALUES (31,'S’intégrer sans difficulté dans un nouveau groupe de personnes. ',7);
INSERT IGNORE INTO `tblQuestionGrille` (`Id`,`Texte`,`idCategorieQuestion`) VALUES (32,'Établir et entretenir des rapports de confiance et de respect.',7);
INSERT IGNORE INTO `tblQuestionGrille` (`Id`,`Texte`,`idCategorieQuestion`) VALUES (33,'Adapter son niveau de langage à son interlocuteur.',7);
INSERT IGNORE INTO `tblQuestionGrille` (`Id`,`Texte`,`idCategorieQuestion`) VALUES (34,'Tenir compte du point de vue des autres et reconsidérer, s’il y a lieu, son propre point de vue. ',7);



INSERT IGNORE INTO `tblQuestionGrilleEvaluation` (`IdQuestionGrille`,`IdEvaluation`,`IdReponse`) VALUES (1,1,1);
INSERT IGNORE INTO `tblQuestionGrilleEvaluation` (`IdQuestionGrille`,`IdEvaluation`,`IdReponse`) VALUES (2,1,1);
INSERT IGNORE INTO `tblQuestionGrilleEvaluation` (`IdQuestionGrille`,`IdEvaluation`,`IdReponse`) VALUES (3,1,1);
INSERT IGNORE INTO `tblQuestionGrilleEvaluation` (`IdQuestionGrille`,`IdEvaluation`,`IdReponse`) VALUES (4,1,1);
INSERT IGNORE INTO `tblQuestionGrilleEvaluation` (`IdQuestionGrille`,`IdEvaluation`,`IdReponse`) VALUES (5,1,1);
INSERT IGNORE INTO `tblQuestionGrilleEvaluation` (`IdQuestionGrille`,`IdEvaluation`,`IdReponse`) VALUES (6,1,1);
INSERT IGNORE INTO `tblQuestionGrilleEvaluation` (`IdQuestionGrille`,`IdEvaluation`,`IdReponse`) VALUES (7,1,1);
INSERT IGNORE INTO `tblQuestionGrilleEvaluation` (`IdQuestionGrille`,`IdEvaluation`,`IdReponse`) VALUES (8,1,1);
INSERT IGNORE INTO `tblQuestionGrilleEvaluation` (`IdQuestionGrille`,`IdEvaluation`,`IdReponse`) VALUES (9,1,1);
INSERT IGNORE INTO `tblQuestionGrilleEvaluation` (`IdQuestionGrille`,`IdEvaluation`,`IdReponse`) VALUES (10,1,1);
INSERT IGNORE INTO `tblQuestionGrilleEvaluation` (`IdQuestionGrille`,`IdEvaluation`,`IdReponse`) VALUES (11,1,1);
INSERT IGNORE INTO `tblQuestionGrilleEvaluation` (`IdQuestionGrille`,`IdEvaluation`,`IdReponse`) VALUES (12,1,1);
INSERT IGNORE INTO `tblQuestionGrilleEvaluation` (`IdQuestionGrille`,`IdEvaluation`,`IdReponse`) VALUES (13,1,1);
INSERT IGNORE INTO `tblQuestionGrilleEvaluation` (`IdQuestionGrille`,`IdEvaluation`,`IdReponse`) VALUES (14,1,1);
INSERT IGNORE INTO `tblQuestionGrilleEvaluation` (`IdQuestionGrille`,`IdEvaluation`,`IdReponse`) VALUES (15,1,1);
INSERT IGNORE INTO `tblQuestionGrilleEvaluation` (`IdQuestionGrille`,`IdEvaluation`,`IdReponse`) VALUES (16,1,1);
INSERT IGNORE INTO `tblQuestionGrilleEvaluation` (`IdQuestionGrille`,`IdEvaluation`,`IdReponse`) VALUES (17,1,1);
INSERT IGNORE INTO `tblQuestionGrilleEvaluation` (`IdQuestionGrille`,`IdEvaluation`,`IdReponse`) VALUES (18,1,1);
INSERT IGNORE INTO `tblQuestionGrilleEvaluation` (`IdQuestionGrille`,`IdEvaluation`,`IdReponse`) VALUES (19,1,1);
INSERT IGNORE INTO `tblQuestionGrilleEvaluation` (`IdQuestionGrille`,`IdEvaluation`,`IdReponse`) VALUES (20,1,1);
INSERT IGNORE INTO `tblQuestionGrilleEvaluation` (`IdQuestionGrille`,`IdEvaluation`,`IdReponse`) VALUES (21,1,1);
INSERT IGNORE INTO `tblQuestionGrilleEvaluation` (`IdQuestionGrille`,`IdEvaluation`,`IdReponse`) VALUES (22,1,1);
INSERT IGNORE INTO `tblQuestionGrilleEvaluation` (`IdQuestionGrille`,`IdEvaluation`,`IdReponse`) VALUES (23,1,1);
INSERT IGNORE INTO `tblQuestionGrilleEvaluation` (`IdQuestionGrille`,`IdEvaluation`,`IdReponse`) VALUES (24,1,1);
INSERT IGNORE INTO `tblQuestionGrilleEvaluation` (`IdQuestionGrille`,`IdEvaluation`,`IdReponse`) VALUES (25,1,1);
INSERT IGNORE INTO `tblQuestionGrilleEvaluation` (`IdQuestionGrille`,`IdEvaluation`,`IdReponse`) VALUES (26,1,1);
INSERT IGNORE INTO `tblQuestionGrilleEvaluation` (`IdQuestionGrille`,`IdEvaluation`,`IdReponse`) VALUES (27,1,1);
INSERT IGNORE INTO `tblQuestionGrilleEvaluation` (`IdQuestionGrille`,`IdEvaluation`,`IdReponse`) VALUES (28,1,1);
INSERT IGNORE INTO `tblQuestionGrilleEvaluation` (`IdQuestionGrille`,`IdEvaluation`,`IdReponse`) VALUES (29,1,1);
INSERT IGNORE INTO `tblQuestionGrilleEvaluation` (`IdQuestionGrille`,`IdEvaluation`,`IdReponse`) VALUES (30,1,1);
INSERT IGNORE INTO `tblQuestionGrilleEvaluation` (`IdQuestionGrille`,`IdEvaluation`,`IdReponse`) VALUES (31,1,1);
INSERT IGNORE INTO `tblQuestionGrilleEvaluation` (`IdQuestionGrille`,`IdEvaluation`,`IdReponse`) VALUES (32,1,1);
INSERT IGNORE INTO `tblQuestionGrilleEvaluation` (`IdQuestionGrille`,`IdEvaluation`,`IdReponse`) VALUES (33,1,1);
INSERT IGNORE INTO `tblQuestionGrilleEvaluation` (`IdQuestionGrille`,`IdEvaluation`,`IdReponse`) VALUES (34,1,1);



INSERT IGNORE INTO `tblResponsable` (`Id`,`IdEmployeEntreprise`) VALUES (1,31);
INSERT IGNORE INTO `tblResponsable` (`Id`,`IdEmployeEntreprise`) VALUES (2,32);
INSERT IGNORE INTO `tblResponsable` (`Id`,`IdEmployeEntreprise`) VALUES (3,33);
INSERT IGNORE INTO `tblResponsable` (`Id`,`IdEmployeEntreprise`) VALUES (4,34);
INSERT IGNORE INTO `tblResponsable` (`Id`,`IdEmployeEntreprise`) VALUES (5,35);
INSERT IGNORE INTO `tblResponsable` (`Id`,`IdEmployeEntreprise`) VALUES (6,36);
INSERT IGNORE INTO `tblResponsable` (`Id`,`IdEmployeEntreprise`) VALUES (7,37);
INSERT IGNORE INTO `tblResponsable` (`Id`,`IdEmployeEntreprise`) VALUES (8,38);
INSERT IGNORE INTO `tblResponsable` (`Id`,`IdEmployeEntreprise`) VALUES (9,39);
INSERT IGNORE INTO `tblResponsable` (`Id`,`IdEmployeEntreprise`) VALUES (10,40);
INSERT IGNORE INTO `tblResponsable` (`Id`,`IdEmployeEntreprise`) VALUES (11,41);
INSERT IGNORE INTO `tblResponsable` (`Id`,`IdEmployeEntreprise`) VALUES (12,42);
INSERT IGNORE INTO `tblResponsable` (`Id`,`IdEmployeEntreprise`) VALUES (13,43);
INSERT IGNORE INTO `tblResponsable` (`Id`,`IdEmployeEntreprise`) VALUES (14,44);
INSERT IGNORE INTO `tblResponsable` (`Id`,`IdEmployeEntreprise`) VALUES (15,45);
INSERT IGNORE INTO `tblResponsable` (`Id`,`IdEmployeEntreprise`) VALUES (16,46);
INSERT IGNORE INTO `tblResponsable` (`Id`,`IdEmployeEntreprise`) VALUES (17,47);
INSERT IGNORE INTO `tblResponsable` (`Id`,`IdEmployeEntreprise`) VALUES (18,48);
INSERT IGNORE INTO `tblResponsable` (`Id`,`IdEmployeEntreprise`) VALUES (19,49);



INSERT IGNORE INTO `tblReponse` (`Id`,`Texte`) VALUES (1,'Généralement');
INSERT IGNORE INTO `tblReponse` (`Id`,`Texte`) VALUES (2,'Souvent');
INSERT IGNORE INTO `tblReponse` (`Id`,`Texte`) VALUES (3,'Parfois');
INSERT IGNORE INTO `tblReponse` (`Id`,`Texte`) VALUES (4,'Rarement');
INSERT IGNORE INTO `tblReponse` (`Id`,`Texte`) VALUES (5,'est familiarisé-e rapidement à divers  services de l''organisation. ');
INSERT IGNORE INTO `tblReponse` (`Id`,`Texte`) VALUES (6,'est intéressé-e progressivement à divers services de l''organisation.');
INSERT IGNORE INTO `tblReponse` (`Id`,`Texte`) VALUES (7,'Intégration normale à la vie du milieu de stage.');
INSERT IGNORE INTO `tblReponse` (`Id`,`Texte`) VALUES (8,'est limité-e à l''équipe de travail.');
INSERT IGNORE INTO `tblReponse` (`Id`,`Texte`) VALUES (9,'a fait que peu d’effort d''adaptation. ');
INSERT IGNORE INTO `tblReponse` (`Id`,`Texte`) VALUES (10,'Ponctualité irréprochable. ');
INSERT IGNORE INTO `tblReponse` (`Id`,`Texte`) VALUES (11,'Arrive rarement en retard à son travail.');
INSERT IGNORE INTO `tblReponse` (`Id`,`Texte`) VALUES (12,'Arrive parfois en retard à son travail. ');
INSERT IGNORE INTO `tblReponse` (`Id`,`Texte`) VALUES (13,'Se permet facilement d''être en retard au travail. ');
INSERT IGNORE INTO `tblReponse` (`Id`,`Texte`) VALUES (14,'Retardataire invétéré-e. ');
INSERT IGNORE INTO `tblReponse` (`Id`,`Texte`) VALUES (15,'Accepte toutes les responsabilités même dans les situations difficiles.');
INSERT IGNORE INTO `tblReponse` (`Id`,`Texte`) VALUES (16,'Accepte volontiers les responsabilités.');
INSERT IGNORE INTO `tblReponse` (`Id`,`Texte`) VALUES (17,'Accepte les responsabilités sans toutefois les rechercher.');
INSERT IGNORE INTO `tblReponse` (`Id`,`Texte`) VALUES (18,'Inégal-e dans l''acceptation des responsabilités.');
INSERT IGNORE INTO `tblReponse` (`Id`,`Texte`) VALUES (19,'Fuit les responsabilités.');
INSERT IGNORE INTO `tblReponse` (`Id`,`Texte`) VALUES (20,'Consacre à son travail le maximum ''efforts et de temps.');
INSERT IGNORE INTO `tblReponse` (`Id`,`Texte`) VALUES (21,'Se montre très intéressé-e par son travail.');
INSERT IGNORE INTO `tblReponse` (`Id`,`Texte`) VALUES (22,'Intéressé-e par son travail, donne un rendement satisfaisant.');
INSERT IGNORE INTO `tblReponse` (`Id`,`Texte`) VALUES (23,'Manque d''intérêt pour son travail, rendement faible.');
INSERT IGNORE INTO `tblReponse` (`Id`,`Texte`) VALUES (24,'Manque évident d''intérêt.');
INSERT IGNORE INTO `tblReponse` (`Id`,`Texte`) VALUES (25,'Tenue toujours adaptée aux circonstances et au milieu. ');
INSERT IGNORE INTO `tblReponse` (`Id`,`Texte`) VALUES (26,'Tenue généralement bien adaptée aux circonstances et au milieu.');
INSERT IGNORE INTO `tblReponse` (`Id`,`Texte`) VALUES (27,'Tenue satisfaisante. ');
INSERT IGNORE INTO `tblReponse` (`Id`,`Texte`) VALUES (28,'Tenue parfois négligée.');
INSERT IGNORE INTO `tblReponse` (`Id`,`Texte`) VALUES (29,'Tenue inacceptable. ');
INSERT IGNORE INTO `tblReponse` (`Id`,`Texte`) VALUES (30,'Comportement très bien adapté aux circonstances et au milieu. ');
INSERT IGNORE INTO `tblReponse` (`Id`,`Texte`) VALUES (31,'Comportement bien adapté aux circonstances et au milieu. ');
INSERT IGNORE INTO `tblReponse` (`Id`,`Texte`) VALUES (32,'Comportement acceptable.');
INSERT IGNORE INTO `tblReponse` (`Id`,`Texte`) VALUES (33,'Comportement faible.');
INSERT IGNORE INTO `tblReponse` (`Id`,`Texte`) VALUES (34,'Comportement inacceptable.');
INSERT IGNORE INTO `tblReponse` (`Id`,`Texte`) VALUES (35,'Planifie très bien son travail de façon professionnelle.');
INSERT IGNORE INTO `tblReponse` (`Id`,`Texte`) VALUES (36,'Planifie bien son travail seule ou seul. ');
INSERT IGNORE INTO `tblReponse` (`Id`,`Texte`) VALUES (37,'Planifie normalement son travail. ');
INSERT IGNORE INTO `tblReponse` (`Id`,`Texte`) VALUES (38,'Planification qui laisse à désirer.');
INSERT IGNORE INTO `tblReponse` (`Id`,`Texte`) VALUES (39,'Exécute les tâches sans égard à leur importance.');
INSERT IGNORE INTO `tblReponse` (`Id`,`Texte`) VALUES (40,'Généralement capable de choisir et d''appliquer la bonne technique.');
INSERT IGNORE INTO `tblReponse` (`Id`,`Texte`) VALUES (41,'Parfois capable de choisir et d''appliquer la bonne technique.');
INSERT IGNORE INTO `tblReponse` (`Id`,`Texte`) VALUES (42,'Technique douteuse mais résultats attendus.');
INSERT IGNORE INTO `tblReponse` (`Id`,`Texte`) VALUES (43,'Technique douteuse et résultats douteux.');
INSERT IGNORE INTO `tblReponse` (`Id`,`Texte`) VALUES (44,'Travail par essais et erreurs d''aboutissant à rien.');
INSERT IGNORE INTO `tblReponse` (`Id`,`Texte`) VALUES (45,'Montre une application supérieure.');
INSERT IGNORE INTO `tblReponse` (`Id`,`Texte`) VALUES (46,'Montre une application au-dessus de la moyenne.');
INSERT IGNORE INTO `tblReponse` (`Id`,`Texte`) VALUES (47,'Montre une application moyenne dans son travail. ');
INSERT IGNORE INTO `tblReponse` (`Id`,`Texte`) VALUES (48,'Manque d''application.');
INSERT IGNORE INTO `tblReponse` (`Id`,`Texte`) VALUES (49,'Insouciance dans le travail.');
INSERT IGNORE INTO `tblReponse` (`Id`,`Texte`) VALUES (50,'Travail très bien fait.');
INSERT IGNORE INTO `tblReponse` (`Id`,`Texte`) VALUES (51,'Travail bien fait.');
INSERT IGNORE INTO `tblReponse` (`Id`,`Texte`) VALUES (52,'Travail satisfaisant nécessitant une vérification normale.');
INSERT IGNORE INTO `tblReponse` (`Id`,`Texte`) VALUES (53,'Travail douteux qui exige une surveillance constante.');
INSERT IGNORE INTO `tblReponse` (`Id`,`Texte`) VALUES (54,'Travail inacceptable.');
INSERT IGNORE INTO `tblReponse` (`Id`,`Texte`) VALUES (55,'Vitesse d''exécution significativement supérieure à la moyenne.');
INSERT IGNORE INTO `tblReponse` (`Id`,`Texte`) VALUES (56,'Vitesse d''exécution légèrement supérieure à la moyenne.');
INSERT IGNORE INTO `tblReponse` (`Id`,`Texte`) VALUES (57,'Travail effectué dans un temps normal.');
INSERT IGNORE INTO `tblReponse` (`Id`,`Texte`) VALUES (58,'Rapidité inférieure à la moyenne.');
INSERT IGNORE INTO `tblReponse` (`Id`,`Texte`) VALUES (59,'Trop lent. ');
INSERT IGNORE INTO `tblReponse` (`Id`,`Texte`) VALUES (60,'Démontre beaucoup d''initiative pour planifier et exécuter sa tâche.');
INSERT IGNORE INTO `tblReponse` (`Id`,`Texte`) VALUES (61,'Démontre généralement de l’initiative pour effectuer ses tâches.');
INSERT IGNORE INTO `tblReponse` (`Id`,`Texte`) VALUES (62,'Recherche une assistance normale dans l''accomplissement de ses tâches.');
INSERT IGNORE INTO `tblReponse` (`Id`,`Texte`) VALUES (63,'Entreprend peu et recherche souvent l''assistance de ses supérieurs ou collègues.');
INSERT IGNORE INTO `tblReponse` (`Id`,`Texte`) VALUES (64,'Absence d''initiative.');
INSERT IGNORE INTO `tblReponse` (`Id`,`Texte`) VALUES (65,'Bonne collaboration, participe activement au travail d''équipe.');
INSERT IGNORE INTO `tblReponse` (`Id`,`Texte`) VALUES (66,'Bonne collaboration, fournit un apport valable à son équipe. ');
INSERT IGNORE INTO `tblReponse` (`Id`,`Texte`) VALUES (67,'Accepte de collaborer lorsque c''est nécessaire.');
INSERT IGNORE INTO `tblReponse` (`Id`,`Texte`) VALUES (68,'À la remorque du groupe, doit être incité à collaborer. ');
INSERT IGNORE INTO `tblReponse` (`Id`,`Texte`) VALUES (69,'Refus de collaborer. ');
INSERT IGNORE INTO `tblReponse` (`Id`,`Texte`) VALUES (70,'Démontre toujours un esprit de groupe dépassant la moyenne');
INSERT IGNORE INTO `tblReponse` (`Id`,`Texte`) VALUES (71,'Démontre habituellement un bon esprit de groupe.');
INSERT IGNORE INTO `tblReponse` (`Id`,`Texte`) VALUES (72,'Démontre un esprit de groupe normal.');
INSERT IGNORE INTO `tblReponse` (`Id`,`Texte`) VALUES (73,'s''adapte lentement et mal au groupe.');
INSERT IGNORE INTO `tblReponse` (`Id`,`Texte`) VALUES (74,'Marginal.');
INSERT IGNORE INTO `tblReponse` (`Id`,`Texte`) VALUES (75,'Sait écouter, analyser et répondre efficacement à la demande.');
INSERT IGNORE INTO `tblReponse` (`Id`,`Texte`) VALUES (76,'Peut répondre à la majeure partie de la demande.');
INSERT IGNORE INTO `tblReponse` (`Id`,`Texte`) VALUES (77,'Répond partiellement à la demande.');
INSERT IGNORE INTO `tblReponse` (`Id`,`Texte`) VALUES (78,'Manque d''écoute et analyse superficielle de la demande.');
INSERT IGNORE INTO `tblReponse` (`Id`,`Texte`) VALUES (79,'Ne comprend pas les demandes.');
INSERT IGNORE INTO `tblReponse` (`Id`,`Texte`) VALUES (80,'Saisit rapidement l''essentiel avec un minimum d''explications.');
INSERT IGNORE INTO `tblReponse` (`Id`,`Texte`) VALUES (81,'Esprit rapide qui assimile à la suite d''explications suffisantes.');
INSERT IGNORE INTO `tblReponse` (`Id`,`Texte`) VALUES (82,'Assimile bien à la suite d''explications détaillées.');
INSERT IGNORE INTO `tblReponse` (`Id`,`Texte`) VALUES (83,'N''assimile qu''à la suite d''explications répétées. ');
INSERT IGNORE INTO `tblReponse` (`Id`,`Texte`) VALUES (84,'Inapte au travail demandé.');
INSERT IGNORE INTO `tblReponse` (`Id`,`Texte`) VALUES (85,'Démontre une ouverture d''esprit, une grande curiosité.');
INSERT IGNORE INTO `tblReponse` (`Id`,`Texte`) VALUES (86,'Cherche constamment à élargir le champ de ses connaissances.');
INSERT IGNORE INTO `tblReponse` (`Id`,`Texte`) VALUES (87,'Démontre une bonne curiosité cantonnée cependant à sa spécialité.');
INSERT IGNORE INTO `tblReponse` (`Id`,`Texte`) VALUES (88,'Éprouve rarement le besoin de s''améliorer même dans son domaine. ');
INSERT IGNORE INTO `tblReponse` (`Id`,`Texte`) VALUES (89,'Manque total de curiosité.');
INSERT IGNORE INTO `tblReponse` (`Id`,`Texte`) VALUES (90,'Très bon jugement, identifie habituellement la bonne solution aux problèmes posés.');
INSERT IGNORE INTO `tblReponse` (`Id`,`Texte`) VALUES (91,'Bon jugement, émet souvent une opinion éclairée sur les problèmes posés.');
INSERT IGNORE INTO `tblReponse` (`Id`,`Texte`) VALUES (92,'Donne parfois une bonne opinion.');
INSERT IGNORE INTO `tblReponse` (`Id`,`Texte`) VALUES (93,'Donne rarement une opinion sur les problèmes posés.');
INSERT IGNORE INTO `tblReponse` (`Id`,`Texte`) VALUES (94,'Jugement faible. ');
INSERT IGNORE INTO `tblReponse` (`Id`,`Texte`) VALUES (95,'Orthographe sans faute. ');
INSERT IGNORE INTO `tblReponse` (`Id`,`Texte`) VALUES (96,'Orthographe avec quelques fautes.');
INSERT IGNORE INTO `tblReponse` (`Id`,`Texte`) VALUES (97,'Orthographe acceptable.');
INSERT IGNORE INTO `tblReponse` (`Id`,`Texte`) VALUES (98,'Orthographe avec beaucoup de fautes.');
INSERT IGNORE INTO `tblReponse` (`Id`,`Texte`) VALUES (99,'Orthographe inacceptable.');
INSERT IGNORE INTO `tblReponse` (`Id`,`Texte`) VALUES (100,'L''expression écrite est s''un excellent niveau.');
INSERT IGNORE INTO `tblReponse` (`Id`,`Texte`) VALUES (101,'L''expression écrite est claire et précise.');
INSERT IGNORE INTO `tblReponse` (`Id`,`Texte`) VALUES (102,'L''expression écrite est acceptable.');
INSERT IGNORE INTO `tblReponse` (`Id`,`Texte`) VALUES (103,'L''expression écrite est maladroite.');
INSERT IGNORE INTO `tblReponse` (`Id`,`Texte`) VALUES (104,'L''expression écrite est déficiente.');
INSERT IGNORE INTO `tblReponse` (`Id`,`Texte`) VALUES (105,'s''exprime toujours correctement, avec précision et aisance.');
INSERT IGNORE INTO `tblReponse` (`Id`,`Texte`) VALUES (106,'s''exprime correctement et avec précision');
INSERT IGNORE INTO `tblReponse` (`Id`,`Texte`) VALUES (107,'s''exprime d’une manière satisfaisante.');
INSERT IGNORE INTO `tblReponse` (`Id`,`Texte`) VALUES (108,'s''exprime difficilement et de façon approximative.');
INSERT IGNORE INTO `tblReponse` (`Id`,`Texte`) VALUES (109,'Expression orale inacceptable.');
INSERT IGNORE INTO `tblReponse` (`Id`,`Texte`) VALUES (110,'Excellent');
INSERT IGNORE INTO `tblReponse` (`Id`,`Texte`) VALUES (111,'Très bien ');
INSERT IGNORE INTO `tblReponse` (`Id`,`Texte`) VALUES (112,'Bien ');
INSERT IGNORE INTO `tblReponse` (`Id`,`Texte`) VALUES (113,'Acceptable ');
INSERT IGNORE INTO `tblReponse` (`Id`,`Texte`) VALUES (114,'Faible ');


INSERT IGNORE INTO `tblReponseQuestionChoixReponse` (`IdQuestionChoixReponse`,`IdReponse`) VALUES (1,5);
INSERT IGNORE INTO `tblReponseQuestionChoixReponse` (`IdQuestionChoixReponse`,`IdReponse`) VALUES (1,6);
INSERT IGNORE INTO `tblReponseQuestionChoixReponse` (`IdQuestionChoixReponse`,`IdReponse`) VALUES (1,7);
INSERT IGNORE INTO `tblReponseQuestionChoixReponse` (`IdQuestionChoixReponse`,`IdReponse`) VALUES (1,8);
INSERT IGNORE INTO `tblReponseQuestionChoixReponse` (`IdQuestionChoixReponse`,`IdReponse`) VALUES (1,9);
INSERT IGNORE INTO `tblReponseQuestionChoixReponse` (`IdQuestionChoixReponse`,`IdReponse`) VALUES (2,10);
INSERT IGNORE INTO `tblReponseQuestionChoixReponse` (`IdQuestionChoixReponse`,`IdReponse`) VALUES (2,11);
INSERT IGNORE INTO `tblReponseQuestionChoixReponse` (`IdQuestionChoixReponse`,`IdReponse`) VALUES (2,12);
INSERT IGNORE INTO `tblReponseQuestionChoixReponse` (`IdQuestionChoixReponse`,`IdReponse`) VALUES (2,13);
INSERT IGNORE INTO `tblReponseQuestionChoixReponse` (`IdQuestionChoixReponse`,`IdReponse`) VALUES (2,14);
INSERT IGNORE INTO `tblReponseQuestionChoixReponse` (`IdQuestionChoixReponse`,`IdReponse`) VALUES (3,15);
INSERT IGNORE INTO `tblReponseQuestionChoixReponse` (`IdQuestionChoixReponse`,`IdReponse`) VALUES (3,16);
INSERT IGNORE INTO `tblReponseQuestionChoixReponse` (`IdQuestionChoixReponse`,`IdReponse`) VALUES (3,17);
INSERT IGNORE INTO `tblReponseQuestionChoixReponse` (`IdQuestionChoixReponse`,`IdReponse`) VALUES (3,18);
INSERT IGNORE INTO `tblReponseQuestionChoixReponse` (`IdQuestionChoixReponse`,`IdReponse`) VALUES (3,19);
INSERT IGNORE INTO `tblReponseQuestionChoixReponse` (`IdQuestionChoixReponse`,`IdReponse`) VALUES (4,20);
INSERT IGNORE INTO `tblReponseQuestionChoixReponse` (`IdQuestionChoixReponse`,`IdReponse`) VALUES (4,21);
INSERT IGNORE INTO `tblReponseQuestionChoixReponse` (`IdQuestionChoixReponse`,`IdReponse`) VALUES (4,22);
INSERT IGNORE INTO `tblReponseQuestionChoixReponse` (`IdQuestionChoixReponse`,`IdReponse`) VALUES (4,23);
INSERT IGNORE INTO `tblReponseQuestionChoixReponse` (`IdQuestionChoixReponse`,`IdReponse`) VALUES (4,24);
INSERT IGNORE INTO `tblReponseQuestionChoixReponse` (`IdQuestionChoixReponse`,`IdReponse`) VALUES (5,25);
INSERT IGNORE INTO `tblReponseQuestionChoixReponse` (`IdQuestionChoixReponse`,`IdReponse`) VALUES (5,26);
INSERT IGNORE INTO `tblReponseQuestionChoixReponse` (`IdQuestionChoixReponse`,`IdReponse`) VALUES (5,27);
INSERT IGNORE INTO `tblReponseQuestionChoixReponse` (`IdQuestionChoixReponse`,`IdReponse`) VALUES (5,28);
INSERT IGNORE INTO `tblReponseQuestionChoixReponse` (`IdQuestionChoixReponse`,`IdReponse`) VALUES (5,29);
INSERT IGNORE INTO `tblReponseQuestionChoixReponse` (`IdQuestionChoixReponse`,`IdReponse`) VALUES (6,30);
INSERT IGNORE INTO `tblReponseQuestionChoixReponse` (`IdQuestionChoixReponse`,`IdReponse`) VALUES (6,31);
INSERT IGNORE INTO `tblReponseQuestionChoixReponse` (`IdQuestionChoixReponse`,`IdReponse`) VALUES (6,32);
INSERT IGNORE INTO `tblReponseQuestionChoixReponse` (`IdQuestionChoixReponse`,`IdReponse`) VALUES (6,33);
INSERT IGNORE INTO `tblReponseQuestionChoixReponse` (`IdQuestionChoixReponse`,`IdReponse`) VALUES (6,34);
INSERT IGNORE INTO `tblReponseQuestionChoixReponse` (`IdQuestionChoixReponse`,`IdReponse`) VALUES (7,35);
INSERT IGNORE INTO `tblReponseQuestionChoixReponse` (`IdQuestionChoixReponse`,`IdReponse`) VALUES (7,36);
INSERT IGNORE INTO `tblReponseQuestionChoixReponse` (`IdQuestionChoixReponse`,`IdReponse`) VALUES (7,37);
INSERT IGNORE INTO `tblReponseQuestionChoixReponse` (`IdQuestionChoixReponse`,`IdReponse`) VALUES (7,38);
INSERT IGNORE INTO `tblReponseQuestionChoixReponse` (`IdQuestionChoixReponse`,`IdReponse`) VALUES (7,39);
INSERT IGNORE INTO `tblReponseQuestionChoixReponse` (`IdQuestionChoixReponse`,`IdReponse`) VALUES (8,40);
INSERT IGNORE INTO `tblReponseQuestionChoixReponse` (`IdQuestionChoixReponse`,`IdReponse`) VALUES (8,41);
INSERT IGNORE INTO `tblReponseQuestionChoixReponse` (`IdQuestionChoixReponse`,`IdReponse`) VALUES (8,42);
INSERT IGNORE INTO `tblReponseQuestionChoixReponse` (`IdQuestionChoixReponse`,`IdReponse`) VALUES (8,43);
INSERT IGNORE INTO `tblReponseQuestionChoixReponse` (`IdQuestionChoixReponse`,`IdReponse`) VALUES (8,44);
INSERT IGNORE INTO `tblReponseQuestionChoixReponse` (`IdQuestionChoixReponse`,`IdReponse`) VALUES (9,45);
INSERT IGNORE INTO `tblReponseQuestionChoixReponse` (`IdQuestionChoixReponse`,`IdReponse`) VALUES (9,46);
INSERT IGNORE INTO `tblReponseQuestionChoixReponse` (`IdQuestionChoixReponse`,`IdReponse`) VALUES (9,47);
INSERT IGNORE INTO `tblReponseQuestionChoixReponse` (`IdQuestionChoixReponse`,`IdReponse`) VALUES (9,48);
INSERT IGNORE INTO `tblReponseQuestionChoixReponse` (`IdQuestionChoixReponse`,`IdReponse`) VALUES (9,49);
INSERT IGNORE INTO `tblReponseQuestionChoixReponse` (`IdQuestionChoixReponse`,`IdReponse`) VALUES (10,50);
INSERT IGNORE INTO `tblReponseQuestionChoixReponse` (`IdQuestionChoixReponse`,`IdReponse`) VALUES (10,51);
INSERT IGNORE INTO `tblReponseQuestionChoixReponse` (`IdQuestionChoixReponse`,`IdReponse`) VALUES (10,52);
INSERT IGNORE INTO `tblReponseQuestionChoixReponse` (`IdQuestionChoixReponse`,`IdReponse`) VALUES (10,53);
INSERT IGNORE INTO `tblReponseQuestionChoixReponse` (`IdQuestionChoixReponse`,`IdReponse`) VALUES (10,54);
INSERT IGNORE INTO `tblReponseQuestionChoixReponse` (`IdQuestionChoixReponse`,`IdReponse`) VALUES (11,55);
INSERT IGNORE INTO `tblReponseQuestionChoixReponse` (`IdQuestionChoixReponse`,`IdReponse`) VALUES (11,56);
INSERT IGNORE INTO `tblReponseQuestionChoixReponse` (`IdQuestionChoixReponse`,`IdReponse`) VALUES (11,57);
INSERT IGNORE INTO `tblReponseQuestionChoixReponse` (`IdQuestionChoixReponse`,`IdReponse`) VALUES (11,58);
INSERT IGNORE INTO `tblReponseQuestionChoixReponse` (`IdQuestionChoixReponse`,`IdReponse`) VALUES (11,59);
INSERT IGNORE INTO `tblReponseQuestionChoixReponse` (`IdQuestionChoixReponse`,`IdReponse`) VALUES (12,60);
INSERT IGNORE INTO `tblReponseQuestionChoixReponse` (`IdQuestionChoixReponse`,`IdReponse`) VALUES (12,61);
INSERT IGNORE INTO `tblReponseQuestionChoixReponse` (`IdQuestionChoixReponse`,`IdReponse`) VALUES (12,62);
INSERT IGNORE INTO `tblReponseQuestionChoixReponse` (`IdQuestionChoixReponse`,`IdReponse`) VALUES (12,63);
INSERT IGNORE INTO `tblReponseQuestionChoixReponse` (`IdQuestionChoixReponse`,`IdReponse`) VALUES (12,64);
INSERT IGNORE INTO `tblReponseQuestionChoixReponse` (`IdQuestionChoixReponse`,`IdReponse`) VALUES (13,65);
INSERT IGNORE INTO `tblReponseQuestionChoixReponse` (`IdQuestionChoixReponse`,`IdReponse`) VALUES (13,66);
INSERT IGNORE INTO `tblReponseQuestionChoixReponse` (`IdQuestionChoixReponse`,`IdReponse`) VALUES (13,67);
INSERT IGNORE INTO `tblReponseQuestionChoixReponse` (`IdQuestionChoixReponse`,`IdReponse`) VALUES (13,68);
INSERT IGNORE INTO `tblReponseQuestionChoixReponse` (`IdQuestionChoixReponse`,`IdReponse`) VALUES (13,69);
INSERT IGNORE INTO `tblReponseQuestionChoixReponse` (`IdQuestionChoixReponse`,`IdReponse`) VALUES (14,70);
INSERT IGNORE INTO `tblReponseQuestionChoixReponse` (`IdQuestionChoixReponse`,`IdReponse`) VALUES (14,71);
INSERT IGNORE INTO `tblReponseQuestionChoixReponse` (`IdQuestionChoixReponse`,`IdReponse`) VALUES (14,72);
INSERT IGNORE INTO `tblReponseQuestionChoixReponse` (`IdQuestionChoixReponse`,`IdReponse`) VALUES (14,73);
INSERT IGNORE INTO `tblReponseQuestionChoixReponse` (`IdQuestionChoixReponse`,`IdReponse`) VALUES (14,74);
INSERT IGNORE INTO `tblReponseQuestionChoixReponse` (`IdQuestionChoixReponse`,`IdReponse`) VALUES (15,75);
INSERT IGNORE INTO `tblReponseQuestionChoixReponse` (`IdQuestionChoixReponse`,`IdReponse`) VALUES (15,76);
INSERT IGNORE INTO `tblReponseQuestionChoixReponse` (`IdQuestionChoixReponse`,`IdReponse`) VALUES (15,77);
INSERT IGNORE INTO `tblReponseQuestionChoixReponse` (`IdQuestionChoixReponse`,`IdReponse`) VALUES (15,78);
INSERT IGNORE INTO `tblReponseQuestionChoixReponse` (`IdQuestionChoixReponse`,`IdReponse`) VALUES (15,79);
INSERT IGNORE INTO `tblReponseQuestionChoixReponse` (`IdQuestionChoixReponse`,`IdReponse`) VALUES (16,80);
INSERT IGNORE INTO `tblReponseQuestionChoixReponse` (`IdQuestionChoixReponse`,`IdReponse`) VALUES (16,81);
INSERT IGNORE INTO `tblReponseQuestionChoixReponse` (`IdQuestionChoixReponse`,`IdReponse`) VALUES (16,82);
INSERT IGNORE INTO `tblReponseQuestionChoixReponse` (`IdQuestionChoixReponse`,`IdReponse`) VALUES (16,83);
INSERT IGNORE INTO `tblReponseQuestionChoixReponse` (`IdQuestionChoixReponse`,`IdReponse`) VALUES (16,84);
INSERT IGNORE INTO `tblReponseQuestionChoixReponse` (`IdQuestionChoixReponse`,`IdReponse`) VALUES (17,85);
INSERT IGNORE INTO `tblReponseQuestionChoixReponse` (`IdQuestionChoixReponse`,`IdReponse`) VALUES (17,86);
INSERT IGNORE INTO `tblReponseQuestionChoixReponse` (`IdQuestionChoixReponse`,`IdReponse`) VALUES (17,87);
INSERT IGNORE INTO `tblReponseQuestionChoixReponse` (`IdQuestionChoixReponse`,`IdReponse`) VALUES (17,88);
INSERT IGNORE INTO `tblReponseQuestionChoixReponse` (`IdQuestionChoixReponse`,`IdReponse`) VALUES (17,89);
INSERT IGNORE INTO `tblReponseQuestionChoixReponse` (`IdQuestionChoixReponse`,`IdReponse`) VALUES (18,90);
INSERT IGNORE INTO `tblReponseQuestionChoixReponse` (`IdQuestionChoixReponse`,`IdReponse`) VALUES (18,91);
INSERT IGNORE INTO `tblReponseQuestionChoixReponse` (`IdQuestionChoixReponse`,`IdReponse`) VALUES (18,92);
INSERT IGNORE INTO `tblReponseQuestionChoixReponse` (`IdQuestionChoixReponse`,`IdReponse`) VALUES (18,93);
INSERT IGNORE INTO `tblReponseQuestionChoixReponse` (`IdQuestionChoixReponse`,`IdReponse`) VALUES (18,94);
INSERT IGNORE INTO `tblReponseQuestionChoixReponse` (`IdQuestionChoixReponse`,`IdReponse`) VALUES (19,95);
INSERT IGNORE INTO `tblReponseQuestionChoixReponse` (`IdQuestionChoixReponse`,`IdReponse`) VALUES (19,96);
INSERT IGNORE INTO `tblReponseQuestionChoixReponse` (`IdQuestionChoixReponse`,`IdReponse`) VALUES (19,97);
INSERT IGNORE INTO `tblReponseQuestionChoixReponse` (`IdQuestionChoixReponse`,`IdReponse`) VALUES (19,98);
INSERT IGNORE INTO `tblReponseQuestionChoixReponse` (`IdQuestionChoixReponse`,`IdReponse`) VALUES (19,99);
INSERT IGNORE INTO `tblReponseQuestionChoixReponse` (`IdQuestionChoixReponse`,`IdReponse`) VALUES (20,100);
INSERT IGNORE INTO `tblReponseQuestionChoixReponse` (`IdQuestionChoixReponse`,`IdReponse`) VALUES (20,101);
INSERT IGNORE INTO `tblReponseQuestionChoixReponse` (`IdQuestionChoixReponse`,`IdReponse`) VALUES (20,102);
INSERT IGNORE INTO `tblReponseQuestionChoixReponse` (`IdQuestionChoixReponse`,`IdReponse`) VALUES (20,103);
INSERT IGNORE INTO `tblReponseQuestionChoixReponse` (`IdQuestionChoixReponse`,`IdReponse`) VALUES (20,104);
INSERT IGNORE INTO `tblReponseQuestionChoixReponse` (`IdQuestionChoixReponse`,`IdReponse`) VALUES (21,105);
INSERT IGNORE INTO `tblReponseQuestionChoixReponse` (`IdQuestionChoixReponse`,`IdReponse`) VALUES (21,106);
INSERT IGNORE INTO `tblReponseQuestionChoixReponse` (`IdQuestionChoixReponse`,`IdReponse`) VALUES (21,107);
INSERT IGNORE INTO `tblReponseQuestionChoixReponse` (`IdQuestionChoixReponse`,`IdReponse`) VALUES (21,108);
INSERT IGNORE INTO `tblReponseQuestionChoixReponse` (`IdQuestionChoixReponse`,`IdReponse`) VALUES (21,109);
INSERT IGNORE INTO `tblReponseQuestionChoixReponse` (`IdQuestionChoixReponse`,`IdReponse`) VALUES (22,110);
INSERT IGNORE INTO `tblReponseQuestionChoixReponse` (`IdQuestionChoixReponse`,`IdReponse`) VALUES (22,111);
INSERT IGNORE INTO `tblReponseQuestionChoixReponse` (`IdQuestionChoixReponse`,`IdReponse`) VALUES (22,112);
INSERT IGNORE INTO `tblReponseQuestionChoixReponse` (`IdQuestionChoixReponse`,`IdReponse`) VALUES (22,113);
INSERT IGNORE INTO `tblReponseQuestionChoixReponse` (`IdQuestionChoixReponse`,`IdReponse`) VALUES (22,114);



INSERT IGNORE INTO `tblReponseQuestionGrille` (`IdQuestionGrille`,`IdReponse`) VALUES (1,1);
INSERT IGNORE INTO `tblReponseQuestionGrille` (`IdQuestionGrille`,`IdReponse`) VALUES (1,2);
INSERT IGNORE INTO `tblReponseQuestionGrille` (`IdQuestionGrille`,`IdReponse`) VALUES (1,3);
INSERT IGNORE INTO `tblReponseQuestionGrille` (`IdQuestionGrille`,`IdReponse`) VALUES (1,4);
INSERT IGNORE INTO `tblReponseQuestionGrille` (`IdQuestionGrille`,`IdReponse`) VALUES (2,1);
INSERT IGNORE INTO `tblReponseQuestionGrille` (`IdQuestionGrille`,`IdReponse`) VALUES (2,2);
INSERT IGNORE INTO `tblReponseQuestionGrille` (`IdQuestionGrille`,`IdReponse`) VALUES (2,3);
INSERT IGNORE INTO `tblReponseQuestionGrille` (`IdQuestionGrille`,`IdReponse`) VALUES (2,4);
INSERT IGNORE INTO `tblReponseQuestionGrille` (`IdQuestionGrille`,`IdReponse`) VALUES (3,1);
INSERT IGNORE INTO `tblReponseQuestionGrille` (`IdQuestionGrille`,`IdReponse`) VALUES (3,2);
INSERT IGNORE INTO `tblReponseQuestionGrille` (`IdQuestionGrille`,`IdReponse`) VALUES (3,3);
INSERT IGNORE INTO `tblReponseQuestionGrille` (`IdQuestionGrille`,`IdReponse`) VALUES (3,4);
INSERT IGNORE INTO `tblReponseQuestionGrille` (`IdQuestionGrille`,`IdReponse`) VALUES (4,1);
INSERT IGNORE INTO `tblReponseQuestionGrille` (`IdQuestionGrille`,`IdReponse`) VALUES (4,2);
INSERT IGNORE INTO `tblReponseQuestionGrille` (`IdQuestionGrille`,`IdReponse`) VALUES (4,3);
INSERT IGNORE INTO `tblReponseQuestionGrille` (`IdQuestionGrille`,`IdReponse`) VALUES (4,4);
INSERT IGNORE INTO `tblReponseQuestionGrille` (`IdQuestionGrille`,`IdReponse`) VALUES (5,1);
INSERT IGNORE INTO `tblReponseQuestionGrille` (`IdQuestionGrille`,`IdReponse`) VALUES (5,2);
INSERT IGNORE INTO `tblReponseQuestionGrille` (`IdQuestionGrille`,`IdReponse`) VALUES (5,3);
INSERT IGNORE INTO `tblReponseQuestionGrille` (`IdQuestionGrille`,`IdReponse`) VALUES (5,4);
INSERT IGNORE INTO `tblReponseQuestionGrille` (`IdQuestionGrille`,`IdReponse`) VALUES (6,1);
INSERT IGNORE INTO `tblReponseQuestionGrille` (`IdQuestionGrille`,`IdReponse`) VALUES (6,2);
INSERT IGNORE INTO `tblReponseQuestionGrille` (`IdQuestionGrille`,`IdReponse`) VALUES (6,3);
INSERT IGNORE INTO `tblReponseQuestionGrille` (`IdQuestionGrille`,`IdReponse`) VALUES (6,4);
INSERT IGNORE INTO `tblReponseQuestionGrille` (`IdQuestionGrille`,`IdReponse`) VALUES (7,1);
INSERT IGNORE INTO `tblReponseQuestionGrille` (`IdQuestionGrille`,`IdReponse`) VALUES (7,2);
INSERT IGNORE INTO `tblReponseQuestionGrille` (`IdQuestionGrille`,`IdReponse`) VALUES (7,3);
INSERT IGNORE INTO `tblReponseQuestionGrille` (`IdQuestionGrille`,`IdReponse`) VALUES (7,4);
INSERT IGNORE INTO `tblReponseQuestionGrille` (`IdQuestionGrille`,`IdReponse`) VALUES (8,1);
INSERT IGNORE INTO `tblReponseQuestionGrille` (`IdQuestionGrille`,`IdReponse`) VALUES (8,2);
INSERT IGNORE INTO `tblReponseQuestionGrille` (`IdQuestionGrille`,`IdReponse`) VALUES (8,3);
INSERT IGNORE INTO `tblReponseQuestionGrille` (`IdQuestionGrille`,`IdReponse`) VALUES (8,4);
INSERT IGNORE INTO `tblReponseQuestionGrille` (`IdQuestionGrille`,`IdReponse`) VALUES (9,1);
INSERT IGNORE INTO `tblReponseQuestionGrille` (`IdQuestionGrille`,`IdReponse`) VALUES (9,2);
INSERT IGNORE INTO `tblReponseQuestionGrille` (`IdQuestionGrille`,`IdReponse`) VALUES (9,3);
INSERT IGNORE INTO `tblReponseQuestionGrille` (`IdQuestionGrille`,`IdReponse`) VALUES (9,4);
INSERT IGNORE INTO `tblReponseQuestionGrille` (`IdQuestionGrille`,`IdReponse`) VALUES (10,1);
INSERT IGNORE INTO `tblReponseQuestionGrille` (`IdQuestionGrille`,`IdReponse`) VALUES (10,2);
INSERT IGNORE INTO `tblReponseQuestionGrille` (`IdQuestionGrille`,`IdReponse`) VALUES (10,3);
INSERT IGNORE INTO `tblReponseQuestionGrille` (`IdQuestionGrille`,`IdReponse`) VALUES (10,4);
INSERT IGNORE INTO `tblReponseQuestionGrille` (`IdQuestionGrille`,`IdReponse`) VALUES (11,1);
INSERT IGNORE INTO `tblReponseQuestionGrille` (`IdQuestionGrille`,`IdReponse`) VALUES (11,2);
INSERT IGNORE INTO `tblReponseQuestionGrille` (`IdQuestionGrille`,`IdReponse`) VALUES (11,3);
INSERT IGNORE INTO `tblReponseQuestionGrille` (`IdQuestionGrille`,`IdReponse`) VALUES (11,4);
INSERT IGNORE INTO `tblReponseQuestionGrille` (`IdQuestionGrille`,`IdReponse`) VALUES (12,1);
INSERT IGNORE INTO `tblReponseQuestionGrille` (`IdQuestionGrille`,`IdReponse`) VALUES (12,2);
INSERT IGNORE INTO `tblReponseQuestionGrille` (`IdQuestionGrille`,`IdReponse`) VALUES (12,3);
INSERT IGNORE INTO `tblReponseQuestionGrille` (`IdQuestionGrille`,`IdReponse`) VALUES (12,4);
INSERT IGNORE INTO `tblReponseQuestionGrille` (`IdQuestionGrille`,`IdReponse`) VALUES (13,1);
INSERT IGNORE INTO `tblReponseQuestionGrille` (`IdQuestionGrille`,`IdReponse`) VALUES (13,2);
INSERT IGNORE INTO `tblReponseQuestionGrille` (`IdQuestionGrille`,`IdReponse`) VALUES (13,3);
INSERT IGNORE INTO `tblReponseQuestionGrille` (`IdQuestionGrille`,`IdReponse`) VALUES (13,4);
INSERT IGNORE INTO `tblReponseQuestionGrille` (`IdQuestionGrille`,`IdReponse`) VALUES (14,1);
INSERT IGNORE INTO `tblReponseQuestionGrille` (`IdQuestionGrille`,`IdReponse`) VALUES (14,2);
INSERT IGNORE INTO `tblReponseQuestionGrille` (`IdQuestionGrille`,`IdReponse`) VALUES (14,3);
INSERT IGNORE INTO `tblReponseQuestionGrille` (`IdQuestionGrille`,`IdReponse`) VALUES (14,4);
INSERT IGNORE INTO `tblReponseQuestionGrille` (`IdQuestionGrille`,`IdReponse`) VALUES (15,1);
INSERT IGNORE INTO `tblReponseQuestionGrille` (`IdQuestionGrille`,`IdReponse`) VALUES (15,2);
INSERT IGNORE INTO `tblReponseQuestionGrille` (`IdQuestionGrille`,`IdReponse`) VALUES (15,3);
INSERT IGNORE INTO `tblReponseQuestionGrille` (`IdQuestionGrille`,`IdReponse`) VALUES (15,4);
INSERT IGNORE INTO `tblReponseQuestionGrille` (`IdQuestionGrille`,`IdReponse`) VALUES (16,1);
INSERT IGNORE INTO `tblReponseQuestionGrille` (`IdQuestionGrille`,`IdReponse`) VALUES (16,2);
INSERT IGNORE INTO `tblReponseQuestionGrille` (`IdQuestionGrille`,`IdReponse`) VALUES (16,3);
INSERT IGNORE INTO `tblReponseQuestionGrille` (`IdQuestionGrille`,`IdReponse`) VALUES (16,4);
INSERT IGNORE INTO `tblReponseQuestionGrille` (`IdQuestionGrille`,`IdReponse`) VALUES (17,1);
INSERT IGNORE INTO `tblReponseQuestionGrille` (`IdQuestionGrille`,`IdReponse`) VALUES (17,2);
INSERT IGNORE INTO `tblReponseQuestionGrille` (`IdQuestionGrille`,`IdReponse`) VALUES (17,3);
INSERT IGNORE INTO `tblReponseQuestionGrille` (`IdQuestionGrille`,`IdReponse`) VALUES (17,4);
INSERT IGNORE INTO `tblReponseQuestionGrille` (`IdQuestionGrille`,`IdReponse`) VALUES (18,1);
INSERT IGNORE INTO `tblReponseQuestionGrille` (`IdQuestionGrille`,`IdReponse`) VALUES (18,2);
INSERT IGNORE INTO `tblReponseQuestionGrille` (`IdQuestionGrille`,`IdReponse`) VALUES (18,3);
INSERT IGNORE INTO `tblReponseQuestionGrille` (`IdQuestionGrille`,`IdReponse`) VALUES (18,4);
INSERT IGNORE INTO `tblReponseQuestionGrille` (`IdQuestionGrille`,`IdReponse`) VALUES (19,1);
INSERT IGNORE INTO `tblReponseQuestionGrille` (`IdQuestionGrille`,`IdReponse`) VALUES (19,2);
INSERT IGNORE INTO `tblReponseQuestionGrille` (`IdQuestionGrille`,`IdReponse`) VALUES (19,3);
INSERT IGNORE INTO `tblReponseQuestionGrille` (`IdQuestionGrille`,`IdReponse`) VALUES (19,4);
INSERT IGNORE INTO `tblReponseQuestionGrille` (`IdQuestionGrille`,`IdReponse`) VALUES (20,1);
INSERT IGNORE INTO `tblReponseQuestionGrille` (`IdQuestionGrille`,`IdReponse`) VALUES (20,2);
INSERT IGNORE INTO `tblReponseQuestionGrille` (`IdQuestionGrille`,`IdReponse`) VALUES (20,3);
INSERT IGNORE INTO `tblReponseQuestionGrille` (`IdQuestionGrille`,`IdReponse`) VALUES (20,4);
INSERT IGNORE INTO `tblReponseQuestionGrille` (`IdQuestionGrille`,`IdReponse`) VALUES (21,1);
INSERT IGNORE INTO `tblReponseQuestionGrille` (`IdQuestionGrille`,`IdReponse`) VALUES (21,2);
INSERT IGNORE INTO `tblReponseQuestionGrille` (`IdQuestionGrille`,`IdReponse`) VALUES (21,3);
INSERT IGNORE INTO `tblReponseQuestionGrille` (`IdQuestionGrille`,`IdReponse`) VALUES (21,4);
INSERT IGNORE INTO `tblReponseQuestionGrille` (`IdQuestionGrille`,`IdReponse`) VALUES (22,1);
INSERT IGNORE INTO `tblReponseQuestionGrille` (`IdQuestionGrille`,`IdReponse`) VALUES (22,2);
INSERT IGNORE INTO `tblReponseQuestionGrille` (`IdQuestionGrille`,`IdReponse`) VALUES (22,3);
INSERT IGNORE INTO `tblReponseQuestionGrille` (`IdQuestionGrille`,`IdReponse`) VALUES (22,4);
INSERT IGNORE INTO `tblReponseQuestionGrille` (`IdQuestionGrille`,`IdReponse`) VALUES (23,1);
INSERT IGNORE INTO `tblReponseQuestionGrille` (`IdQuestionGrille`,`IdReponse`) VALUES (23,2);
INSERT IGNORE INTO `tblReponseQuestionGrille` (`IdQuestionGrille`,`IdReponse`) VALUES (23,3);
INSERT IGNORE INTO `tblReponseQuestionGrille` (`IdQuestionGrille`,`IdReponse`) VALUES (23,4);
INSERT IGNORE INTO `tblReponseQuestionGrille` (`IdQuestionGrille`,`IdReponse`) VALUES (24,1);
INSERT IGNORE INTO `tblReponseQuestionGrille` (`IdQuestionGrille`,`IdReponse`) VALUES (24,2);
INSERT IGNORE INTO `tblReponseQuestionGrille` (`IdQuestionGrille`,`IdReponse`) VALUES (24,3);
INSERT IGNORE INTO `tblReponseQuestionGrille` (`IdQuestionGrille`,`IdReponse`) VALUES (24,4);
INSERT IGNORE INTO `tblReponseQuestionGrille` (`IdQuestionGrille`,`IdReponse`) VALUES (25,1);
INSERT IGNORE INTO `tblReponseQuestionGrille` (`IdQuestionGrille`,`IdReponse`) VALUES (25,2);
INSERT IGNORE INTO `tblReponseQuestionGrille` (`IdQuestionGrille`,`IdReponse`) VALUES (25,3);
INSERT IGNORE INTO `tblReponseQuestionGrille` (`IdQuestionGrille`,`IdReponse`) VALUES (25,4);
INSERT IGNORE INTO `tblReponseQuestionGrille` (`IdQuestionGrille`,`IdReponse`) VALUES (26,1);
INSERT IGNORE INTO `tblReponseQuestionGrille` (`IdQuestionGrille`,`IdReponse`) VALUES (26,2);
INSERT IGNORE INTO `tblReponseQuestionGrille` (`IdQuestionGrille`,`IdReponse`) VALUES (26,3);
INSERT IGNORE INTO `tblReponseQuestionGrille` (`IdQuestionGrille`,`IdReponse`) VALUES (26,4);
INSERT IGNORE INTO `tblReponseQuestionGrille` (`IdQuestionGrille`,`IdReponse`) VALUES (27,1);
INSERT IGNORE INTO `tblReponseQuestionGrille` (`IdQuestionGrille`,`IdReponse`) VALUES (27,2);
INSERT IGNORE INTO `tblReponseQuestionGrille` (`IdQuestionGrille`,`IdReponse`) VALUES (27,3);
INSERT IGNORE INTO `tblReponseQuestionGrille` (`IdQuestionGrille`,`IdReponse`) VALUES (27,4);
INSERT IGNORE INTO `tblReponseQuestionGrille` (`IdQuestionGrille`,`IdReponse`) VALUES (28,1);
INSERT IGNORE INTO `tblReponseQuestionGrille` (`IdQuestionGrille`,`IdReponse`) VALUES (28,2);
INSERT IGNORE INTO `tblReponseQuestionGrille` (`IdQuestionGrille`,`IdReponse`) VALUES (28,3);
INSERT IGNORE INTO `tblReponseQuestionGrille` (`IdQuestionGrille`,`IdReponse`) VALUES (28,4);
INSERT IGNORE INTO `tblReponseQuestionGrille` (`IdQuestionGrille`,`IdReponse`) VALUES (29,1);
INSERT IGNORE INTO `tblReponseQuestionGrille` (`IdQuestionGrille`,`IdReponse`) VALUES (29,2);
INSERT IGNORE INTO `tblReponseQuestionGrille` (`IdQuestionGrille`,`IdReponse`) VALUES (29,3);
INSERT IGNORE INTO `tblReponseQuestionGrille` (`IdQuestionGrille`,`IdReponse`) VALUES (29,4);
INSERT IGNORE INTO `tblReponseQuestionGrille` (`IdQuestionGrille`,`IdReponse`) VALUES (30,1);
INSERT IGNORE INTO `tblReponseQuestionGrille` (`IdQuestionGrille`,`IdReponse`) VALUES (30,2);
INSERT IGNORE INTO `tblReponseQuestionGrille` (`IdQuestionGrille`,`IdReponse`) VALUES (30,3);
INSERT IGNORE INTO `tblReponseQuestionGrille` (`IdQuestionGrille`,`IdReponse`) VALUES (30,4);
INSERT IGNORE INTO `tblReponseQuestionGrille` (`IdQuestionGrille`,`IdReponse`) VALUES (31,1);
INSERT IGNORE INTO `tblReponseQuestionGrille` (`IdQuestionGrille`,`IdReponse`) VALUES (31,2);
INSERT IGNORE INTO `tblReponseQuestionGrille` (`IdQuestionGrille`,`IdReponse`) VALUES (31,3);
INSERT IGNORE INTO `tblReponseQuestionGrille` (`IdQuestionGrille`,`IdReponse`) VALUES (31,4);
INSERT IGNORE INTO `tblReponseQuestionGrille` (`IdQuestionGrille`,`IdReponse`) VALUES (32,1);
INSERT IGNORE INTO `tblReponseQuestionGrille` (`IdQuestionGrille`,`IdReponse`) VALUES (32,2);
INSERT IGNORE INTO `tblReponseQuestionGrille` (`IdQuestionGrille`,`IdReponse`) VALUES (32,3);
INSERT IGNORE INTO `tblReponseQuestionGrille` (`IdQuestionGrille`,`IdReponse`) VALUES (32,4);
INSERT IGNORE INTO `tblReponseQuestionGrille` (`IdQuestionGrille`,`IdReponse`) VALUES (33,1);
INSERT IGNORE INTO `tblReponseQuestionGrille` (`IdQuestionGrille`,`IdReponse`) VALUES (33,2);
INSERT IGNORE INTO `tblReponseQuestionGrille` (`IdQuestionGrille`,`IdReponse`) VALUES (33,3);
INSERT IGNORE INTO `tblReponseQuestionGrille` (`IdQuestionGrille`,`IdReponse`) VALUES (33,4);
INSERT IGNORE INTO `tblReponseQuestionGrille` (`IdQuestionGrille`,`IdReponse`) VALUES (34,1);
INSERT IGNORE INTO `tblReponseQuestionGrille` (`IdQuestionGrille`,`IdReponse`) VALUES (34,2);
INSERT IGNORE INTO `tblReponseQuestionGrille` (`IdQuestionGrille`,`IdReponse`) VALUES (34,3);
INSERT IGNORE INTO `tblReponseQuestionGrille` (`IdQuestionGrille`,`IdReponse`) VALUES (34,4);



INSERT IGNORE INTO `tblSuperviseur` (`Id`,`IdEmployeEntreprise`) VALUES (1,1);
INSERT IGNORE INTO `tblSuperviseur` (`Id`,`IdEmployeEntreprise`) VALUES (2,2);
INSERT IGNORE INTO `tblSuperviseur` (`Id`,`IdEmployeEntreprise`) VALUES (3,3);
INSERT IGNORE INTO `tblSuperviseur` (`Id`,`IdEmployeEntreprise`) VALUES (4,4);
INSERT IGNORE INTO `tblSuperviseur` (`Id`,`IdEmployeEntreprise`) VALUES (5,5);
INSERT IGNORE INTO `tblSuperviseur` (`Id`,`IdEmployeEntreprise`) VALUES (6,6);
INSERT IGNORE INTO `tblSuperviseur` (`Id`,`IdEmployeEntreprise`) VALUES (7,7);
INSERT IGNORE INTO `tblSuperviseur` (`Id`,`IdEmployeEntreprise`) VALUES (8,8);
INSERT IGNORE INTO `tblSuperviseur` (`Id`,`IdEmployeEntreprise`) VALUES (9,9);
INSERT IGNORE INTO `tblSuperviseur` (`Id`,`IdEmployeEntreprise`) VALUES (10,10);
INSERT IGNORE INTO `tblSuperviseur` (`Id`,`IdEmployeEntreprise`) VALUES (11,11);
INSERT IGNORE INTO `tblSuperviseur` (`Id`,`IdEmployeEntreprise`) VALUES (12,12);
INSERT IGNORE INTO `tblSuperviseur` (`Id`,`IdEmployeEntreprise`) VALUES (13,13);
INSERT IGNORE INTO `tblSuperviseur` (`Id`,`IdEmployeEntreprise`) VALUES (14,14);
INSERT IGNORE INTO `tblSuperviseur` (`Id`,`IdEmployeEntreprise`) VALUES (15,15);
INSERT IGNORE INTO `tblSuperviseur` (`Id`,`IdEmployeEntreprise`) VALUES (16,16);
INSERT IGNORE INTO `tblSuperviseur` (`Id`,`IdEmployeEntreprise`) VALUES (17,17);
INSERT IGNORE INTO `tblSuperviseur` (`Id`,`IdEmployeEntreprise`) VALUES (18,18);
INSERT IGNORE INTO `tblSuperviseur` (`Id`,`IdEmployeEntreprise`) VALUES (19,19);
INSERT IGNORE INTO `tblSuperviseur` (`Id`,`IdEmployeEntreprise`) VALUES (20,20);
INSERT IGNORE INTO `tblSuperviseur` (`Id`,`IdEmployeEntreprise`) VALUES (21,21);
INSERT IGNORE INTO `tblSuperviseur` (`Id`,`IdEmployeEntreprise`) VALUES (22,22);
INSERT IGNORE INTO `tblSuperviseur` (`Id`,`IdEmployeEntreprise`) VALUES (23,23);
INSERT IGNORE INTO `tblSuperviseur` (`Id`,`IdEmployeEntreprise`) VALUES (24,24);
INSERT IGNORE INTO `tblSuperviseur` (`Id`,`IdEmployeEntreprise`) VALUES (25,25);
INSERT IGNORE INTO `tblSuperviseur` (`Id`,`IdEmployeEntreprise`) VALUES (26,26);
INSERT IGNORE INTO `tblSuperviseur` (`Id`,`IdEmployeEntreprise`) VALUES (27,27);
INSERT IGNORE INTO `tblSuperviseur` (`Id`,`IdEmployeEntreprise`) VALUES (28,28);
INSERT IGNORE INTO `tblSuperviseur` (`Id`,`IdEmployeEntreprise`) VALUES (29,29);
INSERT IGNORE INTO `tblSuperviseur` (`Id`,`IdEmployeEntreprise`) VALUES (30,30);



INSERT IGNORE INTO `tblSuperviseurEvaluationStagiaireStage` (`IdEvaluation`,`IdSuperviseur`,`IdStage`,`IdStagiaire`) VALUES (1,1,1,1);
INSERT IGNORE INTO `tblSuperviseurEvaluationStagiaireStage` (`IdEvaluation`,`IdSuperviseur`,`IdStage`,`IdStagiaire`) VALUES (3,2,2,2);
INSERT IGNORE INTO `tblSuperviseurEvaluationStagiaireStage` (`IdEvaluation`,`IdSuperviseur`,`IdStage`,`IdStagiaire`) VALUES (5,3,3,3);
INSERT IGNORE INTO `tblSuperviseurEvaluationStagiaireStage` (`IdEvaluation`,`IdSuperviseur`,`IdStage`,`IdStagiaire`) VALUES (7,4,4,4);
INSERT IGNORE INTO `tblSuperviseurEvaluationStagiaireStage` (`IdEvaluation`,`IdSuperviseur`,`IdStage`,`IdStagiaire`) VALUES (9,5,5,5);
INSERT IGNORE INTO `tblSuperviseurEvaluationStagiaireStage` (`IdEvaluation`,`IdSuperviseur`,`IdStage`,`IdStagiaire`) VALUES (11,6,6,6);
INSERT IGNORE INTO `tblSuperviseurEvaluationStagiaireStage` (`IdEvaluation`,`IdSuperviseur`,`IdStage`,`IdStagiaire`) VALUES (13,7,7,7);
INSERT IGNORE INTO `tblSuperviseurEvaluationStagiaireStage` (`IdEvaluation`,`IdSuperviseur`,`IdStage`,`IdStagiaire`) VALUES (15,8,8,8);
INSERT IGNORE INTO `tblSuperviseurEvaluationStagiaireStage` (`IdEvaluation`,`IdSuperviseur`,`IdStage`,`IdStagiaire`) VALUES (17,9,9,9);
INSERT IGNORE INTO `tblSuperviseurEvaluationStagiaireStage` (`IdEvaluation`,`IdSuperviseur`,`IdStage`,`IdStagiaire`) VALUES (19,10,10,10);
INSERT IGNORE INTO `tblSuperviseurEvaluationStagiaireStage` (`IdEvaluation`,`IdSuperviseur`,`IdStage`,`IdStagiaire`) VALUES (21,11,11,11);
INSERT IGNORE INTO `tblSuperviseurEvaluationStagiaireStage` (`IdEvaluation`,`IdSuperviseur`,`IdStage`,`IdStagiaire`) VALUES (23,12,12,12);
INSERT IGNORE INTO `tblSuperviseurEvaluationStagiaireStage` (`IdEvaluation`,`IdSuperviseur`,`IdStage`,`IdStagiaire`) VALUES (25,13,13,13);
INSERT IGNORE INTO `tblSuperviseurEvaluationStagiaireStage` (`IdEvaluation`,`IdSuperviseur`,`IdStage`,`IdStagiaire`) VALUES (27,14,14,14);
INSERT IGNORE INTO `tblSuperviseurEvaluationStagiaireStage` (`IdEvaluation`,`IdSuperviseur`,`IdStage`,`IdStagiaire`) VALUES (29,15,15,15);
INSERT IGNORE INTO `tblSuperviseurEvaluationStagiaireStage` (`IdEvaluation`,`IdSuperviseur`,`IdStage`,`IdStagiaire`) VALUES (31,16,16,16);
INSERT IGNORE INTO `tblSuperviseurEvaluationStagiaireStage` (`IdEvaluation`,`IdSuperviseur`,`IdStage`,`IdStagiaire`) VALUES (33,17,17,17);
INSERT IGNORE INTO `tblSuperviseurEvaluationStagiaireStage` (`IdEvaluation`,`IdSuperviseur`,`IdStage`,`IdStagiaire`) VALUES (35,18,18,18);
INSERT IGNORE INTO `tblSuperviseurEvaluationStagiaireStage` (`IdEvaluation`,`IdSuperviseur`,`IdStage`,`IdStagiaire`) VALUES (37,19,19,19);
INSERT IGNORE INTO `tblSuperviseurEvaluationStagiaireStage` (`IdEvaluation`,`IdSuperviseur`,`IdStage`,`IdStagiaire`) VALUES (39,20,20,20);
INSERT IGNORE INTO `tblSuperviseurEvaluationStagiaireStage` (`IdEvaluation`,`IdSuperviseur`,`IdStage`,`IdStagiaire`) VALUES (41,21,21,21);
INSERT IGNORE INTO `tblSuperviseurEvaluationStagiaireStage` (`IdEvaluation`,`IdSuperviseur`,`IdStage`,`IdStagiaire`) VALUES (43,22,22,22);
INSERT IGNORE INTO `tblSuperviseurEvaluationStagiaireStage` (`IdEvaluation`,`IdSuperviseur`,`IdStage`,`IdStagiaire`) VALUES (45,23,23,23);
INSERT IGNORE INTO `tblSuperviseurEvaluationStagiaireStage` (`IdEvaluation`,`IdSuperviseur`,`IdStage`,`IdStagiaire`) VALUES (47,24,24,24);
INSERT IGNORE INTO `tblSuperviseurEvaluationStagiaireStage` (`IdEvaluation`,`IdSuperviseur`,`IdStage`,`IdStagiaire`) VALUES (49,25,25,25);
INSERT IGNORE INTO `tblSuperviseurEvaluationStagiaireStage` (`IdEvaluation`,`IdSuperviseur`,`IdStage`,`IdStagiaire`) VALUES (51,26,26,26);
INSERT IGNORE INTO `tblSuperviseurEvaluationStagiaireStage` (`IdEvaluation`,`IdSuperviseur`,`IdStage`,`IdStagiaire`) VALUES (53,27,27,27);
INSERT IGNORE INTO `tblSuperviseurEvaluationStagiaireStage` (`IdEvaluation`,`IdSuperviseur`,`IdStage`,`IdStagiaire`) VALUES (55,28,28,28);
INSERT IGNORE INTO `tblSuperviseurEvaluationStagiaireStage` (`IdEvaluation`,`IdSuperviseur`,`IdStage`,`IdStagiaire`) VALUES (57,29,29,29);
INSERT IGNORE INTO `tblSuperviseurEvaluationStagiaireStage` (`IdEvaluation`,`IdSuperviseur`,`IdStage`,`IdStagiaire`) VALUES (59,30,30,30);
INSERT IGNORE INTO `tblSuperviseurEvaluationStagiaireStage` (`IdEvaluation`,`IdSuperviseur`,`IdStage`,`IdStagiaire`) VALUES (61,31,31,31);
INSERT IGNORE INTO `tblSuperviseurEvaluationStagiaireStage` (`IdEvaluation`,`IdSuperviseur`,`IdStage`,`IdStagiaire`) VALUES (63,32,32,32);
INSERT IGNORE INTO `tblSuperviseurEvaluationStagiaireStage` (`IdEvaluation`,`IdSuperviseur`,`IdStage`,`IdStagiaire`) VALUES (65,33,33,33);
INSERT IGNORE INTO `tblSuperviseurEvaluationStagiaireStage` (`IdEvaluation`,`IdSuperviseur`,`IdStage`,`IdStagiaire`) VALUES (67,34,34,34);
INSERT IGNORE INTO `tblSuperviseurEvaluationStagiaireStage` (`IdEvaluation`,`IdSuperviseur`,`IdStage`,`IdStagiaire`) VALUES (69,35,35,35);
INSERT IGNORE INTO `tblSuperviseurEvaluationStagiaireStage` (`IdEvaluation`,`IdSuperviseur`,`IdStage`,`IdStagiaire`) VALUES (71,36,36,36);
INSERT IGNORE INTO `tblSuperviseurEvaluationStagiaireStage` (`IdEvaluation`,`IdSuperviseur`,`IdStage`,`IdStagiaire`) VALUES (73,37,37,37);
INSERT IGNORE INTO `tblSuperviseurEvaluationStagiaireStage` (`IdEvaluation`,`IdSuperviseur`,`IdStage`,`IdStagiaire`) VALUES (75,38,38,38);
INSERT IGNORE INTO `tblSuperviseurEvaluationStagiaireStage` (`IdEvaluation`,`IdSuperviseur`,`IdStage`,`IdStagiaire`) VALUES (77,39,39,39);
INSERT IGNORE INTO `tblSuperviseurEvaluationStagiaireStage` (`IdEvaluation`,`IdSuperviseur`,`IdStage`,`IdStagiaire`) VALUES (79,40,40,40);
INSERT IGNORE INTO `tblSuperviseurEvaluationStagiaireStage` (`IdEvaluation`,`IdSuperviseur`,`IdStage`,`IdStagiaire`) VALUES (81,41,41,41);
INSERT IGNORE INTO `tblSuperviseurEvaluationStagiaireStage` (`IdEvaluation`,`IdSuperviseur`,`IdStage`,`IdStagiaire`) VALUES (83,42,42,42);
INSERT IGNORE INTO `tblSuperviseurEvaluationStagiaireStage` (`IdEvaluation`,`IdSuperviseur`,`IdStage`,`IdStagiaire`) VALUES (85,43,43,43);
INSERT IGNORE INTO `tblSuperviseurEvaluationStagiaireStage` (`IdEvaluation`,`IdSuperviseur`,`IdStage`,`IdStagiaire`) VALUES (87,44,44,44);
INSERT IGNORE INTO `tblSuperviseurEvaluationStagiaireStage` (`IdEvaluation`,`IdSuperviseur`,`IdStage`,`IdStagiaire`) VALUES (89,45,45,45);
INSERT IGNORE INTO `tblSuperviseurEvaluationStagiaireStage` (`IdEvaluation`,`IdSuperviseur`,`IdStage`,`IdStagiaire`) VALUES (91,46,46,46);
INSERT IGNORE INTO `tblSuperviseurEvaluationStagiaireStage` (`IdEvaluation`,`IdSuperviseur`,`IdStage`,`IdStagiaire`) VALUES (93,47,47,47);
INSERT IGNORE INTO `tblSuperviseurEvaluationStagiaireStage` (`IdEvaluation`,`IdSuperviseur`,`IdStage`,`IdStagiaire`) VALUES (95,48,48,48);
INSERT IGNORE INTO `tblSuperviseurEvaluationStagiaireStage` (`IdEvaluation`,`IdSuperviseur`,`IdStage`,`IdStagiaire`) VALUES (97,49,49,49);

INSERT IGNORE INTO `tblSuperviseurEvaluationStagiaireStage` (`IdEvaluation`,`IdSuperviseur`,`IdStage`,`IdStagiaire`) VALUES (2,1,1,1);
INSERT IGNORE INTO `tblSuperviseurEvaluationStagiaireStage` (`IdEvaluation`,`IdSuperviseur`,`IdStage`,`IdStagiaire`) VALUES (4,2,2,2);
INSERT IGNORE INTO `tblSuperviseurEvaluationStagiaireStage` (`IdEvaluation`,`IdSuperviseur`,`IdStage`,`IdStagiaire`) VALUES (6,3,3,3);
INSERT IGNORE INTO `tblSuperviseurEvaluationStagiaireStage` (`IdEvaluation`,`IdSuperviseur`,`IdStage`,`IdStagiaire`) VALUES (8,4,4,4);
INSERT IGNORE INTO `tblSuperviseurEvaluationStagiaireStage` (`IdEvaluation`,`IdSuperviseur`,`IdStage`,`IdStagiaire`) VALUES (10,5,5,5);
INSERT IGNORE INTO `tblSuperviseurEvaluationStagiaireStage` (`IdEvaluation`,`IdSuperviseur`,`IdStage`,`IdStagiaire`) VALUES (12,6,6,6);
INSERT IGNORE INTO `tblSuperviseurEvaluationStagiaireStage` (`IdEvaluation`,`IdSuperviseur`,`IdStage`,`IdStagiaire`) VALUES (14,7,7,7);
INSERT IGNORE INTO `tblSuperviseurEvaluationStagiaireStage` (`IdEvaluation`,`IdSuperviseur`,`IdStage`,`IdStagiaire`) VALUES (16,8,8,8);
INSERT IGNORE INTO `tblSuperviseurEvaluationStagiaireStage` (`IdEvaluation`,`IdSuperviseur`,`IdStage`,`IdStagiaire`) VALUES (18,9,9,9);
INSERT IGNORE INTO `tblSuperviseurEvaluationStagiaireStage` (`IdEvaluation`,`IdSuperviseur`,`IdStage`,`IdStagiaire`) VALUES (20,10,10,10);
INSERT IGNORE INTO `tblSuperviseurEvaluationStagiaireStage` (`IdEvaluation`,`IdSuperviseur`,`IdStage`,`IdStagiaire`) VALUES (22,11,11,11);
INSERT IGNORE INTO `tblSuperviseurEvaluationStagiaireStage` (`IdEvaluation`,`IdSuperviseur`,`IdStage`,`IdStagiaire`) VALUES (24,12,12,12);
INSERT IGNORE INTO `tblSuperviseurEvaluationStagiaireStage` (`IdEvaluation`,`IdSuperviseur`,`IdStage`,`IdStagiaire`) VALUES (26,13,13,13);
INSERT IGNORE INTO `tblSuperviseurEvaluationStagiaireStage` (`IdEvaluation`,`IdSuperviseur`,`IdStage`,`IdStagiaire`) VALUES (28,14,14,14);
INSERT IGNORE INTO `tblSuperviseurEvaluationStagiaireStage` (`IdEvaluation`,`IdSuperviseur`,`IdStage`,`IdStagiaire`) VALUES (30,15,15,15);
INSERT IGNORE INTO `tblSuperviseurEvaluationStagiaireStage` (`IdEvaluation`,`IdSuperviseur`,`IdStage`,`IdStagiaire`) VALUES (32,16,16,16);
INSERT IGNORE INTO `tblSuperviseurEvaluationStagiaireStage` (`IdEvaluation`,`IdSuperviseur`,`IdStage`,`IdStagiaire`) VALUES (34,17,17,17);
INSERT IGNORE INTO `tblSuperviseurEvaluationStagiaireStage` (`IdEvaluation`,`IdSuperviseur`,`IdStage`,`IdStagiaire`) VALUES (36,18,18,18);
INSERT IGNORE INTO `tblSuperviseurEvaluationStagiaireStage` (`IdEvaluation`,`IdSuperviseur`,`IdStage`,`IdStagiaire`) VALUES (38,19,19,19);
INSERT IGNORE INTO `tblSuperviseurEvaluationStagiaireStage` (`IdEvaluation`,`IdSuperviseur`,`IdStage`,`IdStagiaire`) VALUES (40,20,20,20);
INSERT IGNORE INTO `tblSuperviseurEvaluationStagiaireStage` (`IdEvaluation`,`IdSuperviseur`,`IdStage`,`IdStagiaire`) VALUES (42,21,21,21);
INSERT IGNORE INTO `tblSuperviseurEvaluationStagiaireStage` (`IdEvaluation`,`IdSuperviseur`,`IdStage`,`IdStagiaire`) VALUES (44,22,22,22);
INSERT IGNORE INTO `tblSuperviseurEvaluationStagiaireStage` (`IdEvaluation`,`IdSuperviseur`,`IdStage`,`IdStagiaire`) VALUES (46,23,23,23);
INSERT IGNORE INTO `tblSuperviseurEvaluationStagiaireStage` (`IdEvaluation`,`IdSuperviseur`,`IdStage`,`IdStagiaire`) VALUES (48,24,24,24);
INSERT IGNORE INTO `tblSuperviseurEvaluationStagiaireStage` (`IdEvaluation`,`IdSuperviseur`,`IdStage`,`IdStagiaire`) VALUES (50,25,25,25);
INSERT IGNORE INTO `tblSuperviseurEvaluationStagiaireStage` (`IdEvaluation`,`IdSuperviseur`,`IdStage`,`IdStagiaire`) VALUES (52,26,26,26);
INSERT IGNORE INTO `tblSuperviseurEvaluationStagiaireStage` (`IdEvaluation`,`IdSuperviseur`,`IdStage`,`IdStagiaire`) VALUES (54,27,27,27);
INSERT IGNORE INTO `tblSuperviseurEvaluationStagiaireStage` (`IdEvaluation`,`IdSuperviseur`,`IdStage`,`IdStagiaire`) VALUES (56,28,28,28);
INSERT IGNORE INTO `tblSuperviseurEvaluationStagiaireStage` (`IdEvaluation`,`IdSuperviseur`,`IdStage`,`IdStagiaire`) VALUES (58,29,29,29);
INSERT IGNORE INTO `tblSuperviseurEvaluationStagiaireStage` (`IdEvaluation`,`IdSuperviseur`,`IdStage`,`IdStagiaire`) VALUES (60,30,30,30);
INSERT IGNORE INTO `tblSuperviseurEvaluationStagiaireStage` (`IdEvaluation`,`IdSuperviseur`,`IdStage`,`IdStagiaire`) VALUES (62,31,31,31);
INSERT IGNORE INTO `tblSuperviseurEvaluationStagiaireStage` (`IdEvaluation`,`IdSuperviseur`,`IdStage`,`IdStagiaire`) VALUES (64,32,32,32);
INSERT IGNORE INTO `tblSuperviseurEvaluationStagiaireStage` (`IdEvaluation`,`IdSuperviseur`,`IdStage`,`IdStagiaire`) VALUES (66,33,33,33);
INSERT IGNORE INTO `tblSuperviseurEvaluationStagiaireStage` (`IdEvaluation`,`IdSuperviseur`,`IdStage`,`IdStagiaire`) VALUES (68,34,34,34);
INSERT IGNORE INTO `tblSuperviseurEvaluationStagiaireStage` (`IdEvaluation`,`IdSuperviseur`,`IdStage`,`IdStagiaire`) VALUES (70,35,35,35);
INSERT IGNORE INTO `tblSuperviseurEvaluationStagiaireStage` (`IdEvaluation`,`IdSuperviseur`,`IdStage`,`IdStagiaire`) VALUES (72,36,36,36);
INSERT IGNORE INTO `tblSuperviseurEvaluationStagiaireStage` (`IdEvaluation`,`IdSuperviseur`,`IdStage`,`IdStagiaire`) VALUES (74,37,37,37);
INSERT IGNORE INTO `tblSuperviseurEvaluationStagiaireStage` (`IdEvaluation`,`IdSuperviseur`,`IdStage`,`IdStagiaire`) VALUES (76,38,38,38);
INSERT IGNORE INTO `tblSuperviseurEvaluationStagiaireStage` (`IdEvaluation`,`IdSuperviseur`,`IdStage`,`IdStagiaire`) VALUES (78,39,39,39);
INSERT IGNORE INTO `tblSuperviseurEvaluationStagiaireStage` (`IdEvaluation`,`IdSuperviseur`,`IdStage`,`IdStagiaire`) VALUES (80,40,40,40);
INSERT IGNORE INTO `tblSuperviseurEvaluationStagiaireStage` (`IdEvaluation`,`IdSuperviseur`,`IdStage`,`IdStagiaire`) VALUES (82,41,41,41);
INSERT IGNORE INTO `tblSuperviseurEvaluationStagiaireStage` (`IdEvaluation`,`IdSuperviseur`,`IdStage`,`IdStagiaire`) VALUES (84,42,42,42);
INSERT IGNORE INTO `tblSuperviseurEvaluationStagiaireStage` (`IdEvaluation`,`IdSuperviseur`,`IdStage`,`IdStagiaire`) VALUES (86,43,43,43);
INSERT IGNORE INTO `tblSuperviseurEvaluationStagiaireStage` (`IdEvaluation`,`IdSuperviseur`,`IdStage`,`IdStagiaire`) VALUES (88,44,44,44);
INSERT IGNORE INTO `tblSuperviseurEvaluationStagiaireStage` (`IdEvaluation`,`IdSuperviseur`,`IdStage`,`IdStagiaire`) VALUES (90,45,45,45);
INSERT IGNORE INTO `tblSuperviseurEvaluationStagiaireStage` (`IdEvaluation`,`IdSuperviseur`,`IdStage`,`IdStagiaire`) VALUES (92,46,46,46);
INSERT IGNORE INTO `tblSuperviseurEvaluationStagiaireStage` (`IdEvaluation`,`IdSuperviseur`,`IdStage`,`IdStagiaire`) VALUES (94,47,47,47);
INSERT IGNORE INTO `tblSuperviseurEvaluationStagiaireStage` (`IdEvaluation`,`IdSuperviseur`,`IdStage`,`IdStagiaire`) VALUES (96,48,48,48);
INSERT IGNORE INTO `tblSuperviseurEvaluationStagiaireStage` (`IdEvaluation`,`IdSuperviseur`,`IdStage`,`IdStagiaire`) VALUES (98,49,49,49);

INSERT IGNORE INTO `tblJournalDeBord` (`Id`,`Dates`,`Entree`,`Documents`,`IdStagiaire`) VALUES (1,'2017-01-01','Olimpia.Tremblay',NULL,1);
INSERT IGNORE INTO `tblJournalDeBord` (`Id`,`Dates`,`Entree`,`Documents`,`IdStagiaire`) VALUES (2,'2010-01-01','Olga.Bouchard',NULL,2);
INSERT IGNORE INTO `tblJournalDeBord` (`Id`,`Dates`,`Entree`,`Documents`,`IdStagiaire`) VALUES (3,'2010-01-01','LEONARDA.Duchesne',NULL,3);
INSERT IGNORE INTO `tblJournalDeBord` (`Id`,`Dates`,`Entree`,`Documents`,`IdStagiaire`) VALUES (4,'2010-01-01','Kelly.Poirier',NULL,4);
INSERT IGNORE INTO `tblJournalDeBord` (`Id`,`Dates`,`Entree`,`Documents`,`IdStagiaire`) VALUES (5,'2010-01-01','Cyril.Jean',NULL,5);
INSERT IGNORE INTO `tblJournalDeBord` (`Id`,`Dates`,`Entree`,`Documents`,`IdStagiaire`) VALUES (6,'2010-01-01','Rufina.Gilbert',NULL,6);
INSERT IGNORE INTO `tblJournalDeBord` (`Id`,`Dates`,`Entree`,`Documents`,`IdStagiaire`) VALUES (7,'2010-01-01','Torri.Tremblay',NULL,7);
INSERT IGNORE INTO `tblJournalDeBord` (`Id`,`Dates`,`Entree`,`Documents`,`IdStagiaire`) VALUES (8,'2010-01-01','Cliff.Bouchard',NULL,8);
INSERT IGNORE INTO `tblJournalDeBord` (`Id`,`Dates`,`Entree`,`Documents`,`IdStagiaire`) VALUES (9,'2010-01-01','Kyoko.Duchesne',NULL,9);
INSERT IGNORE INTO `tblJournalDeBord` (`Id`,`Dates`,`Entree`,`Documents`,`IdStagiaire`) VALUES (10,'2010-01-01','Elvie.Poirier',NULL,10);
INSERT IGNORE INTO `tblJournalDeBord` (`Id`,`Dates`,`Entree`,`Documents`,`IdStagiaire`) VALUES (11,'2010-01-01','Barba.Jean',NULL,11);
INSERT IGNORE INTO `tblJournalDeBord` (`Id`,`Dates`,`Entree`,`Documents`,`IdStagiaire`) VALUES (12,'2010-01-01','Graig.Gilbert',NULL,12);
INSERT IGNORE INTO `tblJournalDeBord` (`Id`,`Dates`,`Entree`,`Documents`,`IdStagiaire`) VALUES (13,'2010-01-01','Pamala.Tremblay',NULL,13);
INSERT IGNORE INTO `tblJournalDeBord` (`Id`,`Dates`,`Entree`,`Documents`,`IdStagiaire`) VALUES (14,'2010-01-01','Jermaine.Bouchard',NULL,14);
INSERT IGNORE INTO `tblJournalDeBord` (`Id`,`Dates`,`Entree`,`Documents`,`IdStagiaire`) VALUES (15,'2010-01-01','Gérard.Lambert',NULL,15);
INSERT IGNORE INTO `tblJournalDeBord` (`Id`,`Dates`,`Entree`,`Documents`,`IdStagiaire`) VALUES (16,'2010-01-01','Almeta.Poirier',NULL,16);
INSERT IGNORE INTO `tblJournalDeBord` (`Id`,`Dates`,`Entree`,`Documents`,`IdStagiaire`) VALUES (17,'2010-01-01','Denita.Jean',NULL,17);
INSERT IGNORE INTO `tblJournalDeBord` (`Id`,`Dates`,`Entree`,`Documents`,`IdStagiaire`) VALUES (18,'2010-01-01','Larita.Gilbert',NULL,18);
INSERT IGNORE INTO `tblJournalDeBord` (`Id`,`Dates`,`Entree`,`Documents`,`IdStagiaire`) VALUES (19,'2010-01-01','Bridgette.Tremblay',NULL,19);
INSERT IGNORE INTO `tblJournalDeBord` (`Id`,`Dates`,`Entree`,`Documents`,`IdStagiaire`) VALUES (20,'2010-01-01','Sherika.Bouchard',NULL,20);
INSERT IGNORE INTO `tblJournalDeBord` (`Id`,`Dates`,`Entree`,`Documents`,`IdStagiaire`) VALUES (21,'2010-01-01','Monroe.Duchesne',NULL,21);
INSERT IGNORE INTO `tblJournalDeBord` (`Id`,`Dates`,`Entree`,`Documents`,`IdStagiaire`) VALUES (22,'2010-01-01','LIliana.Poirier',NULL,22);
INSERT IGNORE INTO `tblJournalDeBord` (`Id`,`Dates`,`Entree`,`Documents`,`IdStagiaire`) VALUES (23,'2010-01-01','Lavona.Jean',NULL,23);
INSERT IGNORE INTO `tblJournalDeBord` (`Id`,`Dates`,`Entree`,`Documents`,`IdStagiaire`) VALUES (24,'2010-01-01','Manda.Gilbert',NULL,24);
INSERT IGNORE INTO `tblJournalDeBord` (`Id`,`Dates`,`Entree`,`Documents`,`IdStagiaire`) VALUES (25,'2010-01-01','Conchita.Tremblay',NULL,25);
INSERT IGNORE INTO `tblJournalDeBord` (`Id`,`Dates`,`Entree`,`Documents`,`IdStagiaire`) VALUES (26,'2010-01-01','Emanuel.Bouchard',NULL,26);
INSERT IGNORE INTO `tblJournalDeBord` (`Id`,`Dates`,`Entree`,`Documents`,`IdStagiaire`) VALUES (27,'2010-01-01','Celestine.Duchesne',NULL,27);
INSERT IGNORE INTO `tblJournalDeBord` (`Id`,`Dates`,`Entree`,`Documents`,`IdStagiaire`) VALUES (28,'2010-01-01','Rikki.Poirier',NULL,28);
INSERT IGNORE INTO `tblJournalDeBord` (`Id`,`Dates`,`Entree`,`Documents`,`IdStagiaire`) VALUES (29,'2010-01-01','Jean-Jacques.Goldman',NULL,29);
INSERT IGNORE INTO `tblJournalDeBord` (`Id`,`Dates`,`Entree`,`Documents`,`IdStagiaire`) VALUES (30,'2010-01-01','Kelle.Gilbert',NULL,30);
INSERT IGNORE INTO `tblJournalDeBord` (`Id`,`Dates`,`Entree`,`Documents`,`IdStagiaire`) VALUES (31,'2010-01-01','Arlene.Tremblay',NULL,31);
INSERT IGNORE INTO `tblJournalDeBord` (`Id`,`Dates`,`Entree`,`Documents`,`IdStagiaire`) VALUES (32,'2010-01-01','Enoch.Bouchard',NULL,32);
INSERT IGNORE INTO `tblJournalDeBord` (`Id`,`Dates`,`Entree`,`Documents`,`IdStagiaire`) VALUES (33,'2010-01-01','Marsha.Duchesne',NULL,33);
INSERT IGNORE INTO `tblJournalDeBord` (`Id`,`Dates`,`Entree`,`Documents`,`IdStagiaire`) VALUES (34,'2010-01-01','Jeffrey.Poirier',NULL,34);
INSERT IGNORE INTO `tblJournalDeBord` (`Id`,`Dates`,`Entree`,`Documents`,`IdStagiaire`) VALUES (35,'2010-01-01','Jacqueline.Jean',NULL,35);
INSERT IGNORE INTO `tblJournalDeBord` (`Id`,`Dates`,`Entree`,`Documents`,`IdStagiaire`) VALUES (36,'2010-01-01','Reita.Gilbert',NULL,36);
INSERT IGNORE INTO `tblJournalDeBord` (`Id`,`Dates`,`Entree`,`Documents`,`IdStagiaire`) VALUES (37,'2010-01-01','Alix.Tremblay',NULL,37);
INSERT IGNORE INTO `tblJournalDeBord` (`Id`,`Dates`,`Entree`,`Documents`,`IdStagiaire`) VALUES (38,'2010-01-01','Bruce.Bouchard',NULL,38);
INSERT IGNORE INTO `tblJournalDeBord` (`Id`,`Dates`,`Entree`,`Documents`,`IdStagiaire`) VALUES (39,'2010-01-01','Dickie.Duchesne',NULL,39);
INSERT IGNORE INTO `tblJournalDeBord` (`Id`,`Dates`,`Entree`,`Documents`,`IdStagiaire`) VALUES (40,'2010-01-01','Jesusita.Poirier',NULL,40);
INSERT IGNORE INTO `tblJournalDeBord` (`Id`,`Dates`,`Entree`,`Documents`,`IdStagiaire`) VALUES (41,'2010-01-01','Marylou.Jean',NULL,41);
INSERT IGNORE INTO `tblJournalDeBord` (`Id`,`Dates`,`Entree`,`Documents`,`IdStagiaire`) VALUES (42,'2010-01-01','Mariam.Gilbert',NULL,42);
INSERT IGNORE INTO `tblJournalDeBord` (`Id`,`Dates`,`Entree`,`Documents`,`IdStagiaire`) VALUES (43,'2010-01-01','Dorine.Tremblay',NULL,43);
INSERT IGNORE INTO `tblJournalDeBord` (`Id`,`Dates`,`Entree`,`Documents`,`IdStagiaire`) VALUES (44,'2010-01-01','Wiley.Bouchard',NULL,44);
INSERT IGNORE INTO `tblJournalDeBord` (`Id`,`Dates`,`Entree`,`Documents`,`IdStagiaire`) VALUES (45,'2010-01-01','Julissa.Duchesne',NULL,45);
INSERT IGNORE INTO `tblJournalDeBord` (`Id`,`Dates`,`Entree`,`Documents`,`IdStagiaire`) VALUES (46,'2010-01-01','Nery.Poirier',NULL,46);
INSERT IGNORE INTO `tblJournalDeBord` (`Id`,`Dates`,`Entree`,`Documents`,`IdStagiaire`) VALUES (47,'2010-01-01','Rena.Jean',NULL,47);
INSERT IGNORE INTO `tblJournalDeBord` (`Id`,`Dates`,`Entree`,`Documents`,`IdStagiaire`) VALUES (48,'2010-01-01','Olene.Gilbert',NULL,48);
INSERT IGNORE INTO `tblJournalDeBord` (`Id`,`Dates`,`Entree`,`Documents`,`IdStagiaire`) VALUES (49,'2010-01-01','Arlen.Tremblay',NULL,49);
INSERT IGNORE INTO `tblJournalDeBord` (`Id`,`Dates`,`Entree`,`Documents`,`IdStagiaire`) VALUES (50,'2010-01-01','Chassidy.Bouchard',NULL,50);

INSERT IGNORE INTO tblCategorieQuestion(descriptionCategorie) VALUES
('MOTIVATION'),
('ATTITUDES ET COMPORTEMENT'),
('APTITUDES'),
('Éthique'),
('ADAPTABILITÉ'),
('QUALITÉ DU TRAVAIL'),
('RELATION AVEC LES AUTRES'),
('La connaissance du milieu de stage'),
('Le comportement de la ou du stagiaire'),
('Le travail de la ou du stagiaire :'),
('Le potentiel de la ou du stagiaire'),
('L\'appréciation globale');


INSERT IGNORE INTO `tblStage` (`Id`,`IdEntreprise`,`IdResponsable`,`IdSuperviseur`,`IdStagiaire`,`IdGestionnaire`,`IdEnseignant`) VALUES (1,1,1,1,1,1,1);
INSERT IGNORE INTO `tblStage` (`Id`,`IdEntreprise`,`IdResponsable`,`IdSuperviseur`,`IdStagiaire`,`IdGestionnaire`,`IdEnseignant`) VALUES (2,2,2,2,2,2,2);
INSERT IGNORE INTO `tblStage` (`Id`,`IdEntreprise`,`IdResponsable`,`IdSuperviseur`,`IdStagiaire`,`IdGestionnaire`,`IdEnseignant`) VALUES (3,3,3,3,3,3,3);
INSERT IGNORE INTO `tblStage` (`Id`,`IdEntreprise`,`IdResponsable`,`IdSuperviseur`,`IdStagiaire`,`IdGestionnaire`,`IdEnseignant`) VALUES (4,4,4,4,4,4,4);
INSERT IGNORE INTO `tblStage` (`Id`,`IdEntreprise`,`IdResponsable`,`IdSuperviseur`,`IdStagiaire`,`IdGestionnaire`,`IdEnseignant`) VALUES (5,5,5,5,5,5,5);
INSERT IGNORE INTO `tblStage` (`Id`,`IdEntreprise`,`IdResponsable`,`IdSuperviseur`,`IdStagiaire`,`IdGestionnaire`,`IdEnseignant`) VALUES (6,6,6,6,6,1,4);
INSERT IGNORE INTO `tblStage` (`Id`,`IdEntreprise`,`IdResponsable`,`IdSuperviseur`,`IdStagiaire`,`IdGestionnaire`,`IdEnseignant`) VALUES (7,7,7,7,7,2,3);
INSERT IGNORE INTO `tblStage` (`Id`,`IdEntreprise`,`IdResponsable`,`IdSuperviseur`,`IdStagiaire`,`IdGestionnaire`,`IdEnseignant`) VALUES (8,8,8,8,8,3,4);
INSERT IGNORE INTO `tblStage` (`Id`,`IdEntreprise`,`IdResponsable`,`IdSuperviseur`,`IdStagiaire`,`IdGestionnaire`,`IdEnseignant`) VALUES (9,9,9,9,9,4,2);
INSERT IGNORE INTO `tblStage` (`Id`,`IdEntreprise`,`IdResponsable`,`IdSuperviseur`,`IdStagiaire`,`IdGestionnaire`,`IdEnseignant`) VALUES (10,10,10,10,10,5,1);
INSERT IGNORE INTO `tblStage` (`Id`,`IdEntreprise`,`IdResponsable`,`IdSuperviseur`,`IdStagiaire`,`IdGestionnaire`,`IdEnseignant`) VALUES (11,11,11,11,11,1,5);
INSERT IGNORE INTO `tblStage` (`Id`,`IdEntreprise`,`IdResponsable`,`IdSuperviseur`,`IdStagiaire`,`IdGestionnaire`,`IdEnseignant`) VALUES (12,12,12,12,12,2,2);
INSERT IGNORE INTO `tblStage` (`Id`,`IdEntreprise`,`IdResponsable`,`IdSuperviseur`,`IdStagiaire`,`IdGestionnaire`,`IdEnseignant`) VALUES (13,13,13,13,13,3,3);
INSERT IGNORE INTO `tblStage` (`Id`,`IdEntreprise`,`IdResponsable`,`IdSuperviseur`,`IdStagiaire`,`IdGestionnaire`,`IdEnseignant`) VALUES (14,14,14,14,14,4,4);
INSERT IGNORE INTO `tblStage` (`Id`,`IdEntreprise`,`IdResponsable`,`IdSuperviseur`,`IdStagiaire`,`IdGestionnaire`,`IdEnseignant`) VALUES (15,15,15,15,15,5,5);
INSERT IGNORE INTO `tblStage` (`Id`,`IdEntreprise`,`IdResponsable`,`IdSuperviseur`,`IdStagiaire`,`IdGestionnaire`,`IdEnseignant`) VALUES (16,16,16,16,16,1,5);
INSERT IGNORE INTO `tblStage` (`Id`,`IdEntreprise`,`IdResponsable`,`IdSuperviseur`,`IdStagiaire`,`IdGestionnaire`,`IdEnseignant`) VALUES (17,17,17,17,17,2,4);
INSERT IGNORE INTO `tblStage` (`Id`,`IdEntreprise`,`IdResponsable`,`IdSuperviseur`,`IdStagiaire`,`IdGestionnaire`,`IdEnseignant`) VALUES (18,18,18,18,18,3,1);
INSERT IGNORE INTO `tblStage` (`Id`,`IdEntreprise`,`IdResponsable`,`IdSuperviseur`,`IdStagiaire`,`IdGestionnaire`,`IdEnseignant`) VALUES (19,19,19,19,19,4,2);
INSERT IGNORE INTO `tblStage` (`Id`,`IdEntreprise`,`IdResponsable`,`IdSuperviseur`,`IdStagiaire`,`IdGestionnaire`,`IdEnseignant`) VALUES (20,1,1,20,20,5,1);
INSERT IGNORE INTO `tblStage` (`Id`,`IdEntreprise`,`IdResponsable`,`IdSuperviseur`,`IdStagiaire`,`IdGestionnaire`,`IdEnseignant`) VALUES (21,2,2,21,21,1,2);
INSERT IGNORE INTO `tblStage` (`Id`,`IdEntreprise`,`IdResponsable`,`IdSuperviseur`,`IdStagiaire`,`IdGestionnaire`,`IdEnseignant`) VALUES (22,3,3,22,22,2,4);
INSERT IGNORE INTO `tblStage` (`Id`,`IdEntreprise`,`IdResponsable`,`IdSuperviseur`,`IdStagiaire`,`IdGestionnaire`,`IdEnseignant`) VALUES (23,4,4,23,23,3,5);
INSERT IGNORE INTO `tblStage` (`Id`,`IdEntreprise`,`IdResponsable`,`IdSuperviseur`,`IdStagiaire`,`IdGestionnaire`,`IdEnseignant`) VALUES (24,5,5,24,24,4,3);
INSERT IGNORE INTO `tblStage` (`Id`,`IdEntreprise`,`IdResponsable`,`IdSuperviseur`,`IdStagiaire`,`IdGestionnaire`,`IdEnseignant`) VALUES (25,6,6,25,25,5,4);
INSERT IGNORE INTO `tblStage` (`Id`,`IdEntreprise`,`IdResponsable`,`IdSuperviseur`,`IdStagiaire`,`IdGestionnaire`,`IdEnseignant`) VALUES (26,7,7,26,26,1,5);
INSERT IGNORE INTO `tblStage` (`Id`,`IdEntreprise`,`IdResponsable`,`IdSuperviseur`,`IdStagiaire`,`IdGestionnaire`,`IdEnseignant`) VALUES (27,8,8,27,27,2,2);
INSERT IGNORE INTO `tblStage` (`Id`,`IdEntreprise`,`IdResponsable`,`IdSuperviseur`,`IdStagiaire`,`IdGestionnaire`,`IdEnseignant`) VALUES (28,9,9,28,28,3,4);
INSERT IGNORE INTO `tblStage` (`Id`,`IdEntreprise`,`IdResponsable`,`IdSuperviseur`,`IdStagiaire`,`IdGestionnaire`,`IdEnseignant`) VALUES (29,10,10,29,29,4,1);
INSERT IGNORE INTO `tblStage` (`Id`,`IdEntreprise`,`IdResponsable`,`IdSuperviseur`,`IdStagiaire`,`IdGestionnaire`,`IdEnseignant`) VALUES (30,11,11,30,30,5,4);
INSERT IGNORE INTO `tblStage` (`Id`,`IdEntreprise`,`IdResponsable`,`IdSuperviseur`,`IdStagiaire`,`IdGestionnaire`,`IdEnseignant`) VALUES (31,1,12,1,31,1,5);
INSERT IGNORE INTO `tblStage` (`Id`,`IdEntreprise`,`IdResponsable`,`IdSuperviseur`,`IdStagiaire`,`IdGestionnaire`,`IdEnseignant`) VALUES (32,2,13,2,32,2,2);
INSERT IGNORE INTO `tblStage` (`Id`,`IdEntreprise`,`IdResponsable`,`IdSuperviseur`,`IdStagiaire`,`IdGestionnaire`,`IdEnseignant`) VALUES (33,3,14,3,33,3,1);
INSERT IGNORE INTO `tblStage` (`Id`,`IdEntreprise`,`IdResponsable`,`IdSuperviseur`,`IdStagiaire`,`IdGestionnaire`,`IdEnseignant`) VALUES (34,4,15,4,34,4,2);
INSERT IGNORE INTO `tblStage` (`Id`,`IdEntreprise`,`IdResponsable`,`IdSuperviseur`,`IdStagiaire`,`IdGestionnaire`,`IdEnseignant`) VALUES (35,5,16,5,35,5,2);
INSERT IGNORE INTO `tblStage` (`Id`,`IdEntreprise`,`IdResponsable`,`IdSuperviseur`,`IdStagiaire`,`IdGestionnaire`,`IdEnseignant`) VALUES (36,6,17,6,36,1,4);
INSERT IGNORE INTO `tblStage` (`Id`,`IdEntreprise`,`IdResponsable`,`IdSuperviseur`,`IdStagiaire`,`IdGestionnaire`,`IdEnseignant`) VALUES (37,7,18,7,37,2,2);
INSERT IGNORE INTO `tblStage` (`Id`,`IdEntreprise`,`IdResponsable`,`IdSuperviseur`,`IdStagiaire`,`IdGestionnaire`,`IdEnseignant`) VALUES (38,8,19,8,38,3,2);
INSERT IGNORE INTO `tblStage` (`Id`,`IdEntreprise`,`IdResponsable`,`IdSuperviseur`,`IdStagiaire`,`IdGestionnaire`,`IdEnseignant`) VALUES (39,9,1,9,39,4,2);
INSERT IGNORE INTO `tblStage` (`Id`,`IdEntreprise`,`IdResponsable`,`IdSuperviseur`,`IdStagiaire`,`IdGestionnaire`,`IdEnseignant`) VALUES (40,10,2,10,40,5,5);
INSERT IGNORE INTO `tblStage` (`Id`,`IdEntreprise`,`IdResponsable`,`IdSuperviseur`,`IdStagiaire`,`IdGestionnaire`,`IdEnseignant`) VALUES (41,11,3,11,41,1,3);
INSERT IGNORE INTO `tblStage` (`Id`,`IdEntreprise`,`IdResponsable`,`IdSuperviseur`,`IdStagiaire`,`IdGestionnaire`,`IdEnseignant`) VALUES (42,12,4,12,42,2,4);
INSERT IGNORE INTO `tblStage` (`Id`,`IdEntreprise`,`IdResponsable`,`IdSuperviseur`,`IdStagiaire`,`IdGestionnaire`,`IdEnseignant`) VALUES (43,13,5,13,43,3,5);
INSERT IGNORE INTO `tblStage` (`Id`,`IdEntreprise`,`IdResponsable`,`IdSuperviseur`,`IdStagiaire`,`IdGestionnaire`,`IdEnseignant`) VALUES (44,14,6,14,44,4,2);
INSERT IGNORE INTO `tblStage` (`Id`,`IdEntreprise`,`IdResponsable`,`IdSuperviseur`,`IdStagiaire`,`IdGestionnaire`,`IdEnseignant`) VALUES (45,15,7,15,45,5,5);
INSERT IGNORE INTO `tblStage` (`Id`,`IdEntreprise`,`IdResponsable`,`IdSuperviseur`,`IdStagiaire`,`IdGestionnaire`,`IdEnseignant`) VALUES (46,16,8,16,46,1,3);
INSERT IGNORE INTO `tblStage` (`Id`,`IdEntreprise`,`IdResponsable`,`IdSuperviseur`,`IdStagiaire`,`IdGestionnaire`,`IdEnseignant`) VALUES (47,17,9,17,47,2,5);
INSERT IGNORE INTO `tblStage` (`Id`,`IdEntreprise`,`IdResponsable`,`IdSuperviseur`,`IdStagiaire`,`IdGestionnaire`,`IdEnseignant`) VALUES (48,18,10,18,48,3,4);
INSERT IGNORE INTO `tblStage` (`Id`,`IdEntreprise`,`IdResponsable`,`IdSuperviseur`,`IdStagiaire`,`IdGestionnaire`,`IdEnseignant`) VALUES (49,19,11,19,49,4,5);


INSERT IGNORE INTO `tblEmployeCegep` (`Id`,`CourrielCegep`,`CodePermanent`,`Nom`,`NumTelCell`,`Prenom`,`CourrielPersonnel`) VALUES (1,'Mystere.Martin@cegepJonquiere.ca','1032694','Mystere','(418) 695-1234','Martin','Mystere.Martin@hotmail.com');
INSERT IGNORE INTO `tblEmployeCegep` (`Id`,`CourrielCegep`,`CodePermanent`,`Nom`,`NumTelCell`,`Prenom`,`CourrielPersonnel`) VALUES (2,'bouchard.Sanford@cegepJonquiere.ca','1032695','bouchard','(418) 695-1235','Sanford','bouchard.Sanford@hotmail.com');
INSERT IGNORE INTO `tblEmployeCegep` (`Id`,`CourrielCegep`,`CodePermanent`,`Nom`,`NumTelCell`,`Prenom`,`CourrielPersonnel`) VALUES (3,'poirier.Les@cegepJonquiere.ca','1032696','poirier','(418) 695-1236','Les','poirier.Les@hotmail.com');
INSERT IGNORE INTO `tblEmployeCegep` (`Id`,`CourrielCegep`,`CodePermanent`,`Nom`,`NumTelCell`,`Prenom`,`CourrielPersonnel`) VALUES (4,'sioud.Leandro@cegepJonquiere.ca','1032697','sioud','(418) 695-1237','Leandro','sioud.Leandro@hotmail.com');
INSERT IGNORE INTO `tblEmployeCegep` (`Id`,`CourrielCegep`,`CodePermanent`,`Nom`,`NumTelCell`,`Prenom`,`CourrielPersonnel`) VALUES (5,'tremblay.Nelson@cegepJonquiere.ca','1032698','tremblay','(418) 695-1238','Nelson','tremblay.Nelson@hotmail.com');
INSERT IGNORE INTO `tblEmployeCegep` (`Id`,`CourrielCegep`,`CodePermanent`,`Nom`,`NumTelCell`,`Prenom`,`CourrielPersonnel`) VALUES (6,'bouchard.Harvey@cegepJonquiere.ca','1032699','bouchard','(418) 695-1239','Harvey','bouchard.Harvey@hotmail.com');
INSERT IGNORE INTO `tblEmployeCegep` (`Id`,`CourrielCegep`,`CodePermanent`,`Nom`,`NumTelCell`,`Prenom`,`CourrielPersonnel`) VALUES (7,'poirier.Malcolm@cegepJonquiere.ca','1032700','poirier','(418) 695-1240','Malcolm','poirier.Malcolm@hotmail.com');
INSERT IGNORE INTO `tblEmployeCegep` (`Id`,`CourrielCegep`,`CodePermanent`,`Nom`,`NumTelCell`,`Prenom`,`CourrielPersonnel`) VALUES (8,'sioud.Colton@cegepJonquiere.ca','1032701','sioud','(418) 695-1241','Colton','sioud.Colton@hotmail.com');
INSERT IGNORE INTO `tblEmployeCegep` (`Id`,`CourrielCegep`,`CodePermanent`,`Nom`,`NumTelCell`,`Prenom`,`CourrielPersonnel`) VALUES (9,'tremblay.Neal@cegepJonquiere.ca','1032702','tremblay','(418) 695-1242','Neal','tremblay.Neal@hotmail.com');
INSERT IGNORE INTO `tblEmployeCegep` (`Id`,`CourrielCegep`,`CodePermanent`,`Nom`,`NumTelCell`,`Prenom`,`CourrielPersonnel`) VALUES (10,'bouchard.Allen@cegepJonquiere.ca','1032703','bouchard','(418) 695-1243','Allen','bouchard.Allen@hotmail.com');
INSERT IGNORE INTO `tblEmployeCegep` (`Id`,`CourrielCegep`,`CodePermanent`,`Nom`,`NumTelCell`,`Prenom`,`CourrielPersonnel`) VALUES (11,'poirier.Dylan@cegepJonquiere.ca','1032704','poirier','(418) 695-1244','Dylan','poirier.Dylan@hotmail.com');
INSERT IGNORE INTO `tblEmployeCegep` (`Id`,`CourrielCegep`,`CodePermanent`,`Nom`,`NumTelCell`,`Prenom`,`CourrielPersonnel`) VALUES (12,'sioud.Weston@cegepJonquiere.ca','1032705','sioud','(418) 695-1245','Weston','sioud.Weston@hotmail.com');
INSERT IGNORE INTO `tblEmployeCegep` (`Id`,`CourrielCegep`,`CodePermanent`,`Nom`,`NumTelCell`,`Prenom`,`CourrielPersonnel`) VALUES (13,'tremblay.Doug@cegepJonquiere.ca','1032706','tremblay','(418) 695-1246','Doug','tremblay.Doug@hotmail.com');
INSERT IGNORE INTO `tblEmployeCegep` (`Id`,`CourrielCegep`,`CodePermanent`,`Nom`,`NumTelCell`,`Prenom`,`CourrielPersonnel`) VALUES (14,'bouchard.Shawn@cegepJonquiere.ca','1032707','bouchard','(418) 695-1247','Shawn','bouchard.Shawn@hotmail.com');
INSERT IGNORE INTO `tblEmployeCegep` (`Id`,`CourrielCegep`,`CodePermanent`,`Nom`,`NumTelCell`,`Prenom`,`CourrielPersonnel`) VALUES (15,'poirier.Dominick@cegepJonquiere.ca','1032708','poirier','(418) 695-1248','Dominick','poirier.Dominick@hotmail.com');
INSERT IGNORE INTO `tblEmployeCegep` (`Id`,`CourrielCegep`,`CodePermanent`,`Nom`,`NumTelCell`,`Prenom`,`CourrielPersonnel`) VALUES (16,'sioud.Mohammad@cegepJonquiere.ca','1032709','sioud','(418) 695-1249','Mohammad','sioud.Mohammad@hotmail.com');
INSERT IGNORE INTO `tblEmployeCegep` (`Id`,`CourrielCegep`,`CodePermanent`,`Nom`,`NumTelCell`,`Prenom`,`CourrielPersonnel`) VALUES (17,'tremblay.Donte@cegepJonquiere.ca','1032710','tremblay','(418) 695-1250','Donte','tremblay.Donte@hotmail.com');
INSERT IGNORE INTO `tblEmployeCegep` (`Id`,`CourrielCegep`,`CodePermanent`,`Nom`,`NumTelCell`,`Prenom`,`CourrielPersonnel`) VALUES (18,'bouchard.Brian@cegepJonquiere.ca','1032711','bouchard','(418) 695-1251','Brian','bouchard.Brian@hotmail.com');
INSERT IGNORE INTO `tblEmployeCegep` (`Id`,`CourrielCegep`,`CodePermanent`,`Nom`,`NumTelCell`,`Prenom`,`CourrielPersonnel`) VALUES (19,'poirier.Glen@cegepJonquiere.ca','1032712','poirier','(418) 695-1252','Glen','poirier.Glen@hotmail.com');
INSERT IGNORE INTO `tblEmployeCegep` (`Id`,`CourrielCegep`,`CodePermanent`,`Nom`,`NumTelCell`,`Prenom`,`CourrielPersonnel`) VALUES (20,'sioud.Galen@cegepJonquiere.ca','1032713','sioud','(418) 695-1253','Galen','sioud.Galen@hotmail.com');
INSERT IGNORE INTO `tblEmployeCegep` (`Id`,`CourrielCegep`,`CodePermanent`,`Nom`,`NumTelCell`,`Prenom`,`CourrielPersonnel`) VALUES (21,'tremblay.Scot@cegepJonquiere.ca','1032714','tremblay','(418) 695-1254','Scot','tremblay.Scot@hotmail.com');
INSERT IGNORE INTO `tblEmployeCegep` (`Id`,`CourrielCegep`,`CodePermanent`,`Nom`,`NumTelCell`,`Prenom`,`CourrielPersonnel`) VALUES (22,'bouchard.Gerry@cegepJonquiere.ca','1032715','bouchard','(418) 695-1255','Gerry','bouchard.Gerry@hotmail.com');
INSERT IGNORE INTO `tblEmployeCegep` (`Id`,`CourrielCegep`,`CodePermanent`,`Nom`,`NumTelCell`,`Prenom`,`CourrielPersonnel`) VALUES (23,'poirier.Claudio@cegepJonquiere.ca','1032716','poirier','(418) 695-1256','Claudio','poirier.Claudio@hotmail.com');
INSERT IGNORE INTO `tblEmployeCegep` (`Id`,`CourrielCegep`,`CodePermanent`,`Nom`,`NumTelCell`,`Prenom`,`CourrielPersonnel`) VALUES (24,'sioud.Lyman@cegepJonquiere.ca','1032717','sioud','(418) 695-1257','Lyman','sioud.Lyman@hotmail.com');
INSERT IGNORE INTO `tblEmployeCegep` (`Id`,`CourrielCegep`,`CodePermanent`,`Nom`,`NumTelCell`,`Prenom`,`CourrielPersonnel`) VALUES (25,'tremblay.Emile@cegepJonquiere.ca','1032718','tremblay','(418) 695-1258','Emile','tremblay.Emile@hotmail.com');
INSERT IGNORE INTO `tblEmployeCegep` (`Id`,`CourrielCegep`,`CodePermanent`,`Nom`,`NumTelCell`,`Prenom`,`CourrielPersonnel`) VALUES (26,'bouchard.Monte@cegepJonquiere.ca','1032719','bouchard','(418) 695-1259','Monte','bouchard.Monte@hotmail.com');
INSERT IGNORE INTO `tblEmployeCegep` (`Id`,`CourrielCegep`,`CodePermanent`,`Nom`,`NumTelCell`,`Prenom`,`CourrielPersonnel`) VALUES (27,'poirier.Louie@cegepJonquiere.ca','1032720','poirier','(418) 695-1260','Louie','poirier.Louie@hotmail.com');
INSERT IGNORE INTO `tblEmployeCegep` (`Id`,`CourrielCegep`,`CodePermanent`,`Nom`,`NumTelCell`,`Prenom`,`CourrielPersonnel`) VALUES (28,'sioud.Preston@cegepJonquiere.ca','1032721','sioud','(418) 695-1261','Preston','sioud.Preston@hotmail.com');
INSERT IGNORE INTO `tblEmployeCegep` (`Id`,`CourrielCegep`,`CodePermanent`,`Nom`,`NumTelCell`,`Prenom`,`CourrielPersonnel`) VALUES (29,'tremblay.Coleman@cegepJonquiere.ca','1032722','tremblay','(418) 695-1262','Coleman','tremblay.Coleman@hotmail.com');
INSERT IGNORE INTO `tblEmployeCegep` (`Id`,`CourrielCegep`,`CodePermanent`,`Nom`,`NumTelCell`,`Prenom`,`CourrielPersonnel`) VALUES (30,'bouchard.Marcelino@cegepJonquiere.ca','1032723','bouchard','(418) 695-1263','Marcelino','bouchard.Marcelino@hotmail.com');
INSERT IGNORE INTO `tblEmployeCegep` (`Id`,`CourrielCegep`,`CodePermanent`,`Nom`,`NumTelCell`,`Prenom`,`CourrielPersonnel`) VALUES (31,'poirier.Elden@cegepJonquiere.ca','1032724','poirier','(418) 695-1264','Elden','poirier.Elden@hotmail.com');
INSERT IGNORE INTO `tblEmployeCegep` (`Id`,`CourrielCegep`,`CodePermanent`,`Nom`,`NumTelCell`,`Prenom`,`CourrielPersonnel`) VALUES (32,'sioud.Randell@cegepJonquiere.ca','1032725','sioud','(418) 695-1265','Randell','sioud.Randell@hotmail.com');
INSERT IGNORE INTO `tblEmployeCegep` (`Id`,`CourrielCegep`,`CodePermanent`,`Nom`,`NumTelCell`,`Prenom`,`CourrielPersonnel`) VALUES (33,'tremblay.Dane@cegepJonquiere.ca','1032726','tremblay','(418) 695-1266','Dane','tremblay.Dane@hotmail.com');
INSERT IGNORE INTO `tblEmployeCegep` (`Id`,`CourrielCegep`,`CodePermanent`,`Nom`,`NumTelCell`,`Prenom`,`CourrielPersonnel`) VALUES (34,'bouchard.Clinton@cegepJonquiere.ca','1032727','bouchard','(418) 695-1267','Clinton','bouchard.Clinton@hotmail.com');
INSERT IGNORE INTO `tblEmployeCegep` (`Id`,`CourrielCegep`,`CodePermanent`,`Nom`,`NumTelCell`,`Prenom`,`CourrielPersonnel`) VALUES (35,'poirier.Hubert@cegepJonquiere.ca','1032728','poirier','(418) 695-1268','Hubert','poirier.Hubert@hotmail.com');
INSERT IGNORE INTO `tblEmployeCegep` (`Id`,`CourrielCegep`,`CodePermanent`,`Nom`,`NumTelCell`,`Prenom`,`CourrielPersonnel`) VALUES (36,'sioud.Jean@cegepJonquiere.ca','1032729','sioud','(418) 695-1269','Jean','sioud.Jean@hotmail.com');
INSERT IGNORE INTO `tblEmployeCegep` (`Id`,`CourrielCegep`,`CodePermanent`,`Nom`,`NumTelCell`,`Prenom`,`CourrielPersonnel`) VALUES (37,'tremblay.Hong@cegepJonquiere.ca','1032730','tremblay','(418) 695-1270','Hong','tremblay.Hong@hotmail.com');
INSERT IGNORE INTO `tblEmployeCegep` (`Id`,`CourrielCegep`,`CodePermanent`,`Nom`,`NumTelCell`,`Prenom`,`CourrielPersonnel`) VALUES (38,'bouchard.Jame@cegepJonquiere.ca','1032731','bouchard','(418) 695-1271','Jame','bouchard.Jame@hotmail.com');
INSERT IGNORE INTO `tblEmployeCegep` (`Id`,`CourrielCegep`,`CodePermanent`,`Nom`,`NumTelCell`,`Prenom`,`CourrielPersonnel`) VALUES (39,'poirier.Hugo@cegepJonquiere.ca','1032732','poirier','(418) 695-1272','Hugo','poirier.Hugo@hotmail.com');
INSERT IGNORE INTO `tblEmployeCegep` (`Id`,`CourrielCegep`,`CodePermanent`,`Nom`,`NumTelCell`,`Prenom`,`CourrielPersonnel`) VALUES (40,'sioud.Vito@cegepJonquiere.ca','1032733','sioud','(418) 695-1273','Vito','sioud.Vito@hotmail.com');
INSERT IGNORE INTO `tblEmployeCegep` (`Id`,`CourrielCegep`,`CodePermanent`,`Nom`,`NumTelCell`,`Prenom`,`CourrielPersonnel`) VALUES (41,'tremblay.Eldridge@cegepJonquiere.ca','1032734','tremblay','(418) 695-1274','Eldridge','tremblay.Eldridge@hotmail.com');
INSERT IGNORE INTO `tblEmployeCegep` (`Id`,`CourrielCegep`,`CodePermanent`,`Nom`,`NumTelCell`,`Prenom`,`CourrielPersonnel`) VALUES (42,'bouchard.Agustin@cegepJonquiere.ca','1032735','bouchard','(418) 695-1275','Agustin','bouchard.Agustin@hotmail.com');
INSERT IGNORE INTO `tblEmployeCegep` (`Id`,`CourrielCegep`,`CodePermanent`,`Nom`,`NumTelCell`,`Prenom`,`CourrielPersonnel`) VALUES (43,'poirier.Sonny@cegepJonquiere.ca','1032736','poirier','(418) 695-1276','Sonny','poirier.Sonny@hotmail.com');
INSERT IGNORE INTO `tblEmployeCegep` (`Id`,`CourrielCegep`,`CodePermanent`,`Nom`,`NumTelCell`,`Prenom`,`CourrielPersonnel`) VALUES (44,'sioud.Ward@cegepJonquiere.ca','1032737','sioud','(418) 695-1277','Ward','sioud.Ward@hotmail.com');
INSERT IGNORE INTO `tblEmployeCegep` (`Id`,`CourrielCegep`,`CodePermanent`,`Nom`,`NumTelCell`,`Prenom`,`CourrielPersonnel`) VALUES (45,'tremblay.Grant@cegepJonquiere.ca','1032738','tremblay','(418) 695-1278','Grant','tremblay.Grant@hotmail.com');
INSERT IGNORE INTO `tblEmployeCegep` (`Id`,`CourrielCegep`,`CodePermanent`,`Nom`,`NumTelCell`,`Prenom`,`CourrielPersonnel`) VALUES (46,'bouchard.Dana@cegepJonquiere.ca','1032739','bouchard','(418) 695-1279','Dana','bouchard.Dana@hotmail.com');
INSERT IGNORE INTO `tblEmployeCegep` (`Id`,`CourrielCegep`,`CodePermanent`,`Nom`,`NumTelCell`,`Prenom`,`CourrielPersonnel`) VALUES (47,'poirier.Larry@cegepJonquiere.ca','1032740','poirier','(418) 695-1280','Larry','poirier.Larry@hotmail.com');
INSERT IGNORE INTO `tblEmployeCegep` (`Id`,`CourrielCegep`,`CodePermanent`,`Nom`,`NumTelCell`,`Prenom`,`CourrielPersonnel`) VALUES (48,'sioud.Stefan@cegepJonquiere.ca','1032741','sioud','(418) 695-1281','Stefan','sioud.Stefan@hotmail.com');
INSERT IGNORE INTO `tblEmployeCegep` (`Id`,`CourrielCegep`,`CodePermanent`,`Nom`,`NumTelCell`,`Prenom`,`CourrielPersonnel`) VALUES (49,'tremblay.Marcel@cegepJonquiere.ca','1032742','tremblay','(418) 695-1282','Marcel','tremblay.Marcel@hotmail.com');
INSERT IGNORE INTO `tblEmployeCegep` (`Id`,`CourrielCegep`,`CodePermanent`,`Nom`,`NumTelCell`,`Prenom`,`CourrielPersonnel`) VALUES (50,'bouchard.Manual@cegepJonquiere.ca','1032743','bouchard','(418) 695-1283','Manual','bouchard.Manual@hotmail.com');


INSERT IGNORE INTO `tblEnseignant` (`Id`,`IdEmployeCegep`) VALUES (1,1);
INSERT IGNORE INTO `tblEnseignant` (`Id`,`IdEmployeCegep`) VALUES (2,2);
INSERT IGNORE INTO `tblEnseignant` (`Id`,`IdEmployeCegep`) VALUES (3,3);
INSERT IGNORE INTO `tblEnseignant` (`Id`,`IdEmployeCegep`) VALUES (4,4);
INSERT IGNORE INTO `tblEnseignant` (`Id`,`IdEmployeCegep`) VALUES (5,5);

INSERT IGNORE INTO `tblGestionnaire` (`Id`,`IdEmployeCegep`) VALUES (1,6);
INSERT IGNORE INTO `tblGestionnaire` (`Id`,`IdEmployeCegep`) VALUES (2,7);
INSERT IGNORE INTO `tblGestionnaire` (`Id`,`IdEmployeCegep`) VALUES (3,8);
INSERT IGNORE INTO `tblGestionnaire` (`Id`,`IdEmployeCegep`) VALUES (4,9);
INSERT IGNORE INTO `tblGestionnaire` (`Id`,`IdEmployeCegep`) VALUES (5,10);
