/*
-- Query: SELECT * FROM bdprojet_equipe2v2.tblEmployeEntreprise
LIMIT 0, 1000

-- Date: 2017-09-17 12:09
*/
-- USE cegepjon_p2017_2_dev;
-- USE cegepjon_p2017_2_prod;
 USE cegepjon_p2017_2_tests;
-- USE bdprojet_equipe2v2;
INSERT INTO `tblEmployeEntreprise` (`Id`,`CourrielEntreprise`,`Nom`,`Prenom`,`NumTelCell`,`CourrielPersonnel`,`NumTelEntreprise`,`Poste`,`tagSuperviseur`,`IdEntreprise`) VALUES (1,'TheNoxiousGamer@gmail.com','MARTIN','Alex','(831) 191-7291','Lovely@gmail.com','(386) 926-6928','45210','',25);
INSERT INTO `tblEmployeEntreprise` (`Id`,`CourrielEntreprise`,`Nom`,`Prenom`,`NumTelCell`,`CourrielPersonnel`,`NumTelEntreprise`,`Poste`,`tagSuperviseur`,`IdEntreprise`) VALUES (2,'Fancy@entreprise.com','BERNARD','Alexis','(202) 518-1297','Flippant@gmail.com','(582) 487-3269','84300','',7);
INSERT INTO `tblEmployeEntreprise` (`Id`,`CourrielEntreprise`,`Nom`,`Prenom`,`NumTelCell`,`CourrielPersonnel`,`NumTelEntreprise`,`Poste`,`tagSuperviseur`,`IdEntreprise`) VALUES (3,'Rude@entreprise.com','THOMAS','Antoine','(567) 588-7693','Picayune@gmail.com','(888) 258-8370','38486','',30);
INSERT INTO `tblEmployeEntreprise` (`Id`,`CourrielEntreprise`,`Nom`,`Prenom`,`NumTelCell`,`CourrielPersonnel`,`NumTelEntreprise`,`Poste`,`tagSuperviseur`,`IdEntreprise`) VALUES (4,'Sophisticated@entreprise.com','PETIT','Benjamin','(250) 458-7310','Well-made@gmail.com','(441) 969-7320','11568','',48);
INSERT INTO `tblEmployeEntreprise` (`Id`,`CourrielEntreprise`,`Nom`,`Prenom`,`NumTelCell`,`CourrielPersonnel`,`NumTelEntreprise`,`Poste`,`tagSuperviseur`,`IdEntreprise`) VALUES (5,'Plucky@entreprise.com','ROBERT','Charles','(900) 169-3011','Blushing@gmail.com','(465) 737-9549','81068','',28);
INSERT INTO `tblEmployeEntreprise` (`Id`,`CourrielEntreprise`,`Nom`,`Prenom`,`NumTelCell`,`CourrielPersonnel`,`NumTelEntreprise`,`Poste`,`tagSuperviseur`,`IdEntreprise`) VALUES (6,'Rough@entreprise.com','RICHARD','David','(983) 549-9350','Astonishing@gmail.com','(237) 427-5018','1590','',16);
INSERT INTO `tblEmployeEntreprise` (`Id`,`CourrielEntreprise`,`Nom`,`Prenom`,`NumTelCell`,`CourrielPersonnel`,`NumTelEntreprise`,`Poste`,`tagSuperviseur`,`IdEntreprise`) VALUES (7,'Elated@entreprise.com','DURAND','Édouard','(879) 551-3201','Stimulating@gmail.com','(594) 605-7061','7660','',22);
INSERT INTO `tblEmployeEntreprise` (`Id`,`CourrielEntreprise`,`Nom`,`Prenom`,`NumTelCell`,`CourrielPersonnel`,`NumTelEntreprise`,`Poste`,`tagSuperviseur`,`IdEntreprise`) VALUES (8,'Rightful@entreprise.com','DUBOIS','Elliot','(196) 523-5582','Cynical@gmail.com','(688) 267-2145','95090','',41);
INSERT INTO `tblEmployeEntreprise` (`Id`,`CourrielEntreprise`,`Nom`,`Prenom`,`NumTelCell`,`CourrielPersonnel`,`NumTelEntreprise`,`Poste`,`tagSuperviseur`,`IdEntreprise`) VALUES (9,'Humorous@entreprise.com','MOREAU','Félix','(735) 972-9437','Sulky@gmail.com','(580) 666-5617','48771','',24);
INSERT INTO `tblEmployeEntreprise` (`Id`,`CourrielEntreprise`,`Nom`,`Prenom`,`NumTelCell`,`CourrielPersonnel`,`NumTelEntreprise`,`Poste`,`tagSuperviseur`,`IdEntreprise`) VALUES (10,'Cut@entreprise.com','LAURENT','Gabriel','(732) 393-4546','Silent@gmail.com','(456) 674-0128','61301','',2);
INSERT INTO `tblEmployeEntreprise` (`Id`,`CourrielEntreprise`,`Nom`,`Prenom`,`NumTelCell`,`CourrielPersonnel`,`NumTelEntreprise`,`Poste`,`tagSuperviseur`,`IdEntreprise`) VALUES (11,'Disgusting@entreprise.com','SIMON','Guillaume','(617) 122-3670','Voiceless@gmail.com','(831) 350-6511','55978','',22);
INSERT INTO `tblEmployeEntreprise` (`Id`,`CourrielEntreprise`,`Nom`,`Prenom`,`NumTelCell`,`CourrielPersonnel`,`NumTelEntreprise`,`Poste`,`tagSuperviseur`,`IdEntreprise`) VALUES (12,'Shaggy@entreprise.com','ROUX','Hugo','(839) 437-1497','Fresh@gmail.com','(386) 395-8187','22240','',39);
INSERT INTO `tblEmployeEntreprise` (`Id`,`CourrielEntreprise`,`Nom`,`Prenom`,`NumTelCell`,`CourrielPersonnel`,`NumTelEntreprise`,`Poste`,`tagSuperviseur`,`IdEntreprise`) VALUES (13,'Straight@entreprise.com','ROUX','Isaac','(999) 141-1655','Upset@gmail.com','(247) 938-1014','62318','',46);
INSERT INTO `tblEmployeEntreprise` (`Id`,`CourrielEntreprise`,`Nom`,`Prenom`,`NumTelCell`,`CourrielPersonnel`,`NumTelEntreprise`,`Poste`,`tagSuperviseur`,`IdEntreprise`) VALUES (14,'Pink@entreprise.com','ROUX','Jacob','(808) 838-3408','Well-groomed@gmail.com','(764) 484-7999','77942','',14);
INSERT INTO `tblEmployeEntreprise` (`Id`,`CourrielEntreprise`,`Nom`,`Prenom`,`NumTelCell`,`CourrielPersonnel`,`NumTelEntreprise`,`Poste`,`tagSuperviseur`,`IdEntreprise`) VALUES (15,'Furtive@entreprise.com','ROUX','Jonathan','(160) 792-0002','Excited@gmail.com','(499) 276-7370','40000','',2);
INSERT INTO `tblEmployeEntreprise` (`Id`,`CourrielEntreprise`,`Nom`,`Prenom`,`NumTelCell`,`CourrielPersonnel`,`NumTelEntreprise`,`Poste`,`tagSuperviseur`,`IdEntreprise`) VALUES (16,'Tasty@entreprise.com','DAVID','Logan','(353) 359-9130','Macho@gmail.com','(942) 800-5277','9048','',10);
INSERT INTO `tblEmployeEntreprise` (`Id`,`CourrielEntreprise`,`Nom`,`Prenom`,`NumTelCell`,`CourrielPersonnel`,`NumTelEntreprise`,`Poste`,`tagSuperviseur`,`IdEntreprise`) VALUES (17,'Selective@entreprise.com','BERTRAND','Lucas','(215) 497-4914','Loving@gmail.com','(293) 186-2154','25150','',33);
INSERT INTO `tblEmployeEntreprise` (`Id`,`CourrielEntreprise`,`Nom`,`Prenom`,`NumTelCell`,`CourrielPersonnel`,`NumTelEntreprise`,`Poste`,`tagSuperviseur`,`IdEntreprise`) VALUES (18,'Grubby@entreprise.com','MOREL','Mathis','(475) 903-3992','Elastic@gmail.com','(370) 887-5812','35635','',43);
INSERT INTO `tblEmployeEntreprise` (`Id`,`CourrielEntreprise`,`Nom`,`Prenom`,`NumTelCell`,`CourrielPersonnel`,`NumTelEntreprise`,`Poste`,`tagSuperviseur`,`IdEntreprise`) VALUES (19,'Cagey@entreprise.com','MOREL','Nathan','(548) 200-3469','Spicy@gmail.com','(119) 398-2905','23807','',15);
INSERT INTO `tblEmployeEntreprise` (`Id`,`CourrielEntreprise`,`Nom`,`Prenom`,`NumTelCell`,`CourrielPersonnel`,`NumTelEntreprise`,`Poste`,`tagSuperviseur`,`IdEntreprise`) VALUES (20,'Aspiring@entreprise.com','MOREL','Nicolas','(413) 815-0432','Drab@gmail.com','(709) 342-5106','88543','',10);
INSERT INTO `tblEmployeEntreprise` (`Id`,`CourrielEntreprise`,`Nom`,`Prenom`,`NumTelCell`,`CourrielPersonnel`,`NumTelEntreprise`,`Poste`,`tagSuperviseur`,`IdEntreprise`) VALUES (21,'Interesting@entreprise.com','BONNET','Thomas','(267) 917-1900','Noxious@gmail.com','(494) 457-9724','96764','',34);
INSERT INTO `tblEmployeEntreprise` (`Id`,`CourrielEntreprise`,`Nom`,`Prenom`,`NumTelCell`,`CourrielPersonnel`,`NumTelEntreprise`,`Poste`,`tagSuperviseur`,`IdEntreprise`) VALUES (22,'Hurried@entreprise.com','DUPONT','Tommy','(315) 845-1090','Fancy@gmail.com','(657) 287-3905','76172','',49);
INSERT INTO `tblEmployeEntreprise` (`Id`,`CourrielEntreprise`,`Nom`,`Prenom`,`NumTelCell`,`CourrielPersonnel`,`NumTelEntreprise`,`Poste`,`tagSuperviseur`,`IdEntreprise`) VALUES (23,'Innocent@entreprise.com','LAMBERT','Victor','(291) 716-0083','Rude@gmail.com','(143) 794-1329','44529','',37);
INSERT INTO `tblEmployeEntreprise` (`Id`,`CourrielEntreprise`,`Nom`,`Prenom`,`NumTelCell`,`CourrielPersonnel`,`NumTelEntreprise`,`Poste`,`tagSuperviseur`,`IdEntreprise`) VALUES (24,'Ugly@entreprise.com','FONTAINE','Alexia','(740) 100-8050','Sophisticated@gmail.com','(155) 792-3559','92974','',8);
INSERT INTO `tblEmployeEntreprise` (`Id`,`CourrielEntreprise`,`Nom`,`Prenom`,`NumTelCell`,`CourrielPersonnel`,`NumTelEntreprise`,`Poste`,`tagSuperviseur`,`IdEntreprise`) VALUES (25,'Rambunctious@entreprise.com','ROUSSEAU','Amélie','(193) 181-7764','Plucky@gmail.com','(175) 588-7373','71332','',46);
INSERT INTO `tblEmployeEntreprise` (`Id`,`CourrielEntreprise`,`Nom`,`Prenom`,`NumTelCell`,`CourrielPersonnel`,`NumTelEntreprise`,`Poste`,`tagSuperviseur`,`IdEntreprise`) VALUES (26,'Scary@entreprise.com','VINCENT','Annabelle','(106) 134-7184','Rough@gmail.com','(683) 457-1398','89589','',11);
INSERT INTO `tblEmployeEntreprise` (`Id`,`CourrielEntreprise`,`Nom`,`Prenom`,`NumTelCell`,`CourrielPersonnel`,`NumTelEntreprise`,`Poste`,`tagSuperviseur`,`IdEntreprise`) VALUES (27,'Icky@entreprise.com','MULLER','Arianne','(366) 713-1099','Elated@gmail.com','(443) 153-2490','44330','',44);
INSERT INTO `tblEmployeEntreprise` (`Id`,`CourrielEntreprise`,`Nom`,`Prenom`,`NumTelCell`,`CourrielPersonnel`,`NumTelEntreprise`,`Poste`,`tagSuperviseur`,`IdEntreprise`) VALUES (28,'Bite-sized@entreprise.com','LEFEVRE','Audrey','(323) 874-8972','Rightful@gmail.com','(820) 686-2830','75416','',29);
INSERT INTO `tblEmployeEntreprise` (`Id`,`CourrielEntreprise`,`Nom`,`Prenom`,`NumTelCell`,`CourrielPersonnel`,`NumTelEntreprise`,`Poste`,`tagSuperviseur`,`IdEntreprise`) VALUES (29,'Vulgar@entreprise.com','FAURE','Aurélie','(834) 710-8468','Humorous@gmail.com','(587) 203-4448','92105','',6);
INSERT INTO `tblEmployeEntreprise` (`Id`,`CourrielEntreprise`,`Nom`,`Prenom`,`NumTelCell`,`CourrielPersonnel`,`NumTelEntreprise`,`Poste`,`tagSuperviseur`,`IdEntreprise`) VALUES (30,'Beautiful@entreprise.com','ANDRE','Camille','(269) 423-1165','Cut@gmail.com','(116) 692-0535','63195','',39);
INSERT INTO `tblEmployeEntreprise` (`Id`,`CourrielEntreprise`,`Nom`,`Prenom`,`NumTelCell`,`CourrielPersonnel`,`NumTelEntreprise`,`Poste`,`tagSuperviseur`,`IdEntreprise`) VALUES (31,'Irate@entreprise.com','MERCIER','Catherine','(269) 646-7940','Disgusting@gmail.com','(998) 752-7912','37939','',17);
INSERT INTO `tblEmployeEntreprise` (`Id`,`CourrielEntreprise`,`Nom`,`Prenom`,`NumTelCell`,`CourrielPersonnel`,`NumTelEntreprise`,`Poste`,`tagSuperviseur`,`IdEntreprise`) VALUES (32,'Puzzling@entreprise.com','BLANC','Chloé','(244) 454-9695','Shaggy@gmail.com','(478) 653-4040','23838','',29);
INSERT INTO `tblEmployeEntreprise` (`Id`,`CourrielEntreprise`,`Nom`,`Prenom`,`NumTelCell`,`CourrielPersonnel`,`NumTelEntreprise`,`Poste`,`tagSuperviseur`,`IdEntreprise`) VALUES (33,'Burly@entreprise.com','BLANC','Clara','(113) 529-9621','Straight@gmail.com','(940) 318-1499','33322','',21);
INSERT INTO `tblEmployeEntreprise` (`Id`,`CourrielEntreprise`,`Nom`,`Prenom`,`NumTelCell`,`CourrielPersonnel`,`NumTelEntreprise`,`Poste`,`tagSuperviseur`,`IdEntreprise`) VALUES (34,'Infamous@entreprise.com','BOYER','Coralie','(357) 795-9883','Pink@gmail.com','(502) 441-0450','67301','',34);
INSERT INTO `tblEmployeEntreprise` (`Id`,`CourrielEntreprise`,`Nom`,`Prenom`,`NumTelCell`,`CourrielPersonnel`,`NumTelEntreprise`,`Poste`,`tagSuperviseur`,`IdEntreprise`) VALUES (35,'Noisy@entreprise.com','GARNIER','Daphnée','(457) 300-7314','Furtive@gmail.com','(437) 313-8773','11835','',1);
INSERT INTO `tblEmployeEntreprise` (`Id`,`CourrielEntreprise`,`Nom`,`Prenom`,`NumTelCell`,`CourrielPersonnel`,`NumTelEntreprise`,`Poste`,`tagSuperviseur`,`IdEntreprise`) VALUES (36,'Careful@entreprise.com','CHEVALIER','Elizabeth','(937) 916-5178','Tasty@gmail.com','(234) 827-1017','94802','',39);
INSERT INTO `tblEmployeEntreprise` (`Id`,`CourrielEntreprise`,`Nom`,`Prenom`,`NumTelCell`,`CourrielPersonnel`,`NumTelEntreprise`,`Poste`,`tagSuperviseur`,`IdEntreprise`) VALUES (37,'Slim@entreprise.com','FRANCOIS','Émilie','(880) 478-9103','Selective@gmail.com','(325) 258-7786','82768','',14);
INSERT INTO `tblEmployeEntreprise` (`Id`,`CourrielEntreprise`,`Nom`,`Prenom`,`NumTelCell`,`CourrielPersonnel`,`NumTelEntreprise`,`Poste`,`tagSuperviseur`,`IdEntreprise`) VALUES (38,'Grotesque@entreprise.com','LEGRAND','Emy','(369) 395-4030','Grubby@gmail.com','(713) 768-2376','55421','',48);
INSERT INTO `tblEmployeEntreprise` (`Id`,`CourrielEntreprise`,`Nom`,`Prenom`,`NumTelCell`,`CourrielPersonnel`,`NumTelEntreprise`,`Poste`,`tagSuperviseur`,`IdEntreprise`) VALUES (39,'Secret@entreprise.com','GAUTHIER','Ève','(819) 378-5929','Cagey@gmail.com','(401) 315-9237','48284','',25);
INSERT INTO `tblEmployeEntreprise` (`Id`,`CourrielEntreprise`,`Nom`,`Prenom`,`NumTelCell`,`CourrielPersonnel`,`NumTelEntreprise`,`Poste`,`tagSuperviseur`,`IdEntreprise`) VALUES (40,'Free@entreprise.com','GARCIA','Florence','(933) 845-2851','Aspiring@gmail.com','(691) 532-9907','3022','',15);
INSERT INTO `tblEmployeEntreprise` (`Id`,`CourrielEntreprise`,`Nom`,`Prenom`,`NumTelCell`,`CourrielPersonnel`,`NumTelEntreprise`,`Poste`,`tagSuperviseur`,`IdEntreprise`) VALUES (41,'Afraid@entreprise.com','GAUTIER','Gabrielle','(809) 970-2843','Interesting@gmail.com','(799) 344-5501','85190','',14);
INSERT INTO `tblEmployeEntreprise` (`Id`,`CourrielEntreprise`,`Nom`,`Prenom`,`NumTelCell`,`CourrielPersonnel`,`NumTelEntreprise`,`Poste`,`tagSuperviseur`,`IdEntreprise`) VALUES (42,'FlashyMystere@gmail.com','GAUTIER','Jade','(316) 765-1474','Hurried@gmail.com','(408) 276-9472','11335','',41);
INSERT INTO `tblEmployeEntreprise` (`Id`,`CourrielEntreprise`,`Nom`,`Prenom`,`NumTelCell`,`CourrielPersonnel`,`NumTelEntreprise`,`Poste`,`tagSuperviseur`,`IdEntreprise`) VALUES (43,'ZanyMystere@gmail.com','GAUTIER','Justine','(903) 801-3869','Innocent@gmail.com','(453) 868-5248','82475','',44);
INSERT INTO `tblEmployeEntreprise` (`Id`,`CourrielEntreprise`,`Nom`,`Prenom`,`NumTelCell`,`CourrielPersonnel`,`NumTelEntreprise`,`Poste`,`tagSuperviseur`,`IdEntreprise`) VALUES (44,'ModernMystere@gmail.com','GAUTIER','Laurence','(125) 770-3316','Ugly@gmail.com','(358) 646-5508','68763','',45);
INSERT INTO `tblEmployeEntreprise` (`Id`,`CourrielEntreprise`,`Nom`,`Prenom`,`NumTelCell`,`CourrielPersonnel`,`NumTelEntreprise`,`Poste`,`tagSuperviseur`,`IdEntreprise`) VALUES (45,'NiceMystere@gmail.com','NICOLAS','Laurie','(172) 618-9215','Rambunctious@gmail.com','(934) 508-7105','64494','',24);
INSERT INTO `tblEmployeEntreprise` (`Id`,`CourrielEntreprise`,`Nom`,`Prenom`,`NumTelCell`,`CourrielPersonnel`,`NumTelEntreprise`,`Poste`,`tagSuperviseur`,`IdEntreprise`) VALUES (46,'MeaslyMystere@gmail.com','MASSON','Marianne','(336) 753-7839','Scary@gmail.com','(397) 548-8535','93011','',21);
INSERT INTO `tblEmployeEntreprise` (`Id`,`CourrielEntreprise`,`Nom`,`Prenom`,`NumTelCell`,`CourrielPersonnel`,`NumTelEntreprise`,`Poste`,`tagSuperviseur`,`IdEntreprise`) VALUES (47,'AwakeMystere@gmail.com','MASSON','Océane','(694) 916-4411','Icky@gmail.com','(218) 615-5392','98201','',17);
INSERT INTO `tblEmployeEntreprise` (`Id`,`CourrielEntreprise`,`Nom`,`Prenom`,`NumTelCell`,`CourrielPersonnel`,`NumTelEntreprise`,`Poste`,`tagSuperviseur`,`IdEntreprise`) VALUES (48,'CuteMystere@gmail.com','MASSON','Olivia','(638) 975-8029','Bite-sized@gmail.com','(944) 239-8498','48661','',22);
INSERT INTO `tblEmployeEntreprise` (`Id`,`CourrielEntreprise`,`Nom`,`Prenom`,`NumTelCell`,`CourrielPersonnel`,`NumTelEntreprise`,`Poste`,`tagSuperviseur`,`IdEntreprise`) VALUES (49,'TangibleMystere@gmail.com','GAUTIER','Rose','(324) 699-9973','Hard@gmail.com','(877) 103-0900','93761','',11);

INSERT INTO `tblStagiaire` (`Id`,`CourrielScolaire`,`Nom`,`Prenom`,`NumTelPersonnel`,`NumTelMaison`,`CourrielPersonnel`,`NumTelEntreprise`,`Poste`,`CourrielEntreprise`,`tag`,`IdStage`) VALUES (1,'Tremblay.Olimpia@etu.cegepjonquiere.ca','Tremblay','Olimpia','1-418-695-1234','1-418-695-1266','Tremblay.Olimpia@hotmail.com','','','','1Tremblay.Olimpia@etu.cegepjonquiere.caTremblayOlimpia1-418-695-12341-418-695-1266Tremblay.Olimpia@hotmail.com\r',NULL);
INSERT INTO `tblStagiaire` (`Id`,`CourrielScolaire`,`Nom`,`Prenom`,`NumTelPersonnel`,`NumTelMaison`,`CourrielPersonnel`,`NumTelEntreprise`,`Poste`,`CourrielEntreprise`,`tag`,`IdStage`) VALUES (2,'Bouchard.Olga@etu.cegepjonquiere.ca','Bouchard','Olga','1-418-695-1235','1-418-695-1267','Bouchard.Olga@hotmail.com','','','','2Bouchard.Olga@etu.cegepjonquiere.caBouchardOlga1-418-695-12351-418-695-1267Bouchard.Olga@hotmail.com\r',NULL);
INSERT INTO `tblStagiaire` (`Id`,`CourrielScolaire`,`Nom`,`Prenom`,`NumTelPersonnel`,`NumTelMaison`,`CourrielPersonnel`,`NumTelEntreprise`,`Poste`,`CourrielEntreprise`,`tag`,`IdStage`) VALUES (3,'Duchesne.Leonarda@etu.cegepjonquiere.ca','Duchesne','Leonarda','1-418-695-1236','1-418-695-1268','Duchesne.Leonarda@hotmail.com','','','','3Duchesne.Leonarda@etu.cegepjonquiere.caDuchesneLeonarda1-418-695-12361-418-695-1268Duchesne.Leonarda@hotmail.com\r',NULL);
INSERT INTO `tblStagiaire` (`Id`,`CourrielScolaire`,`Nom`,`Prenom`,`NumTelPersonnel`,`NumTelMaison`,`CourrielPersonnel`,`NumTelEntreprise`,`Poste`,`CourrielEntreprise`,`tag`,`IdStage`) VALUES (4,'Poirier.Kelly@etu.cegepjonquiere.ca','Poirier','Kelly','1-418-695-1237','1-418-695-1269','Poirier.Kelly@hotmail.com','','','','4Poirier.Kelly@etu.cegepjonquiere.caPoirierKelly1-418-695-12371-418-695-1269Poirier.Kelly@hotmail.com\r',NULL);
INSERT INTO `tblStagiaire` (`Id`,`CourrielScolaire`,`Nom`,`Prenom`,`NumTelPersonnel`,`NumTelMaison`,`CourrielPersonnel`,`NumTelEntreprise`,`Poste`,`CourrielEntreprise`,`tag`,`IdStage`) VALUES (5,'Jean.Cyril@etu.cegepjonquiere.ca','Jean','Cyril','1-418-695-1238','1-418-695-1270','Jean.Cyril@hotmail.com','','','','5Jean.Cyril@etu.cegepjonquiere.caJeanCyril1-418-695-12381-418-695-1270Jean.Cyril@hotmail.com\r',NULL);
INSERT INTO `tblStagiaire` (`Id`,`CourrielScolaire`,`Nom`,`Prenom`,`NumTelPersonnel`,`NumTelMaison`,`CourrielPersonnel`,`NumTelEntreprise`,`Poste`,`CourrielEntreprise`,`tag`,`IdStage`) VALUES (6,'Gilbert.Rufina@etu.cegepjonquiere.ca','Gilbert','Rufina','1-418-695-1239','1-418-695-1271','Gilbert.Rufina@hotmail.com','','','','6Gilbert.Rufina@etu.cegepjonquiere.caGilbertRufina1-418-695-12391-418-695-1271Gilbert.Rufina@hotmail.com\r',NULL);
INSERT INTO `tblStagiaire` (`Id`,`CourrielScolaire`,`Nom`,`Prenom`,`NumTelPersonnel`,`NumTelMaison`,`CourrielPersonnel`,`NumTelEntreprise`,`Poste`,`CourrielEntreprise`,`tag`,`IdStage`) VALUES (7,'Tremblay.Torri@etu.cegepjonquiere.ca','Tremblay','Torri','1-418-695-1240','1-418-695-1272','Tremblay.Torri@hotmail.com','','','','7Tremblay.Torri@etu.cegepjonquiere.caTremblayTorri1-418-695-12401-418-695-1272Tremblay.Torri@hotmail.com\r',NULL);
INSERT INTO `tblStagiaire` (`Id`,`CourrielScolaire`,`Nom`,`Prenom`,`NumTelPersonnel`,`NumTelMaison`,`CourrielPersonnel`,`NumTelEntreprise`,`Poste`,`CourrielEntreprise`,`tag`,`IdStage`) VALUES (8,'Bouchard.Cliff@etu.cegepjonquiere.ca','Bouchard','Cliff','1-418-695-1241','1-418-695-1273','Bouchard.Cliff@hotmail.com','','','','8Bouchard.Cliff@etu.cegepjonquiere.caBouchardCliff1-418-695-12411-418-695-1273Bouchard.Cliff@hotmail.com\r',NULL);
INSERT INTO `tblStagiaire` (`Id`,`CourrielScolaire`,`Nom`,`Prenom`,`NumTelPersonnel`,`NumTelMaison`,`CourrielPersonnel`,`NumTelEntreprise`,`Poste`,`CourrielEntreprise`,`tag`,`IdStage`) VALUES (9,'Duchesne.Kyoko@etu.cegepjonquiere.ca','Duchesne','Kyoko','1-418-695-1242','1-418-695-1274','Duchesne.Kyoko@hotmail.com','','','','9Duchesne.Kyoko@etu.cegepjonquiere.caDuchesneKyoko1-418-695-12421-418-695-1274Duchesne.Kyoko@hotmail.com\r',NULL);
INSERT INTO `tblStagiaire` (`Id`,`CourrielScolaire`,`Nom`,`Prenom`,`NumTelPersonnel`,`NumTelMaison`,`CourrielPersonnel`,`NumTelEntreprise`,`Poste`,`CourrielEntreprise`,`tag`,`IdStage`) VALUES (10,'Poirier.Elvie@etu.cegepjonquiere.ca','Poirier','Elvie','1-418-695-1243','1-418-695-1275','Poirier.Elvie@hotmail.com','','','','10Poirier.Elvie@etu.cegepjonquiere.caPoirierElvie1-418-695-12431-418-695-1275Poirier.Elvie@hotmail.com\r',NULL);
INSERT INTO `tblStagiaire` (`Id`,`CourrielScolaire`,`Nom`,`Prenom`,`NumTelPersonnel`,`NumTelMaison`,`CourrielPersonnel`,`NumTelEntreprise`,`Poste`,`CourrielEntreprise`,`tag`,`IdStage`) VALUES (11,'Jean.Barbra@etu.cegepjonquiere.ca','Jean','Barbra','1-418-695-1244','1-418-695-1276','Jean.Barbra@hotmail.com','','','','11Jean.Barbra@etu.cegepjonquiere.caJeanBarbra1-418-695-12441-418-695-1276Jean.Barbra@hotmail.com\r',NULL);
INSERT INTO `tblStagiaire` (`Id`,`CourrielScolaire`,`Nom`,`Prenom`,`NumTelPersonnel`,`NumTelMaison`,`CourrielPersonnel`,`NumTelEntreprise`,`Poste`,`CourrielEntreprise`,`tag`,`IdStage`) VALUES (12,'Gilbert.Graig@etu.cegepjonquiere.ca','Gilbert','Graig','1-418-695-1245','1-418-695-1277','Gilbert.Graig@hotmail.com','','','','12Gilbert.Graig@etu.cegepjonquiere.caGilbertGraig1-418-695-12451-418-695-1277Gilbert.Graig@hotmail.com\r',NULL);
INSERT INTO `tblStagiaire` (`Id`,`CourrielScolaire`,`Nom`,`Prenom`,`NumTelPersonnel`,`NumTelMaison`,`CourrielPersonnel`,`NumTelEntreprise`,`Poste`,`CourrielEntreprise`,`tag`,`IdStage`) VALUES (13,'Tremblay.Pamala@etu.cegepjonquiere.ca','Tremblay','Pamala','1-418-695-1246','1-418-695-1278','Tremblay.Pamala@hotmail.com','','','','13Tremblay.Pamala@etu.cegepjonquiere.caTremblayPamala1-418-695-12461-418-695-1278Tremblay.Pamala@hotmail.com\r',NULL);
INSERT INTO `tblStagiaire` (`Id`,`CourrielScolaire`,`Nom`,`Prenom`,`NumTelPersonnel`,`NumTelMaison`,`CourrielPersonnel`,`NumTelEntreprise`,`Poste`,`CourrielEntreprise`,`tag`,`IdStage`) VALUES (14,'Bouchard.Jermaine@etu.cegepjonquiere.ca','Bouchard','Jermaine','1-418-695-1247','1-418-695-1279','Bouchard.Jermaine@hotmail.com','','','','14Bouchard.Jermaine@etu.cegepjonquiere.caBouchardJermaine1-418-695-12471-418-695-1279Bouchard.Jermaine@hotmail.com\r',NULL);
INSERT INTO `tblStagiaire` (`Id`,`CourrielScolaire`,`Nom`,`Prenom`,`NumTelPersonnel`,`NumTelMaison`,`CourrielPersonnel`,`NumTelEntreprise`,`Poste`,`CourrielEntreprise`,`tag`,`IdStage`) VALUES (15,'Duchesne.Chau@etu.cegepjonquiere.ca','Duchesne','Chau','1-418-695-1248','1-418-695-1280','Duchesne.Chau@hotmail.com','','','','15Duchesne.Chau@etu.cegepjonquiere.caDuchesneChau1-418-695-12481-418-695-1280Duchesne.Chau@hotmail.com\r',NULL);
INSERT INTO `tblStagiaire` (`Id`,`CourrielScolaire`,`Nom`,`Prenom`,`NumTelPersonnel`,`NumTelMaison`,`CourrielPersonnel`,`NumTelEntreprise`,`Poste`,`CourrielEntreprise`,`tag`,`IdStage`) VALUES (16,'Poirier.Almeta@etu.cegepjonquiere.ca','Poirier','Almeta','1-418-695-1249','1-418-695-1281','Poirier.Almeta@hotmail.com','','','','16Poirier.Almeta@etu.cegepjonquiere.caPoirierAlmeta1-418-695-12491-418-695-1281Poirier.Almeta@hotmail.com\r',NULL);
INSERT INTO `tblStagiaire` (`Id`,`CourrielScolaire`,`Nom`,`Prenom`,`NumTelPersonnel`,`NumTelMaison`,`CourrielPersonnel`,`NumTelEntreprise`,`Poste`,`CourrielEntreprise`,`tag`,`IdStage`) VALUES (17,'Jean.Denita@etu.cegepjonquiere.ca','Jean','Denita','1-418-695-1250','1-418-695-1282','Jean.Denita@hotmail.com','','','','17Jean.Denita@etu.cegepjonquiere.caJeanDenita1-418-695-12501-418-695-1282Jean.Denita@hotmail.com\r',NULL);
INSERT INTO `tblStagiaire` (`Id`,`CourrielScolaire`,`Nom`,`Prenom`,`NumTelPersonnel`,`NumTelMaison`,`CourrielPersonnel`,`NumTelEntreprise`,`Poste`,`CourrielEntreprise`,`tag`,`IdStage`) VALUES (18,'Gilbert.Larita@etu.cegepjonquiere.ca','Gilbert','Larita','1-418-695-1251','1-418-695-1283','Gilbert.Larita@hotmail.com','','','','18Gilbert.Larita@etu.cegepjonquiere.caGilbertLarita1-418-695-12511-418-695-1283Gilbert.Larita@hotmail.com\r',NULL);
INSERT INTO `tblStagiaire` (`Id`,`CourrielScolaire`,`Nom`,`Prenom`,`NumTelPersonnel`,`NumTelMaison`,`CourrielPersonnel`,`NumTelEntreprise`,`Poste`,`CourrielEntreprise`,`tag`,`IdStage`) VALUES (19,'Tremblay.Bridgette@etu.cegepjonquiere.ca','Tremblay','Bridgette','1-418-695-1252','1-418-695-1284','Tremblay.Bridgette@hotmail.com','','','','19Tremblay.Bridgette@etu.cegepjonquiere.caTremblayBridgette1-418-695-12521-418-695-1284Tremblay.Bridgette@hotmail.com\r',NULL);
INSERT INTO `tblStagiaire` (`Id`,`CourrielScolaire`,`Nom`,`Prenom`,`NumTelPersonnel`,`NumTelMaison`,`CourrielPersonnel`,`NumTelEntreprise`,`Poste`,`CourrielEntreprise`,`tag`,`IdStage`) VALUES (20,'Bouchard.Sherika@etu.cegepjonquiere.ca','Bouchard','Sherika','1-418-695-1253','1-418-695-1285','Bouchard.Sherika@hotmail.com','','','','20Bouchard.Sherika@etu.cegepjonquiere.caBouchardSherika1-418-695-12531-418-695-1285Bouchard.Sherika@hotmail.com\r',NULL);
INSERT INTO `tblStagiaire` (`Id`,`CourrielScolaire`,`Nom`,`Prenom`,`NumTelPersonnel`,`NumTelMaison`,`CourrielPersonnel`,`NumTelEntreprise`,`Poste`,`CourrielEntreprise`,`tag`,`IdStage`) VALUES (21,'Duchesne.Monroe@etu.cegepjonquiere.ca','Duchesne','Monroe','1-418-695-1254','1-418-695-1286','Duchesne.Monroe@hotmail.com','','','','21Duchesne.Monroe@etu.cegepjonquiere.caDuchesneMonroe1-418-695-12541-418-695-1286Duchesne.Monroe@hotmail.com\r',NULL);
INSERT INTO `tblStagiaire` (`Id`,`CourrielScolaire`,`Nom`,`Prenom`,`NumTelPersonnel`,`NumTelMaison`,`CourrielPersonnel`,`NumTelEntreprise`,`Poste`,`CourrielEntreprise`,`tag`,`IdStage`) VALUES (22,'Poirier.Liliana@etu.cegepjonquiere.ca','Poirier','Liliana','1-418-695-1255','1-418-695-1287','Poirier.Liliana@hotmail.com','','','','22Poirier.Liliana@etu.cegepjonquiere.caPoirierLiliana1-418-695-12551-418-695-1287Poirier.Liliana@hotmail.com\r',NULL);
INSERT INTO `tblStagiaire` (`Id`,`CourrielScolaire`,`Nom`,`Prenom`,`NumTelPersonnel`,`NumTelMaison`,`CourrielPersonnel`,`NumTelEntreprise`,`Poste`,`CourrielEntreprise`,`tag`,`IdStage`) VALUES (23,'Jean.Lavona@etu.cegepjonquiere.ca','Jean','Lavona','1-418-695-1256','1-418-695-1288','Jean.Lavona@hotmail.com','','','','23Jean.Lavona@etu.cegepjonquiere.caJeanLavona1-418-695-12561-418-695-1288Jean.Lavona@hotmail.com\r',NULL);
INSERT INTO `tblStagiaire` (`Id`,`CourrielScolaire`,`Nom`,`Prenom`,`NumTelPersonnel`,`NumTelMaison`,`CourrielPersonnel`,`NumTelEntreprise`,`Poste`,`CourrielEntreprise`,`tag`,`IdStage`) VALUES (24,'Gilbert.Manda@etu.cegepjonquiere.ca','Gilbert','Manda','1-418-695-1257','1-418-695-1289','Gilbert.Manda@hotmail.com','','','','24Gilbert.Manda@etu.cegepjonquiere.caGilbertManda1-418-695-12571-418-695-1289Gilbert.Manda@hotmail.com\r',NULL);
INSERT INTO `tblStagiaire` (`Id`,`CourrielScolaire`,`Nom`,`Prenom`,`NumTelPersonnel`,`NumTelMaison`,`CourrielPersonnel`,`NumTelEntreprise`,`Poste`,`CourrielEntreprise`,`tag`,`IdStage`) VALUES (25,'Tremblay.Conchita@etu.cegepjonquiere.ca','Tremblay','Conchita','1-418-695-1258','1-418-695-1290','Tremblay.Conchita@hotmail.com','','','','25Tremblay.Conchita@etu.cegepjonquiere.caTremblayConchita1-418-695-12581-418-695-1290Tremblay.Conchita@hotmail.com\r',NULL);
INSERT INTO `tblStagiaire` (`Id`,`CourrielScolaire`,`Nom`,`Prenom`,`NumTelPersonnel`,`NumTelMaison`,`CourrielPersonnel`,`NumTelEntreprise`,`Poste`,`CourrielEntreprise`,`tag`,`IdStage`) VALUES (26,'Bouchard.Emanuel@etu.cegepjonquiere.ca','Bouchard','Emanuel','1-418-695-1259','1-418-695-1291','Bouchard.Emanuel@hotmail.com','','','','26Bouchard.Emanuel@etu.cegepjonquiere.caBouchardEmanuel1-418-695-12591-418-695-1291Bouchard.Emanuel@hotmail.com\r',NULL);
INSERT INTO `tblStagiaire` (`Id`,`CourrielScolaire`,`Nom`,`Prenom`,`NumTelPersonnel`,`NumTelMaison`,`CourrielPersonnel`,`NumTelEntreprise`,`Poste`,`CourrielEntreprise`,`tag`,`IdStage`) VALUES (27,'Duchesne.Celestine@etu.cegepjonquiere.ca','Duchesne','Celestine','1-418-695-1260','1-418-695-1292','Duchesne.Celestine@hotmail.com','','','','27Duchesne.Celestine@etu.cegepjonquiere.caDuchesneCelestine1-418-695-12601-418-695-1292Duchesne.Celestine@hotmail.com\r',NULL);
INSERT INTO `tblStagiaire` (`Id`,`CourrielScolaire`,`Nom`,`Prenom`,`NumTelPersonnel`,`NumTelMaison`,`CourrielPersonnel`,`NumTelEntreprise`,`Poste`,`CourrielEntreprise`,`tag`,`IdStage`) VALUES (28,'Poirier.Rikki@etu.cegepjonquiere.ca','Poirier','Rikki','1-418-695-1261','1-418-695-1293','Poirier.Rikki@hotmail.com','','','','28Poirier.Rikki@etu.cegepjonquiere.caPoirierRikki1-418-695-12611-418-695-1293Poirier.Rikki@hotmail.com\r',NULL);
INSERT INTO `tblStagiaire` (`Id`,`CourrielScolaire`,`Nom`,`Prenom`,`NumTelPersonnel`,`NumTelMaison`,`CourrielPersonnel`,`NumTelEntreprise`,`Poste`,`CourrielEntreprise`,`tag`,`IdStage`) VALUES (29,'Jean.Jacque@etu.cegepjonquiere.ca','Jean','Jacque','1-418-695-1262','1-418-695-1294','Jean.Jacque@hotmail.com','','','','29Jean.Jacque@etu.cegepjonquiere.caJeanJacque1-418-695-12621-418-695-1294Jean.Jacque@hotmail.com\r',NULL);
INSERT INTO `tblStagiaire` (`Id`,`CourrielScolaire`,`Nom`,`Prenom`,`NumTelPersonnel`,`NumTelMaison`,`CourrielPersonnel`,`NumTelEntreprise`,`Poste`,`CourrielEntreprise`,`tag`,`IdStage`) VALUES (30,'Gilbert.Kelle@etu.cegepjonquiere.ca','Gilbert','Kelle','1-418-695-1263','1-418-695-1295','Gilbert.Kelle@hotmail.com','','','','30Gilbert.Kelle@etu.cegepjonquiere.caGilbertKelle1-418-695-12631-418-695-1295Gilbert.Kelle@hotmail.com\r',NULL);



INSERT INTO `tblEntreprise` (`Id`,`CourrielEntreprise`,`Nom`,`NumTel`,`NumCivique`,`Rue`,`Ville`,`Province`,`CodePostal`,`Logo`,`tagEntreprise`) VALUES (1,'BanTheB','(394) 202-8610','4205','Bridl','Bangkok','QC','10956','','',NULL);
INSERT INTO `tblEntreprise` (`Id`,`CourrielEntreprise`,`Nom`,`NumTel`,`NumCivique`,`Rue`,`Ville`,`Province`,`CodePostal`,`Logo`,`tagEntreprise`) VALUES (2,'NaiBent','(999) 523-1080','7179','Wood','Nairobi','ON','7960','','',NULL);
INSERT INTO `tblEntreprise` (`Id`,`CourrielEntreprise`,`Nom`,`NumTel`,`NumCivique`,`Rue`,`Ville`,`Province`,`CodePostal`,`Logo`,`tagEntreprise`) VALUES (3,'BeiUnsu','(881) 230-7006','8350','Monro','Beijing','MA','77904','','',NULL);
INSERT INTO `tblEntreprise` (`Id`,`CourrielEntreprise`,`Nom`,`NumTel`,`NumCivique`,`Rue`,`Ville`,`Province`,`CodePostal`,`Logo`,`tagEntreprise`) VALUES (4,'DhaDeco','(817) 975-5623','7317','Cathe','Dhaka','AL','32904','','',NULL);
INSERT INTO `tblEntreprise` (`Id`,`CourrielEntreprise`,`Nom`,`NumTel`,`NumCivique`,`Rue`,`Ville`,`Province`,`CodePostal`,`Logo`,`tagEntreprise`) VALUES (5,'BanDisc','(106) 218-4313','8764','Madis','Bangalore','BC','29710','','',NULL);
INSERT INTO `tblEntreprise` (`Id`,`CourrielEntreprise`,`Nom`,`NumTel`,`NumCivique`,`Rue`,`Ville`,`Province`,`CodePostal`,`Logo`,`tagEntreprise`) VALUES (6,'MexRoma','(789) 858-4542','8906','Chest','Mexico City','NB','97124','','',NULL);
INSERT INTO `tblEntreprise` (`Id`,`CourrielEntreprise`,`Nom`,`NumTel`,`NumCivique`,`Rue`,`Ville`,`Province`,`CodePostal`,`Logo`,`tagEntreprise`) VALUES (7,'IstPeti','(691) 509-4840','7866','Cemet','Istanbul','ON','11572','','',NULL);
INSERT INTO `tblEntreprise` (`Id`,`CourrielEntreprise`,`Nom`,`NumTel`,`NumCivique`,`Rue`,`Ville`,`Province`,`CodePostal`,`Logo`,`tagEntreprise`) VALUES (8,'JohVers','(785) 459-1547','5058','River','Johannesburg','QC','4401','','',NULL);
INSERT INTO `tblEntreprise` (`Id`,`CourrielEntreprise`,`Nom`,`NumTel`,`NumCivique`,`Rue`,`Ville`,`Province`,`CodePostal`,`Logo`,`tagEntreprise`) VALUES (9,'PyoEner','(412) 959-1915','2602','Winds','Pyongyang','NB','11010','','',NULL);
INSERT INTO `tblEntreprise` (`Id`,`CourrielEntreprise`,`Nom`,`NumTel`,`NumCivique`,`Rue`,`Ville`,`Province`,`CodePostal`,`Logo`,`tagEntreprise`) VALUES (10,'LahAbra','(148) 862-4114','6474','Deerf','Lahore','MA','11554','','',NULL);
INSERT INTO `tblEntreprise` (`Id`,`CourrielEntreprise`,`Nom`,`NumTel`,`NumCivique`,`Rue`,`Ville`,`Province`,`CodePostal`,`Logo`,`tagEntreprise`) VALUES (11,'JakUnhe','(473) 401-6167','6455','Hill','Jakarta','BC','2864','','',NULL);
INSERT INTO `tblEntreprise` (`Id`,`CourrielEntreprise`,`Nom`,`NumTel`,`NumCivique`,`Rue`,`Ville`,`Province`,`CodePostal`,`Logo`,`tagEntreprise`) VALUES (12,'YanRoas','(946) 163-6382','1133','Cedar','Yangon','QC','33160','','',NULL);
INSERT INTO `tblEntreprise` (`Id`,`CourrielEntreprise`,`Nom`,`NumTel`,`NumCivique`,`Rue`,`Ville`,`Province`,`CodePostal`,`Logo`,`tagEntreprise`) VALUES (13,'TiaVigo','(968) 746-0811','9796','Locus','Tianjin','AL','27302','','',NULL);
INSERT INTO `tblEntreprise` (`Id`,`CourrielEntreprise`,`Nom`,`NumTel`,`NumCivique`,`Rue`,`Ville`,`Province`,`CodePostal`,`Logo`,`tagEntreprise`) VALUES (14,'Ho Boil','(380) 236-0580','9062','8th A','Ho Chi Minh City','ON','0102A','','',NULL);
INSERT INTO `tblEntreprise` (`Id`,`CourrielEntreprise`,`Nom`,`NumTel`,`NumCivique`,`Rue`,`Ville`,`Province`,`CodePostal`,`Logo`,`tagEntreprise`) VALUES (15,'ShaColo','(508) 684-3506','3781','Ridge','Shanghai','NB','44663','','',NULL);
INSERT INTO `tblEntreprise` (`Id`,`CourrielEntreprise`,`Nom`,`NumTel`,`NumCivique`,`Rue`,`Ville`,`Province`,`CodePostal`,`Logo`,`tagEntreprise`) VALUES (16,'DonObse','(772) 919-8834','1504','Highl','Dongguan','QC','5211C','','',NULL);
INSERT INTO `tblEntreprise` (`Id`,`CourrielEntreprise`,`Nom`,`NumTel`,`NumCivique`,`Rue`,`Ville`,`Province`,`CodePostal`,`Logo`,`tagEntreprise`) VALUES (17,'DelSpec','(568) 416-5712','6152','Primr','Delhi','NB','31204','','',NULL);
INSERT INTO `tblEntreprise` (`Id`,`CourrielEntreprise`,`Nom`,`NumTel`,`NumCivique`,`Rue`,`Ville`,`Province`,`CodePostal`,`Logo`,`tagEntreprise`) VALUES (18,'JaiMeat','(210) 266-3958','2559','Amher','Jaipur','MA','20815','','',NULL);
INSERT INTO `tblEntreprise` (`Id`,`CourrielEntreprise`,`Nom`,`NumTel`,`NumCivique`,`Rue`,`Ville`,`Province`,`CodePostal`,`Logo`,`tagEntreprise`) VALUES (19,'GuaUnru','(801) 283-4613','9867','Cherr','Guangzhou','BC','60047','','',NULL);
INSERT INTO `tblEntreprise` (`Id`,`CourrielEntreprise`,`Nom`,`NumTel`,`NumCivique`,`Rue`,`Ville`,`Province`,`CodePostal`,`Logo`,`tagEntreprise`) VALUES (20,'HanWate','(926) 322-8197','1671','Durha','Hanoi','AL','33040','','',NULL);
INSERT INTO `tblEntreprise` (`Id`,`CourrielEntreprise`,`Nom`,`NumTel`,`NumCivique`,`Rue`,`Ville`,`Province`,`CodePostal`,`Logo`,`tagEntreprise`) VALUES (21,'SheSmar','(959) 393-0840','1839','Mulbe','Shenzhen','QC','11725','','',NULL);
INSERT INTO `tblEntreprise` (`Id`,`CourrielEntreprise`,`Nom`,`NumTel`,`NumCivique`,`Rue`,`Ville`,`Province`,`CodePostal`,`Logo`,`tagEntreprise`) VALUES (22,'AddNorm','(234) 133-0090','5865','Overl','Addis Ababa','ON','16506','','',NULL);
INSERT INTO `tblEntreprise` (`Id`,`CourrielEntreprise`,`Nom`,`NumTel`,`NumCivique`,`Rue`,`Ville`,`Province`,`CodePostal`,`Logo`,`tagEntreprise`) VALUES (23,'HonRamp','(638) 109-3878','3701','Andov','Hong Kong','MA','19020','','',NULL);
INSERT INTO `tblEntreprise` (`Id`,`CourrielEntreprise`,`Nom`,`NumTel`,`NumCivique`,`Rue`,`Ville`,`Province`,`CodePostal`,`Logo`,`tagEntreprise`) VALUES (24,'JedPerf','(117) 367-1230','7341','5th S','Jeddah','NB','60201','','',NULL);
INSERT INTO `tblEntreprise` (`Id`,`CourrielEntreprise`,`Nom`,`NumTel`,`NumCivique`,`Rue`,`Ville`,`Province`,`CodePostal`,`Logo`,`tagEntreprise`) VALUES (25,'AhmSlim','(545) 729-9971','1923','Adams','Ahmedabad','AL','51501','','',NULL);
INSERT INTO `tblEntreprise` (`Id`,`CourrielEntreprise`,`Nom`,`NumTel`,`NumCivique`,`Rue`,`Ville`,`Province`,`CodePostal`,`Logo`,`tagEntreprise`) VALUES (26,'MosChiv','(540) 520-6850','2364','Main','Moscow','QC','44122','','',NULL);
INSERT INTO `tblEntreprise` (`Id`,`CourrielEntreprise`,`Nom`,`NumTel`,`NumCivique`,`Rue`,`Ville`,`Province`,`CodePostal`,`Logo`,`tagEntreprise`) VALUES (27,'TehSudd','(652) 160-4165','6835','Divis','Tehran','ON','13440','','',NULL);
INSERT INTO `tblEntreprise` (`Id`,`CourrielEntreprise`,`Nom`,`NumTel`,`NumCivique`,`Rue`,`Ville`,`Province`,`CodePostal`,`Logo`,`tagEntreprise`) VALUES (28,'Cudd','(238) 213-1521','5485','Cobbl','','NB','16001','','',NULL);
INSERT INTO `tblEntreprise` (`Id`,`CourrielEntreprise`,`Nom`,`NumTel`,`NumCivique`,`Rue`,`Ville`,`Province`,`CodePostal`,`Logo`,`tagEntreprise`) VALUES (29,'MadHuge','(126) 824-3280','5295','Route','Madrid','MA','29550','','',NULL);
INSERT INTO `tblEntreprise` (`Id`,`CourrielEntreprise`,`Nom`,`NumTel`,`NumCivique`,`Rue`,`Ville`,`Province`,`CodePostal`,`Logo`,`tagEntreprise`) VALUES (30,'SurWrat','(640) 317-7482','9669','Everg','Surat','ON','46383','','',NULL);
INSERT INTO `tblEntreprise` (`Id`,`CourrielEntreprise`,`Nom`,`NumTel`,`NumCivique`,`Rue`,`Ville`,`Province`,`CodePostal`,`Logo`,`tagEntreprise`) VALUES (31,'SanRasp','(386) 720-7754','6148','Hanov','Santiago','AL','6051','','',NULL);
INSERT INTO `tblEntreprise` (`Id`,`CourrielEntreprise`,`Nom`,`NumTel`,`NumCivique`,`Rue`,`Ville`,`Province`,`CodePostal`,`Logo`,`tagEntreprise`) VALUES (32,'DurLame','(821) 309-9772','6812','Route','Durban','NB','11776','','',NULL);
INSERT INTO `tblEntreprise` (`Id`,`CourrielEntreprise`,`Nom`,`NumTel`,`NumCivique`,`Rue`,`Ville`,`Province`,`CodePostal`,`Logo`,`tagEntreprise`) VALUES (33,'HydQuai','(574) 301-2789','2701','Cardi','Hyderabad','BC','6111','','',NULL);
INSERT INTO `tblEntreprise` (`Id`,`CourrielEntreprise`,`Nom`,`NumTel`,`NumCivique`,`Rue`,`Ville`,`Province`,`CodePostal`,`Logo`,`tagEntreprise`) VALUES (34,'BagCold','(364) 828-0003','5879','Route','Baghdad','QC','43026','','',NULL);
INSERT INTO `tblEntreprise` (`Id`,`CourrielEntreprise`,`Nom`,`NumTel`,`NumCivique`,`Rue`,`Ville`,`Province`,`CodePostal`,`Logo`,`tagEntreprise`) VALUES (35,'BusGuil','(463) 352-3104','1613','Brook','Busan','ON','23320','','',NULL);
INSERT INTO `tblEntreprise` (`Id`,`CourrielEntreprise`,`Nom`,`NumTel`,`NumCivique`,`Rue`,`Ville`,`Province`,`CodePostal`,`Logo`,`tagEntreprise`) VALUES (36,'NaiThic','(872) 761-9930','2254','Rose','Nairobi','NB','90008','','',NULL);
INSERT INTO `tblEntreprise` (`Id`,`CourrielEntreprise`,`Nom`,`NumTel`,`NumCivique`,`Rue`,`Ville`,`Province`,`CodePostal`,`Logo`,`tagEntreprise`) VALUES (37,'SheLivi','(655) 256-7667','7909','East','Shenyang','ON','4240','','',NULL);
INSERT INTO `tblEntreprise` (`Id`,`CourrielEntreprise`,`Nom`,`NumTel`,`NumCivique`,`Rue`,`Ville`,`Province`,`CodePostal`,`Logo`,`tagEntreprise`) VALUES (38,'CheNebu','(688) 488-6436','3892','Canal','Chennai','NB','44133','','',NULL);
INSERT INTO `tblEntreprise` (`Id`,`CourrielEntreprise`,`Nom`,`NumTel`,`NumCivique`,`Rue`,`Ville`,`Province`,`CodePostal`,`Logo`,`tagEntreprise`) VALUES (39,'RiyYiel','(979) 804-2989','5618','Myrtl','Riyadh','MA','1851','','',NULL);
INSERT INTO `tblEntreprise` (`Id`,`CourrielEntreprise`,`Nom`,`NumTel`,`NumCivique`,`Rue`,`Ville`,`Province`,`CodePostal`,`Logo`,`tagEntreprise`) VALUES (40,'AbiMyst','(512) 726-0509','9745','Hamil','Abidjan','BC','46901','','',NULL);
INSERT INTO `tblEntreprise` (`Id`,`CourrielEntreprise`,`Nom`,`NumTel`,`NumCivique`,`Rue`,`Ville`,`Province`,`CodePostal`,`Logo`,`tagEntreprise`) VALUES (41,'AnkSubd','(634) 958-7518','1399','Orang','Ankara','ON','34203','','',NULL);
INSERT INTO `tblEntreprise` (`Id`,`CourrielEntreprise`,`Nom`,`NumTel`,`NumCivique`,`Rue`,`Ville`,`Province`,`CodePostal`,`Logo`,`tagEntreprise`) VALUES (42,'CasWiry','(560) 337-9093','2587','Smith','Casablanca','QC','46060','','',NULL);
INSERT INTO `tblEntreprise` (`Id`,`CourrielEntreprise`,`Nom`,`NumTel`,`NumCivique`,`Rue`,`Ville`,`Province`,`CodePostal`,`Logo`,`tagEntreprise`) VALUES (43,'BerBrig','(947) 767-6257','4583','8th S','Berlin','NB','72209','','',NULL);
INSERT INTO `tblEntreprise` (`Id`,`CourrielEntreprise`,`Nom`,`NumTel`,`NumCivique`,`Rue`,`Ville`,`Province`,`CodePostal`,`Logo`,`tagEntreprise`) VALUES (44,'BanToot','(759) 407-7378','8734','High','Bangkok','MA','41017','','',NULL);
INSERT INTO `tblEntreprise` (`Id`,`CourrielEntreprise`,`Nom`,`NumTel`,`NumCivique`,`Rue`,`Ville`,`Province`,`CodePostal`,`Logo`,`tagEntreprise`) VALUES (45,'NewFar-','(322) 157-3038','7875','Lafay','New Taipei City','ON','71730','','',NULL);
INSERT INTO `tblEntreprise` (`Id`,`CourrielEntreprise`,`Nom`,`NumTel`,`NumCivique`,`Rue`,`Ville`,`Province`,`CodePostal`,`Logo`,`tagEntreprise`) VALUES (46,'YokAbso','(506) 460-6300','4597','Ashle','Yokohama','AL','91762','','',NULL);
INSERT INTO `tblEntreprise` (`Id`,`CourrielEntreprise`,`Nom`,`NumTel`,`NumCivique`,`Rue`,`Ville`,`Province`,`CodePostal`,`Logo`,`tagEntreprise`) VALUES (47,'NewDisi','(835) 755-2430','6185','Creek','New York City','QC','60031','','',NULL);
INSERT INTO `tblEntreprise` (`Id`,`CourrielEntreprise`,`Nom`,`NumTel`,`NumCivique`,`Rue`,`Ville`,`Province`,`CodePostal`,`Logo`,`tagEntreprise`) VALUES (48,'LosApat','(543) 170-6043','6098','Frank','Los Angeles','MA','29910','','',NULL);
INSERT INTO `tblEntreprise` (`Id`,`CourrielEntreprise`,`Nom`,`NumTel`,`NumCivique`,`Rue`,`Ville`,`Province`,`CodePostal`,`Logo`,`tagEntreprise`) VALUES (49,'JakStin','(349) 919-6016','3996','Taylo','Jakarta','MA','32765','','',NULL);
INSERT INTO `tblEntreprise` (`Id`,`CourrielEntreprise`,`Nom`,`NumTel`,`NumCivique`,`Rue`,`Ville`,`Province`,`CodePostal`,`Logo`,`tagEntreprise`) VALUES (50,'TiaIncr','(120) 850-8973','7710','Route','Tianjin','ON','60056','','',NULL);



INSERT INTO `tblEvaluation` (`Id`,`Titre`,`tag`) VALUES (1,'Évaluation 1',NULL);
INSERT INTO `tblEvaluation` (`Id`,`Titre`,`tag`) VALUES (2,'Évaluation 2',NULL);



INSERT INTO `tblQuestionChoixReponse` (`Id`,`Texte`,`tagQuestionChoixReponse`,`tag`) VALUES (1,'Intégration dans le milieu ',NULL,NULL);
INSERT INTO `tblQuestionChoixReponse` (`Id`,`Texte`,`tagQuestionChoixReponse`,`tag`) VALUES (2,'Ponctualité L’élève stagiaire est-il ou est-elle constamment à l''heure à son travail?',NULL,NULL);
INSERT INTO `tblQuestionChoixReponse` (`Id`,`Texte`,`tagQuestionChoixReponse`,`tag`) VALUES (3,'L’élève stagiaire est-il ou est-elle sérieux-se, réfléchie et endosse-t-il ou endosse-t-elle les actes qu''il ou elle pose dans l''exécution de ses tâches?',NULL,NULL);
INSERT INTO `tblQuestionChoixReponse` (`Id`,`Texte`,`tagQuestionChoixReponse`,`tag`) VALUES (4,'L’élève stagiaire manifeste-t-il ou manifeste-t-elle un intérêt soutenu à l''égard de son travail?',NULL,NULL);
INSERT INTO `tblQuestionChoixReponse` (`Id`,`Texte`,`tagQuestionChoixReponse`,`tag`) VALUES (5,'L’élève stagiaire adopte-t-il ou adopte-t-elle la tenue exigée par les circonstances et le milieu professionnel? ',NULL,NULL);
INSERT INTO `tblQuestionChoixReponse` (`Id`,`Texte`,`tagQuestionChoixReponse`,`tag`) VALUES (6,'L’élève stagiaire adopte-t-il ou adopte-t-elle le comportement exigé par les circonstances et le milieu professionnel?',NULL,NULL);
INSERT INTO `tblQuestionChoixReponse` (`Id`,`Texte`,`tagQuestionChoixReponse`,`tag`) VALUES (7,'Planification du travail',NULL,NULL);
INSERT INTO `tblQuestionChoixReponse` (`Id`,`Texte`,`tagQuestionChoixReponse`,`tag`) VALUES (8,'Choix de la méthode de travail',NULL,NULL);
INSERT INTO `tblQuestionChoixReponse` (`Id`,`Texte`,`tagQuestionChoixReponse`,`tag`) VALUES (9,'L’élève stagiaire fait-il ou fait-elle preuve d''une application constante dans son travail? ',NULL,NULL);
INSERT INTO `tblQuestionChoixReponse` (`Id`,`Texte`,`tagQuestionChoixReponse`,`tag`) VALUES (10,'L’élève stagiaire fournit-il ou fournit-elle un travail de qualité tant sur la  forme que sur le fond? ',NULL,NULL);
INSERT INTO `tblQuestionChoixReponse` (`Id`,`Texte`,`tagQuestionChoixReponse`,`tag`) VALUES (11,'L’élève stagiaire exécute-t-il ou exécute-telle correctement son travail dans le temps prescrit par les normes de l''organisation pour une ou un stagiaire?',NULL,NULL);
INSERT INTO `tblQuestionChoixReponse` (`Id`,`Texte`,`tagQuestionChoixReponse`,`tag`) VALUES (12,'L’élève stagiaire prend-il ou prend-elle des initiatives pour apprendre, agir ou essayer dans le cadre du projet demandé?',NULL,NULL);
INSERT INTO `tblQuestionChoixReponse` (`Id`,`Texte`,`tagQuestionChoixReponse`,`tag`) VALUES (13,'L’élève stagiaire montre-t-il ou montre-telle l''aptitude et la volonté de travailler avec les autres?',NULL,NULL);
INSERT INTO `tblQuestionChoixReponse` (`Id`,`Texte`,`tagQuestionChoixReponse`,`tag`) VALUES (14,'L’élève stagiaire a-t-il ou a-t-elle la capacité et la volonté de s''intégrer au groupe?',NULL,NULL);
INSERT INTO `tblQuestionChoixReponse` (`Id`,`Texte`,`tagQuestionChoixReponse`,`tag`) VALUES (15,'L’élève stagiaire sait-il ou sait-elle répondre correctement aux attentes des usagers? ',NULL,NULL);
INSERT INTO `tblQuestionChoixReponse` (`Id`,`Texte`,`tagQuestionChoixReponse`,`tag`) VALUES (16,'L’élève stagiaire intègre-t-il ou intègre-telle bien la théorie et la pratique dans les travaux reliés à son projet de stage?',NULL,NULL);
INSERT INTO `tblQuestionChoixReponse` (`Id`,`Texte`,`tagQuestionChoixReponse`,`tag`) VALUES (17,'L’élève stagiaire cherche-t-il ou cherche-t-elle à s''améliorer dans sa spécialité et à défricher de nouveaux domaines? ',NULL,NULL);
INSERT INTO `tblQuestionChoixReponse` (`Id`,`Texte`,`tagQuestionChoixReponse`,`tag`) VALUES (18,'L’élève stagiaire peut-il ou peut-elle apprécier par lui ou elle-même un travail ou proposer une solution valable à un problème? ',NULL,NULL);
INSERT INTO `tblQuestionChoixReponse` (`Id`,`Texte`,`tagQuestionChoixReponse`,`tag`) VALUES (19,'L’élève stagiaire écrit-il ou écrit-elle un français, exempt de fautes d''orthographe? ',NULL,NULL);
INSERT INTO `tblQuestionChoixReponse` (`Id`,`Texte`,`tagQuestionChoixReponse`,`tag`) VALUES (20,'L’élève stagiaire écrit-il ou écrit-elle un français clair, précis?',NULL,NULL);
INSERT INTO `tblQuestionChoixReponse` (`Id`,`Texte`,`tagQuestionChoixReponse`,`tag`) VALUES (21,'L’élève stagiaire s''exprime-t-il ou s’exprime-telle avec aisance en utilisant un langage dont les niveaux sont adaptés aux circonstances?',NULL,NULL);
INSERT INTO `tblQuestionChoixReponse` (`Id`,`Texte`,`tagQuestionChoixReponse`,`tag`) VALUES (22,'Quelle est votre appréciation globale de l’élève stagiaire ? ',NULL,NULL);



INSERT INTO `tblQuestionChoixReponseEvaluation` (`IdQuestionChoixReponse`,`IdEvaluation`,`tag`) VALUES (1,2,NULL);
INSERT INTO `tblQuestionChoixReponseEvaluation` (`IdQuestionChoixReponse`,`IdEvaluation`,`tag`) VALUES (2,2,NULL);
INSERT INTO `tblQuestionChoixReponseEvaluation` (`IdQuestionChoixReponse`,`IdEvaluation`,`tag`) VALUES (3,2,NULL);
INSERT INTO `tblQuestionChoixReponseEvaluation` (`IdQuestionChoixReponse`,`IdEvaluation`,`tag`) VALUES (4,2,NULL);
INSERT INTO `tblQuestionChoixReponseEvaluation` (`IdQuestionChoixReponse`,`IdEvaluation`,`tag`) VALUES (5,2,NULL);
INSERT INTO `tblQuestionChoixReponseEvaluation` (`IdQuestionChoixReponse`,`IdEvaluation`,`tag`) VALUES (6,2,NULL);
INSERT INTO `tblQuestionChoixReponseEvaluation` (`IdQuestionChoixReponse`,`IdEvaluation`,`tag`) VALUES (7,2,NULL);
INSERT INTO `tblQuestionChoixReponseEvaluation` (`IdQuestionChoixReponse`,`IdEvaluation`,`tag`) VALUES (8,2,NULL);
INSERT INTO `tblQuestionChoixReponseEvaluation` (`IdQuestionChoixReponse`,`IdEvaluation`,`tag`) VALUES (9,2,NULL);
INSERT INTO `tblQuestionChoixReponseEvaluation` (`IdQuestionChoixReponse`,`IdEvaluation`,`tag`) VALUES (10,2,NULL);
INSERT INTO `tblQuestionChoixReponseEvaluation` (`IdQuestionChoixReponse`,`IdEvaluation`,`tag`) VALUES (11,2,NULL);
INSERT INTO `tblQuestionChoixReponseEvaluation` (`IdQuestionChoixReponse`,`IdEvaluation`,`tag`) VALUES (12,2,NULL);
INSERT INTO `tblQuestionChoixReponseEvaluation` (`IdQuestionChoixReponse`,`IdEvaluation`,`tag`) VALUES (13,2,NULL);
INSERT INTO `tblQuestionChoixReponseEvaluation` (`IdQuestionChoixReponse`,`IdEvaluation`,`tag`) VALUES (14,2,NULL);
INSERT INTO `tblQuestionChoixReponseEvaluation` (`IdQuestionChoixReponse`,`IdEvaluation`,`tag`) VALUES (15,2,NULL);
INSERT INTO `tblQuestionChoixReponseEvaluation` (`IdQuestionChoixReponse`,`IdEvaluation`,`tag`) VALUES (16,2,NULL);
INSERT INTO `tblQuestionChoixReponseEvaluation` (`IdQuestionChoixReponse`,`IdEvaluation`,`tag`) VALUES (17,2,NULL);
INSERT INTO `tblQuestionChoixReponseEvaluation` (`IdQuestionChoixReponse`,`IdEvaluation`,`tag`) VALUES (18,2,NULL);
INSERT INTO `tblQuestionChoixReponseEvaluation` (`IdQuestionChoixReponse`,`IdEvaluation`,`tag`) VALUES (19,2,NULL);
INSERT INTO `tblQuestionChoixReponseEvaluation` (`IdQuestionChoixReponse`,`IdEvaluation`,`tag`) VALUES (20,2,NULL);
INSERT INTO `tblQuestionChoixReponseEvaluation` (`IdQuestionChoixReponse`,`IdEvaluation`,`tag`) VALUES (21,2,NULL);
INSERT INTO `tblQuestionChoixReponseEvaluation` (`IdQuestionChoixReponse`,`IdEvaluation`,`tag`) VALUES (22,2,NULL);



INSERT INTO `tblQuestionGrille` (`Id`,`Texte`,`tag`,`idCategorieQuestion`) VALUES (1,'Faire preuve de curiosité.',NULL,1);
INSERT INTO `tblQuestionGrille` (`Id`,`Texte`,`tag`,`idCategorieQuestion`) VALUES (2,'Concentrer ses efforts et investir l’énergie nécessaire pour faire du bon travail, voir à se dépasser, et pour satisfaire aux normes de qualité et de rendement en vigueur dans l’entreprise. ',NULL,1);
INSERT INTO `tblQuestionGrille` (`Id`,`Texte`,`tag`,`idCategorieQuestion`) VALUES (3,'Porter un intérêt soutenu au travail.  Faire preuve de persévérance et de volonté.',NULL,1);
INSERT INTO `tblQuestionGrille` (`Id`,`Texte`,`tag`,`idCategorieQuestion`) VALUES (4,'Être de bonne humeur.  Éprouver du plaisir à travailler ',NULL,1);
INSERT INTO `tblQuestionGrille` (`Id`,`Texte`,`tag`,`idCategorieQuestion`) VALUES (5,'Accepter volontiers, et avec ouverture d’esprit, la critique ou les suggestions sur son travail ou sur son comportement.',NULL,2);
INSERT INTO `tblQuestionGrille` (`Id`,`Texte`,`tag`,`idCategorieQuestion`) VALUES (6,'Être capable de bien réagir devant les difficultés.',NULL,2);
INSERT INTO `tblQuestionGrille` (`Id`,`Texte`,`tag`,`idCategorieQuestion`) VALUES (7,'Avoir un comportement responsable.',NULL,2);
INSERT INTO `tblQuestionGrille` (`Id`,`Texte`,`tag`,`idCategorieQuestion`) VALUES (8,'Gérer convenablement son stress : rester calme dans des circonstances imprévues,  conserver son sang-froid face à des situations difficiles. ',NULL,2);
INSERT INTO `tblQuestionGrille` (`Id`,`Texte`,`tag`,`idCategorieQuestion`) VALUES (9,'Faire preuve d’initiatives. ',NULL,3);
INSERT INTO `tblQuestionGrille` (`Id`,`Texte`,`tag`,`idCategorieQuestion`) VALUES (10,'Être capable de prendre des décisions.',NULL,3);
INSERT INTO `tblQuestionGrille` (`Id`,`Texte`,`tag`,`idCategorieQuestion`) VALUES (11,'Être capable d’apprendre de façon autonome.',NULL,3);
INSERT INTO `tblQuestionGrille` (`Id`,`Texte`,`tag`,`idCategorieQuestion`) VALUES (12,'Avoir un esprit inventif. ',NULL,3);
INSERT INTO `tblQuestionGrille` (`Id`,`Texte`,`tag`,`idCategorieQuestion`) VALUES (13,'Utiliser un langage respectueux.',NULL,4);
INSERT INTO `tblQuestionGrille` (`Id`,`Texte`,`tag`,`idCategorieQuestion`) VALUES (14,'Respecter les valeurs véhiculées dans l’entreprise.',NULL,4);
INSERT INTO `tblQuestionGrille` (`Id`,`Texte`,`tag`,`idCategorieQuestion`) VALUES (15,'Respecter les conventions, règles ou normes en vigueur.',NULL,4);
INSERT INTO `tblQuestionGrille` (`Id`,`Texte`,`tag`,`idCategorieQuestion`) VALUES (16,'Respecter ses engagements.',NULL,4);
INSERT INTO `tblQuestionGrille` (`Id`,`Texte`,`tag`,`idCategorieQuestion`) VALUES (17,'S’initier rapidement à de nouvelles méthodes de travail. ',NULL,5);
INSERT INTO `tblQuestionGrille` (`Id`,`Texte`,`tag`,`idCategorieQuestion`) VALUES (18,'Se conformer sans difficulté aux standards  et procédures de l’entreprise.',NULL,5);
INSERT INTO `tblQuestionGrille` (`Id`,`Texte`,`tag`,`idCategorieQuestion`) VALUES (19,'Changer, au besoin, sa façon de faire.',NULL,5);
INSERT INTO `tblQuestionGrille` (`Id`,`Texte`,`tag`,`idCategorieQuestion`) VALUES (20,'S’habituer facilement à de nouveaux outils.',NULL,5);
INSERT INTO `tblQuestionGrille` (`Id`,`Texte`,`tag`,`idCategorieQuestion`) VALUES (21,'Adopter des comportements qui conviennent aux nouvelles situations',NULL,5);
INSERT INTO `tblQuestionGrille` (`Id`,`Texte`,`tag`,`idCategorieQuestion`) VALUES (22,'Accomplir les tâches en respectant les directives, les contraintes, les normes de qualité et le temps alloué. ',NULL,6);
INSERT INTO `tblQuestionGrille` (`Id`,`Texte`,`tag`,`idCategorieQuestion`) VALUES (23,'Être capable de travailler assidûment.',NULL,6);
INSERT INTO `tblQuestionGrille` (`Id`,`Texte`,`tag`,`idCategorieQuestion`) VALUES (24,'Agir efficacement.',NULL,6);
INSERT INTO `tblQuestionGrille` (`Id`,`Texte`,`tag`,`idCategorieQuestion`) VALUES (25,'Prendre des initiatives pertinentes et justifiées. ',NULL,6);
INSERT INTO `tblQuestionGrille` (`Id`,`Texte`,`tag`,`idCategorieQuestion`) VALUES (26,'Bien cerner le projet ou l’activité et comprendre les tâches à accomplir. ',NULL,6);
INSERT INTO `tblQuestionGrille` (`Id`,`Texte`,`tag`,`idCategorieQuestion`) VALUES (27,'Poser des questions pertinentes pour clarifier les demandes, les attentes et les contraintes.',NULL,6);
INSERT INTO `tblQuestionGrille` (`Id`,`Texte`,`tag`,`idCategorieQuestion`) VALUES (28,'Organiser et gérer efficacement son temps de travail.  Savoir établir des priorités. ',NULL,6);
INSERT INTO `tblQuestionGrille` (`Id`,`Texte`,`tag`,`idCategorieQuestion`) VALUES (29,'Vérifier son travail afin d’éviter les erreurs et de ne pas oublier d’éléments reliés à la tâche. ',NULL,6);
INSERT INTO `tblQuestionGrille` (`Id`,`Texte`,`tag`,`idCategorieQuestion`) VALUES (30,'Utiliser les ressources mises à sa disposition de manière responsable (travailler de façon sécuritaire, manipuler avec précaution les outils mis à sa disposition et les maintenir en bon ordre). ',NULL,6);
INSERT INTO `tblQuestionGrille` (`Id`,`Texte`,`tag`,`idCategorieQuestion`) VALUES (31,'S’intégrer sans difficulté dans un nouveau groupe de personnes. ',NULL,7);
INSERT INTO `tblQuestionGrille` (`Id`,`Texte`,`tag`,`idCategorieQuestion`) VALUES (32,'Établir et entretenir des rapports de confiance et de respect.',NULL,7);
INSERT INTO `tblQuestionGrille` (`Id`,`Texte`,`tag`,`idCategorieQuestion`) VALUES (33,'Adapter son niveau de langage à son interlocuteur.',NULL,7);
INSERT INTO `tblQuestionGrille` (`Id`,`Texte`,`tag`,`idCategorieQuestion`) VALUES (34,'Tenir compte du point de vue des autres et reconsidérer, s’il y a lieu, son propre point de vue. ',NULL,7);



INSERT INTO `tblQuestionGrilleEvaluation` (`IdQuestionGrille`,`IdEvaluation`,`tag`) VALUES (1,1,NULL);
INSERT INTO `tblQuestionGrilleEvaluation` (`IdQuestionGrille`,`IdEvaluation`,`tag`) VALUES (2,1,NULL);
INSERT INTO `tblQuestionGrilleEvaluation` (`IdQuestionGrille`,`IdEvaluation`,`tag`) VALUES (3,1,NULL);
INSERT INTO `tblQuestionGrilleEvaluation` (`IdQuestionGrille`,`IdEvaluation`,`tag`) VALUES (4,1,NULL);
INSERT INTO `tblQuestionGrilleEvaluation` (`IdQuestionGrille`,`IdEvaluation`,`tag`) VALUES (5,1,NULL);
INSERT INTO `tblQuestionGrilleEvaluation` (`IdQuestionGrille`,`IdEvaluation`,`tag`) VALUES (6,1,NULL);
INSERT INTO `tblQuestionGrilleEvaluation` (`IdQuestionGrille`,`IdEvaluation`,`tag`) VALUES (7,1,NULL);
INSERT INTO `tblQuestionGrilleEvaluation` (`IdQuestionGrille`,`IdEvaluation`,`tag`) VALUES (8,1,NULL);
INSERT INTO `tblQuestionGrilleEvaluation` (`IdQuestionGrille`,`IdEvaluation`,`tag`) VALUES (9,1,NULL);
INSERT INTO `tblQuestionGrilleEvaluation` (`IdQuestionGrille`,`IdEvaluation`,`tag`) VALUES (10,1,NULL);
INSERT INTO `tblQuestionGrilleEvaluation` (`IdQuestionGrille`,`IdEvaluation`,`tag`) VALUES (11,1,NULL);
INSERT INTO `tblQuestionGrilleEvaluation` (`IdQuestionGrille`,`IdEvaluation`,`tag`) VALUES (12,1,NULL);
INSERT INTO `tblQuestionGrilleEvaluation` (`IdQuestionGrille`,`IdEvaluation`,`tag`) VALUES (13,1,NULL);
INSERT INTO `tblQuestionGrilleEvaluation` (`IdQuestionGrille`,`IdEvaluation`,`tag`) VALUES (14,1,NULL);
INSERT INTO `tblQuestionGrilleEvaluation` (`IdQuestionGrille`,`IdEvaluation`,`tag`) VALUES (15,1,NULL);
INSERT INTO `tblQuestionGrilleEvaluation` (`IdQuestionGrille`,`IdEvaluation`,`tag`) VALUES (16,1,NULL);
INSERT INTO `tblQuestionGrilleEvaluation` (`IdQuestionGrille`,`IdEvaluation`,`tag`) VALUES (17,1,NULL);
INSERT INTO `tblQuestionGrilleEvaluation` (`IdQuestionGrille`,`IdEvaluation`,`tag`) VALUES (18,1,NULL);
INSERT INTO `tblQuestionGrilleEvaluation` (`IdQuestionGrille`,`IdEvaluation`,`tag`) VALUES (19,1,NULL);
INSERT INTO `tblQuestionGrilleEvaluation` (`IdQuestionGrille`,`IdEvaluation`,`tag`) VALUES (20,1,NULL);
INSERT INTO `tblQuestionGrilleEvaluation` (`IdQuestionGrille`,`IdEvaluation`,`tag`) VALUES (21,1,NULL);
INSERT INTO `tblQuestionGrilleEvaluation` (`IdQuestionGrille`,`IdEvaluation`,`tag`) VALUES (22,1,NULL);
INSERT INTO `tblQuestionGrilleEvaluation` (`IdQuestionGrille`,`IdEvaluation`,`tag`) VALUES (23,1,NULL);
INSERT INTO `tblQuestionGrilleEvaluation` (`IdQuestionGrille`,`IdEvaluation`,`tag`) VALUES (24,1,NULL);
INSERT INTO `tblQuestionGrilleEvaluation` (`IdQuestionGrille`,`IdEvaluation`,`tag`) VALUES (25,1,NULL);
INSERT INTO `tblQuestionGrilleEvaluation` (`IdQuestionGrille`,`IdEvaluation`,`tag`) VALUES (26,1,NULL);
INSERT INTO `tblQuestionGrilleEvaluation` (`IdQuestionGrille`,`IdEvaluation`,`tag`) VALUES (27,1,NULL);
INSERT INTO `tblQuestionGrilleEvaluation` (`IdQuestionGrille`,`IdEvaluation`,`tag`) VALUES (28,1,NULL);
INSERT INTO `tblQuestionGrilleEvaluation` (`IdQuestionGrille`,`IdEvaluation`,`tag`) VALUES (29,1,NULL);
INSERT INTO `tblQuestionGrilleEvaluation` (`IdQuestionGrille`,`IdEvaluation`,`tag`) VALUES (30,1,NULL);
INSERT INTO `tblQuestionGrilleEvaluation` (`IdQuestionGrille`,`IdEvaluation`,`tag`) VALUES (31,1,NULL);
INSERT INTO `tblQuestionGrilleEvaluation` (`IdQuestionGrille`,`IdEvaluation`,`tag`) VALUES (32,1,NULL);
INSERT INTO `tblQuestionGrilleEvaluation` (`IdQuestionGrille`,`IdEvaluation`,`tag`) VALUES (33,1,NULL);
INSERT INTO `tblQuestionGrilleEvaluation` (`IdQuestionGrille`,`IdEvaluation`,`tag`) VALUES (34,1,NULL);



INSERT INTO `tblResponsable` (`Id`,`IdEmployeEntreprise`) VALUES (1,31);
INSERT INTO `tblResponsable` (`Id`,`IdEmployeEntreprise`) VALUES (2,32);
INSERT INTO `tblResponsable` (`Id`,`IdEmployeEntreprise`) VALUES (3,33);
INSERT INTO `tblResponsable` (`Id`,`IdEmployeEntreprise`) VALUES (4,34);
INSERT INTO `tblResponsable` (`Id`,`IdEmployeEntreprise`) VALUES (5,35);
INSERT INTO `tblResponsable` (`Id`,`IdEmployeEntreprise`) VALUES (6,36);
INSERT INTO `tblResponsable` (`Id`,`IdEmployeEntreprise`) VALUES (7,37);
INSERT INTO `tblResponsable` (`Id`,`IdEmployeEntreprise`) VALUES (8,38);
INSERT INTO `tblResponsable` (`Id`,`IdEmployeEntreprise`) VALUES (9,39);
INSERT INTO `tblResponsable` (`Id`,`IdEmployeEntreprise`) VALUES (10,40);
INSERT INTO `tblResponsable` (`Id`,`IdEmployeEntreprise`) VALUES (11,41);
INSERT INTO `tblResponsable` (`Id`,`IdEmployeEntreprise`) VALUES (12,42);
INSERT INTO `tblResponsable` (`Id`,`IdEmployeEntreprise`) VALUES (13,43);
INSERT INTO `tblResponsable` (`Id`,`IdEmployeEntreprise`) VALUES (14,44);
INSERT INTO `tblResponsable` (`Id`,`IdEmployeEntreprise`) VALUES (15,45);
INSERT INTO `tblResponsable` (`Id`,`IdEmployeEntreprise`) VALUES (16,46);
INSERT INTO `tblResponsable` (`Id`,`IdEmployeEntreprise`) VALUES (17,47);
INSERT INTO `tblResponsable` (`Id`,`IdEmployeEntreprise`) VALUES (18,48);
INSERT INTO `tblResponsable` (`Id`,`IdEmployeEntreprise`) VALUES (19,49);



INSERT INTO `tblReponse` (`Id`,`Texte`,`tag`) VALUES (1,'Généralement',NULL);
INSERT INTO `tblReponse` (`Id`,`Texte`,`tag`) VALUES (2,'Souvent',NULL);
INSERT INTO `tblReponse` (`Id`,`Texte`,`tag`) VALUES (3,'Parfois',NULL);
INSERT INTO `tblReponse` (`Id`,`Texte`,`tag`) VALUES (4,'Rarement',NULL);
INSERT INTO `tblReponse` (`Id`,`Texte`,`tag`) VALUES (5,'est familiarisé-e rapidement à divers  services de l''organisation. ',NULL);
INSERT INTO `tblReponse` (`Id`,`Texte`,`tag`) VALUES (6,'est intéressé-e progressivement à divers services de l''organisation.',NULL);
INSERT INTO `tblReponse` (`Id`,`Texte`,`tag`) VALUES (7,'Intégration normale à la vie du milieu de stage.',NULL);
INSERT INTO `tblReponse` (`Id`,`Texte`,`tag`) VALUES (8,'est limité-e à l''équipe de travail.',NULL);
INSERT INTO `tblReponse` (`Id`,`Texte`,`tag`) VALUES (9,'a fait que peu d’effort d''adaptation. ',NULL);
INSERT INTO `tblReponse` (`Id`,`Texte`,`tag`) VALUES (10,'Ponctualité irréprochable. ',NULL);
INSERT INTO `tblReponse` (`Id`,`Texte`,`tag`) VALUES (11,'Arrive rarement en retard à son travail.',NULL);
INSERT INTO `tblReponse` (`Id`,`Texte`,`tag`) VALUES (12,'Arrive parfois en retard à son travail. ',NULL);
INSERT INTO `tblReponse` (`Id`,`Texte`,`tag`) VALUES (13,'Se permet facilement d''être en retard au travail. ',NULL);
INSERT INTO `tblReponse` (`Id`,`Texte`,`tag`) VALUES (14,'Retardataire invétéré-e. ',NULL);
INSERT INTO `tblReponse` (`Id`,`Texte`,`tag`) VALUES (15,'Accepte toutes les responsabilités même dans les situations difficiles.',NULL);
INSERT INTO `tblReponse` (`Id`,`Texte`,`tag`) VALUES (16,'Accepte volontiers les responsabilités.',NULL);
INSERT INTO `tblReponse` (`Id`,`Texte`,`tag`) VALUES (17,'Accepte les responsabilités sans toutefois les rechercher.',NULL);
INSERT INTO `tblReponse` (`Id`,`Texte`,`tag`) VALUES (18,'Inégal-e dans l''acceptation des responsabilités.',NULL);
INSERT INTO `tblReponse` (`Id`,`Texte`,`tag`) VALUES (19,'Fuit les responsabilités.',NULL);
INSERT INTO `tblReponse` (`Id`,`Texte`,`tag`) VALUES (20,'Consacre à son travail le maximum ''efforts et de temps.',NULL);
INSERT INTO `tblReponse` (`Id`,`Texte`,`tag`) VALUES (21,'Se montre très intéressé-e par son travail.',NULL);
INSERT INTO `tblReponse` (`Id`,`Texte`,`tag`) VALUES (22,'Intéressé-e par son travail, donne un rendement satisfaisant.',NULL);
INSERT INTO `tblReponse` (`Id`,`Texte`,`tag`) VALUES (23,'Manque d''intérêt pour son travail, rendement faible.',NULL);
INSERT INTO `tblReponse` (`Id`,`Texte`,`tag`) VALUES (24,'Manque évident d''intérêt.',NULL);
INSERT INTO `tblReponse` (`Id`,`Texte`,`tag`) VALUES (25,'Tenue toujours adaptée aux circonstances et au milieu. ',NULL);
INSERT INTO `tblReponse` (`Id`,`Texte`,`tag`) VALUES (26,'Tenue généralement bien adaptée aux circonstances et au milieu.',NULL);
INSERT INTO `tblReponse` (`Id`,`Texte`,`tag`) VALUES (27,'Tenue satisfaisante. ',NULL);
INSERT INTO `tblReponse` (`Id`,`Texte`,`tag`) VALUES (28,'Tenue parfois négligée.',NULL);
INSERT INTO `tblReponse` (`Id`,`Texte`,`tag`) VALUES (29,'Tenue inacceptable. ',NULL);
INSERT INTO `tblReponse` (`Id`,`Texte`,`tag`) VALUES (30,'Comportement très bien adapté aux circonstances et au milieu. ',NULL);
INSERT INTO `tblReponse` (`Id`,`Texte`,`tag`) VALUES (31,'Comportement bien adapté aux circonstances et au milieu. ',NULL);
INSERT INTO `tblReponse` (`Id`,`Texte`,`tag`) VALUES (32,'Comportement acceptable.',NULL);
INSERT INTO `tblReponse` (`Id`,`Texte`,`tag`) VALUES (33,'Comportement faible.',NULL);
INSERT INTO `tblReponse` (`Id`,`Texte`,`tag`) VALUES (34,'Comportement inacceptable.',NULL);
INSERT INTO `tblReponse` (`Id`,`Texte`,`tag`) VALUES (35,'Planifie très bien son travail de façon professionnelle.',NULL);
INSERT INTO `tblReponse` (`Id`,`Texte`,`tag`) VALUES (36,'Planifie bien son travail seule ou seul. ',NULL);
INSERT INTO `tblReponse` (`Id`,`Texte`,`tag`) VALUES (37,'Planifie normalement son travail. ',NULL);
INSERT INTO `tblReponse` (`Id`,`Texte`,`tag`) VALUES (38,'Planification qui laisse à désirer.',NULL);
INSERT INTO `tblReponse` (`Id`,`Texte`,`tag`) VALUES (39,'Exécute les tâches sans égard à leur importance.',NULL);
INSERT INTO `tblReponse` (`Id`,`Texte`,`tag`) VALUES (40,'Généralement capable de choisir et d''appliquer la bonne technique.',NULL);
INSERT INTO `tblReponse` (`Id`,`Texte`,`tag`) VALUES (41,'Parfois capable de choisir et d''appliquer la bonne technique.',NULL);
INSERT INTO `tblReponse` (`Id`,`Texte`,`tag`) VALUES (42,'Technique douteuse mais résultats attendus.',NULL);
INSERT INTO `tblReponse` (`Id`,`Texte`,`tag`) VALUES (43,'Technique douteuse et résultats douteux.',NULL);
INSERT INTO `tblReponse` (`Id`,`Texte`,`tag`) VALUES (44,'Travail par essais et erreurs d''aboutissant à rien.',NULL);
INSERT INTO `tblReponse` (`Id`,`Texte`,`tag`) VALUES (45,'Montre une application supérieure.',NULL);
INSERT INTO `tblReponse` (`Id`,`Texte`,`tag`) VALUES (46,'Montre une application au-dessus de la moyenne.',NULL);
INSERT INTO `tblReponse` (`Id`,`Texte`,`tag`) VALUES (47,'Montre une application moyenne dans son travail. ',NULL);
INSERT INTO `tblReponse` (`Id`,`Texte`,`tag`) VALUES (48,'Manque d''application.',NULL);
INSERT INTO `tblReponse` (`Id`,`Texte`,`tag`) VALUES (49,'Insouciance dans le travail.',NULL);
INSERT INTO `tblReponse` (`Id`,`Texte`,`tag`) VALUES (50,'Travail très bien fait.',NULL);
INSERT INTO `tblReponse` (`Id`,`Texte`,`tag`) VALUES (51,'Travail bien fait.',NULL);
INSERT INTO `tblReponse` (`Id`,`Texte`,`tag`) VALUES (52,'Travail satisfaisant nécessitant une vérification normale.',NULL);
INSERT INTO `tblReponse` (`Id`,`Texte`,`tag`) VALUES (53,'Travail douteux qui exige une surveillance constante.',NULL);
INSERT INTO `tblReponse` (`Id`,`Texte`,`tag`) VALUES (54,'Travail inacceptable.',NULL);
INSERT INTO `tblReponse` (`Id`,`Texte`,`tag`) VALUES (55,'Vitesse d''exécution significativement supérieure à la moyenne.',NULL);
INSERT INTO `tblReponse` (`Id`,`Texte`,`tag`) VALUES (56,'Vitesse d''exécution légèrement supérieure à la moyenne.',NULL);
INSERT INTO `tblReponse` (`Id`,`Texte`,`tag`) VALUES (57,'Travail effectué dans un temps normal.',NULL);
INSERT INTO `tblReponse` (`Id`,`Texte`,`tag`) VALUES (58,'Rapidité inférieure à la moyenne.',NULL);
INSERT INTO `tblReponse` (`Id`,`Texte`,`tag`) VALUES (59,'Trop lent. ',NULL);
INSERT INTO `tblReponse` (`Id`,`Texte`,`tag`) VALUES (60,'Démontre beaucoup d''initiative pour planifier et exécuter sa tâche.',NULL);
INSERT INTO `tblReponse` (`Id`,`Texte`,`tag`) VALUES (61,'Démontre généralement de l’initiative pour effectuer ses tâches.',NULL);
INSERT INTO `tblReponse` (`Id`,`Texte`,`tag`) VALUES (62,'Recherche une assistance normale dans l''accomplissement de ses tâches.',NULL);
INSERT INTO `tblReponse` (`Id`,`Texte`,`tag`) VALUES (63,'Entreprend peu et recherche souvent l''assistance de ses supérieurs ou collègues.',NULL);
INSERT INTO `tblReponse` (`Id`,`Texte`,`tag`) VALUES (64,'Absence d''initiative.',NULL);
INSERT INTO `tblReponse` (`Id`,`Texte`,`tag`) VALUES (65,'Bonne collaboration, participe activement au travail d''équipe.',NULL);
INSERT INTO `tblReponse` (`Id`,`Texte`,`tag`) VALUES (66,'Bonne collaboration, fournit un apport valable à son équipe. ',NULL);
INSERT INTO `tblReponse` (`Id`,`Texte`,`tag`) VALUES (67,'Accepte de collaborer lorsque c''est nécessaire.',NULL);
INSERT INTO `tblReponse` (`Id`,`Texte`,`tag`) VALUES (68,'À la remorque du groupe, doit être incité à collaborer. ',NULL);
INSERT INTO `tblReponse` (`Id`,`Texte`,`tag`) VALUES (69,'Refus de collaborer. ',NULL);
INSERT INTO `tblReponse` (`Id`,`Texte`,`tag`) VALUES (70,'Démontre toujours un esprit de groupe dépassant la moyenne',NULL);
INSERT INTO `tblReponse` (`Id`,`Texte`,`tag`) VALUES (71,'Démontre habituellement un bon esprit de groupe.',NULL);
INSERT INTO `tblReponse` (`Id`,`Texte`,`tag`) VALUES (72,'Démontre un esprit de groupe normal.',NUll);
INSERT INTO `tblReponse` (`Id`,`Texte`,`tag`) VALUES (73,'s''adapte lentement et mal au groupe.',NULL);
INSERT INTO `tblReponse` (`Id`,`Texte`,`tag`) VALUES (74,'Marginal.',NULL);
INSERT INTO `tblReponse` (`Id`,`Texte`,`tag`) VALUES (75,'Sait écouter, analyser et répondre efficacement à la demande.',NULL);
INSERT INTO `tblReponse` (`Id`,`Texte`,`tag`) VALUES (76,'Peut répondre à la majeure partie de la demande.',NULL);
INSERT INTO `tblReponse` (`Id`,`Texte`,`tag`) VALUES (77,'Répond partiellement à la demande.',NULL);
INSERT INTO `tblReponse` (`Id`,`Texte`,`tag`) VALUES (78,'Manque d''écoute et analyse superficielle de la demande.',NULL);
INSERT INTO `tblReponse` (`Id`,`Texte`,`tag`) VALUES (79,'Ne comprend pas les demandes.',NULL);
INSERT INTO `tblReponse` (`Id`,`Texte`,`tag`) VALUES (80,'Saisit rapidement l''essentiel avec un minimum d''explications.',NULL);
INSERT INTO `tblReponse` (`Id`,`Texte`,`tag`) VALUES (81,'Esprit rapide qui assimile à la suite d''explications suffisantes.',NULL);
INSERT INTO `tblReponse` (`Id`,`Texte`,`tag`) VALUES (82,'Assimile bien à la suite d''explications détaillées.',NULL);
INSERT INTO `tblReponse` (`Id`,`Texte`,`tag`) VALUES (83,'N''assimile qu''à la suite d''explications répétées. ',NULL);
INSERT INTO `tblReponse` (`Id`,`Texte`,`tag`) VALUES (84,'Inapte au travail demandé.',NULL);
INSERT INTO `tblReponse` (`Id`,`Texte`,`tag`) VALUES (85,'Démontre une ouverture d''esprit, une grande curiosité.',NULL);
INSERT INTO `tblReponse` (`Id`,`Texte`,`tag`) VALUES (86,'Cherche constamment à élargir le champ de ses connaissances.',NULL);
INSERT INTO `tblReponse` (`Id`,`Texte`,`tag`) VALUES (87,'Démontre une bonne curiosité cantonnée cependant à sa spécialité.',NULL);
INSERT INTO `tblReponse` (`Id`,`Texte`,`tag`) VALUES (88,'Éprouve rarement le besoin de s''améliorer même dans son domaine. ',NULL);
INSERT INTO `tblReponse` (`Id`,`Texte`,`tag`) VALUES (89,'Manque total de curiosité.',NULL);
INSERT INTO `tblReponse` (`Id`,`Texte`,`tag`) VALUES (90,'Très bon jugement, identifie habituellement la bonne solution aux problèmes posés.',NULL);
INSERT INTO `tblReponse` (`Id`,`Texte`,`tag`) VALUES (91,'Bon jugement, émet souvent une opinion éclairée sur les problèmes posés.',NULL);
INSERT INTO `tblReponse` (`Id`,`Texte`,`tag`) VALUES (92,'Donne parfois une bonne opinion.',NULL);
INSERT INTO `tblReponse` (`Id`,`Texte`,`tag`) VALUES (93,'Donne rarement une opinion sur les problèmes posés.',NULL);
INSERT INTO `tblReponse` (`Id`,`Texte`,`tag`) VALUES (94,'Jugement faible. ',NULL);
INSERT INTO `tblReponse` (`Id`,`Texte`,`tag`) VALUES (95,'Orthographe sans faute. ',NULL);
INSERT INTO `tblReponse` (`Id`,`Texte`,`tag`) VALUES (96,'Orthographe avec quelques fautes.',NULL);
INSERT INTO `tblReponse` (`Id`,`Texte`,`tag`) VALUES (97,'Orthographe acceptable.',NULL);
INSERT INTO `tblReponse` (`Id`,`Texte`,`tag`) VALUES (98,'Orthographe avec beaucoup de fautes.',NULL);
INSERT INTO `tblReponse` (`Id`,`Texte`,`tag`) VALUES (99,'Orthographe inacceptable.',NULL);
INSERT INTO `tblReponse` (`Id`,`Texte`,`tag`) VALUES (100,'L''expression écrite est s''un excellent niveau.',NULL);
INSERT INTO `tblReponse` (`Id`,`Texte`,`tag`) VALUES (101,'L''expression écrite est claire et précise.',NULL);
INSERT INTO `tblReponse` (`Id`,`Texte`,`tag`) VALUES (102,'L''expression écrite est acceptable.',NULL);
INSERT INTO `tblReponse` (`Id`,`Texte`,`tag`) VALUES (103,'L''expression écrite est maladroite.',NULL);
INSERT INTO `tblReponse` (`Id`,`Texte`,`tag`) VALUES (104,'L''expression écrite est déficiente.',NULL);
INSERT INTO `tblReponse` (`Id`,`Texte`,`tag`) VALUES (105,'s''exprime toujours correctement, avec précision et aisance.',NULL);
INSERT INTO `tblReponse` (`Id`,`Texte`,`tag`) VALUES (106,'s''exprime correctement et avec précision',NULL);
INSERT INTO `tblReponse` (`Id`,`Texte`,`tag`) VALUES (107,'s''exprime d’une manière satisfaisante.',NULL);
INSERT INTO `tblReponse` (`Id`,`Texte`,`tag`) VALUES (108,'s''exprime difficilement et de façon approximative.',NULL);
INSERT INTO `tblReponse` (`Id`,`Texte`,`tag`) VALUES (109,'Expression orale inacceptable.',NULL);
INSERT INTO `tblReponse` (`Id`,`Texte`,`tag`) VALUES (110,'Excellent',NULL);
INSERT INTO `tblReponse` (`Id`,`Texte`,`tag`) VALUES (111,'Très bien ',NULL);
INSERT INTO `tblReponse` (`Id`,`Texte`,`tag`) VALUES (112,'Bien ',NULL);
INSERT INTO `tblReponse` (`Id`,`Texte`,`tag`) VALUES (113,'Acceptable ',NULL);
INSERT INTO `tblReponse` (`Id`,`Texte`,`tag`) VALUES (114,'Faible ',NULl);


INSERT INTO `tblReponseQuestionChoixReponse` (`IdQuestionChoixReponse`,`IdReponse`,`tag`) VALUES (1,5,NULL);
INSERT INTO `tblReponseQuestionChoixReponse` (`IdQuestionChoixReponse`,`IdReponse`,`tag`) VALUES (1,6,NULL);
INSERT INTO `tblReponseQuestionChoixReponse` (`IdQuestionChoixReponse`,`IdReponse`,`tag`) VALUES (1,7,NULL);
INSERT INTO `tblReponseQuestionChoixReponse` (`IdQuestionChoixReponse`,`IdReponse`,`tag`) VALUES (1,8,NULL);
INSERT INTO `tblReponseQuestionChoixReponse` (`IdQuestionChoixReponse`,`IdReponse`,`tag`) VALUES (1,9,NULL);
INSERT INTO `tblReponseQuestionChoixReponse` (`IdQuestionChoixReponse`,`IdReponse`,`tag`) VALUES (2,10,NULL);
INSERT INTO `tblReponseQuestionChoixReponse` (`IdQuestionChoixReponse`,`IdReponse`,`tag`) VALUES (2,11,NULL);
INSERT INTO `tblReponseQuestionChoixReponse` (`IdQuestionChoixReponse`,`IdReponse`,`tag`) VALUES (2,12,NULL);
INSERT INTO `tblReponseQuestionChoixReponse` (`IdQuestionChoixReponse`,`IdReponse`,`tag`) VALUES (2,13,NULL);
INSERT INTO `tblReponseQuestionChoixReponse` (`IdQuestionChoixReponse`,`IdReponse`,`tag`) VALUES (2,14,NULL);
INSERT INTO `tblReponseQuestionChoixReponse` (`IdQuestionChoixReponse`,`IdReponse`,`tag`) VALUES (3,15,NULL);
INSERT INTO `tblReponseQuestionChoixReponse` (`IdQuestionChoixReponse`,`IdReponse`,`tag`) VALUES (3,16,NULL);
INSERT INTO `tblReponseQuestionChoixReponse` (`IdQuestionChoixReponse`,`IdReponse`,`tag`) VALUES (3,17,NULL);
INSERT INTO `tblReponseQuestionChoixReponse` (`IdQuestionChoixReponse`,`IdReponse`,`tag`) VALUES (3,18,NULL);
INSERT INTO `tblReponseQuestionChoixReponse` (`IdQuestionChoixReponse`,`IdReponse`,`tag`) VALUES (3,19,NULL);
INSERT INTO `tblReponseQuestionChoixReponse` (`IdQuestionChoixReponse`,`IdReponse`,`tag`) VALUES (4,20,NULL);
INSERT INTO `tblReponseQuestionChoixReponse` (`IdQuestionChoixReponse`,`IdReponse`,`tag`) VALUES (4,21,NULL);
INSERT INTO `tblReponseQuestionChoixReponse` (`IdQuestionChoixReponse`,`IdReponse`,`tag`) VALUES (4,22,NULL);
INSERT INTO `tblReponseQuestionChoixReponse` (`IdQuestionChoixReponse`,`IdReponse`,`tag`) VALUES (4,23,NULL);
INSERT INTO `tblReponseQuestionChoixReponse` (`IdQuestionChoixReponse`,`IdReponse`,`tag`) VALUES (4,24,NULL);
INSERT INTO `tblReponseQuestionChoixReponse` (`IdQuestionChoixReponse`,`IdReponse`,`tag`) VALUES (5,25,NULL);
INSERT INTO `tblReponseQuestionChoixReponse` (`IdQuestionChoixReponse`,`IdReponse`,`tag`) VALUES (5,26,NULL);
INSERT INTO `tblReponseQuestionChoixReponse` (`IdQuestionChoixReponse`,`IdReponse`,`tag`) VALUES (5,27,NULL);
INSERT INTO `tblReponseQuestionChoixReponse` (`IdQuestionChoixReponse`,`IdReponse`,`tag`) VALUES (5,28,NULL);
INSERT INTO `tblReponseQuestionChoixReponse` (`IdQuestionChoixReponse`,`IdReponse`,`tag`) VALUES (5,29,NULL);
INSERT INTO `tblReponseQuestionChoixReponse` (`IdQuestionChoixReponse`,`IdReponse`,`tag`) VALUES (6,30,NULL);
INSERT INTO `tblReponseQuestionChoixReponse` (`IdQuestionChoixReponse`,`IdReponse`,`tag`) VALUES (6,31,NULL);
INSERT INTO `tblReponseQuestionChoixReponse` (`IdQuestionChoixReponse`,`IdReponse`,`tag`) VALUES (6,32,NULL);
INSERT INTO `tblReponseQuestionChoixReponse` (`IdQuestionChoixReponse`,`IdReponse`,`tag`) VALUES (6,33,NULL);
INSERT INTO `tblReponseQuestionChoixReponse` (`IdQuestionChoixReponse`,`IdReponse`,`tag`) VALUES (6,34,NULL);
INSERT INTO `tblReponseQuestionChoixReponse` (`IdQuestionChoixReponse`,`IdReponse`,`tag`) VALUES (7,35,NULL);
INSERT INTO `tblReponseQuestionChoixReponse` (`IdQuestionChoixReponse`,`IdReponse`,`tag`) VALUES (7,36,NULL);
INSERT INTO `tblReponseQuestionChoixReponse` (`IdQuestionChoixReponse`,`IdReponse`,`tag`) VALUES (7,37,NULL);
INSERT INTO `tblReponseQuestionChoixReponse` (`IdQuestionChoixReponse`,`IdReponse`,`tag`) VALUES (7,38,NULL);
INSERT INTO `tblReponseQuestionChoixReponse` (`IdQuestionChoixReponse`,`IdReponse`,`tag`) VALUES (7,39,NULL);
INSERT INTO `tblReponseQuestionChoixReponse` (`IdQuestionChoixReponse`,`IdReponse`,`tag`) VALUES (8,40,NULL);
INSERT INTO `tblReponseQuestionChoixReponse` (`IdQuestionChoixReponse`,`IdReponse`,`tag`) VALUES (8,41,NULL);
INSERT INTO `tblReponseQuestionChoixReponse` (`IdQuestionChoixReponse`,`IdReponse`,`tag`) VALUES (8,42,NULL);
INSERT INTO `tblReponseQuestionChoixReponse` (`IdQuestionChoixReponse`,`IdReponse`,`tag`) VALUES (8,43,NULL);
INSERT INTO `tblReponseQuestionChoixReponse` (`IdQuestionChoixReponse`,`IdReponse`,`tag`) VALUES (8,44,NULL);
INSERT INTO `tblReponseQuestionChoixReponse` (`IdQuestionChoixReponse`,`IdReponse`,`tag`) VALUES (9,45,NULL);
INSERT INTO `tblReponseQuestionChoixReponse` (`IdQuestionChoixReponse`,`IdReponse`,`tag`) VALUES (9,46,NULL);
INSERT INTO `tblReponseQuestionChoixReponse` (`IdQuestionChoixReponse`,`IdReponse`,`tag`) VALUES (9,47,NULL);
INSERT INTO `tblReponseQuestionChoixReponse` (`IdQuestionChoixReponse`,`IdReponse`,`tag`) VALUES (9,48,NULL);
INSERT INTO `tblReponseQuestionChoixReponse` (`IdQuestionChoixReponse`,`IdReponse`,`tag`) VALUES (9,49,NULL);
INSERT INTO `tblReponseQuestionChoixReponse` (`IdQuestionChoixReponse`,`IdReponse`,`tag`) VALUES (10,50,NULL);
INSERT INTO `tblReponseQuestionChoixReponse` (`IdQuestionChoixReponse`,`IdReponse`,`tag`) VALUES (10,51,NULL);
INSERT INTO `tblReponseQuestionChoixReponse` (`IdQuestionChoixReponse`,`IdReponse`,`tag`) VALUES (10,52,NULL);
INSERT INTO `tblReponseQuestionChoixReponse` (`IdQuestionChoixReponse`,`IdReponse`,`tag`) VALUES (10,53,NULL);
INSERT INTO `tblReponseQuestionChoixReponse` (`IdQuestionChoixReponse`,`IdReponse`,`tag`) VALUES (10,54,NULL);
INSERT INTO `tblReponseQuestionChoixReponse` (`IdQuestionChoixReponse`,`IdReponse`,`tag`) VALUES (11,55,NULL);
INSERT INTO `tblReponseQuestionChoixReponse` (`IdQuestionChoixReponse`,`IdReponse`,`tag`) VALUES (11,56,NULL);
INSERT INTO `tblReponseQuestionChoixReponse` (`IdQuestionChoixReponse`,`IdReponse`,`tag`) VALUES (11,57,NULL);
INSERT INTO `tblReponseQuestionChoixReponse` (`IdQuestionChoixReponse`,`IdReponse`,`tag`) VALUES (11,58,NULL);
INSERT INTO `tblReponseQuestionChoixReponse` (`IdQuestionChoixReponse`,`IdReponse`,`tag`) VALUES (11,59,NULL);
INSERT INTO `tblReponseQuestionChoixReponse` (`IdQuestionChoixReponse`,`IdReponse`,`tag`) VALUES (12,60,NULL);
INSERT INTO `tblReponseQuestionChoixReponse` (`IdQuestionChoixReponse`,`IdReponse`,`tag`) VALUES (12,61,NULL);
INSERT INTO `tblReponseQuestionChoixReponse` (`IdQuestionChoixReponse`,`IdReponse`,`tag`) VALUES (12,62,NULL);
INSERT INTO `tblReponseQuestionChoixReponse` (`IdQuestionChoixReponse`,`IdReponse`,`tag`) VALUES (12,63,NULL);
INSERT INTO `tblReponseQuestionChoixReponse` (`IdQuestionChoixReponse`,`IdReponse`,`tag`) VALUES (12,64,NULL);
INSERT INTO `tblReponseQuestionChoixReponse` (`IdQuestionChoixReponse`,`IdReponse`,`tag`) VALUES (13,65,NULL);
INSERT INTO `tblReponseQuestionChoixReponse` (`IdQuestionChoixReponse`,`IdReponse`,`tag`) VALUES (13,66,NULL);
INSERT INTO `tblReponseQuestionChoixReponse` (`IdQuestionChoixReponse`,`IdReponse`,`tag`) VALUES (13,67,NULL);
INSERT INTO `tblReponseQuestionChoixReponse` (`IdQuestionChoixReponse`,`IdReponse`,`tag`) VALUES (13,68,NULL);
INSERT INTO `tblReponseQuestionChoixReponse` (`IdQuestionChoixReponse`,`IdReponse`,`tag`) VALUES (13,69,NULL);
INSERT INTO `tblReponseQuestionChoixReponse` (`IdQuestionChoixReponse`,`IdReponse`,`tag`) VALUES (14,70,NULL);
INSERT INTO `tblReponseQuestionChoixReponse` (`IdQuestionChoixReponse`,`IdReponse`,`tag`) VALUES (14,71,NULL);
INSERT INTO `tblReponseQuestionChoixReponse` (`IdQuestionChoixReponse`,`IdReponse`,`tag`) VALUES (14,72,NULL);
INSERT INTO `tblReponseQuestionChoixReponse` (`IdQuestionChoixReponse`,`IdReponse`,`tag`) VALUES (14,73,NULL);
INSERT INTO `tblReponseQuestionChoixReponse` (`IdQuestionChoixReponse`,`IdReponse`,`tag`) VALUES (14,74,NULL);
INSERT INTO `tblReponseQuestionChoixReponse` (`IdQuestionChoixReponse`,`IdReponse`,`tag`) VALUES (15,75,NULL);
INSERT INTO `tblReponseQuestionChoixReponse` (`IdQuestionChoixReponse`,`IdReponse`,`tag`) VALUES (15,76,NULL);
INSERT INTO `tblReponseQuestionChoixReponse` (`IdQuestionChoixReponse`,`IdReponse`,`tag`) VALUES (15,77,NULL);
INSERT INTO `tblReponseQuestionChoixReponse` (`IdQuestionChoixReponse`,`IdReponse`,`tag`) VALUES (15,78,NULL);
INSERT INTO `tblReponseQuestionChoixReponse` (`IdQuestionChoixReponse`,`IdReponse`,`tag`) VALUES (15,79,NULL);
INSERT INTO `tblReponseQuestionChoixReponse` (`IdQuestionChoixReponse`,`IdReponse`,`tag`) VALUES (16,80,NULL);
INSERT INTO `tblReponseQuestionChoixReponse` (`IdQuestionChoixReponse`,`IdReponse`,`tag`) VALUES (16,81,NULL);
INSERT INTO `tblReponseQuestionChoixReponse` (`IdQuestionChoixReponse`,`IdReponse`,`tag`) VALUES (16,82,NULL);
INSERT INTO `tblReponseQuestionChoixReponse` (`IdQuestionChoixReponse`,`IdReponse`,`tag`) VALUES (16,83,NULL);
INSERT INTO `tblReponseQuestionChoixReponse` (`IdQuestionChoixReponse`,`IdReponse`,`tag`) VALUES (16,84,NULL);
INSERT INTO `tblReponseQuestionChoixReponse` (`IdQuestionChoixReponse`,`IdReponse`,`tag`) VALUES (17,85,NULL);
INSERT INTO `tblReponseQuestionChoixReponse` (`IdQuestionChoixReponse`,`IdReponse`,`tag`) VALUES (17,86,NULL);
INSERT INTO `tblReponseQuestionChoixReponse` (`IdQuestionChoixReponse`,`IdReponse`,`tag`) VALUES (17,87,NULL);
INSERT INTO `tblReponseQuestionChoixReponse` (`IdQuestionChoixReponse`,`IdReponse`,`tag`) VALUES (17,88,NULL);
INSERT INTO `tblReponseQuestionChoixReponse` (`IdQuestionChoixReponse`,`IdReponse`,`tag`) VALUES (17,89,NULL);
INSERT INTO `tblReponseQuestionChoixReponse` (`IdQuestionChoixReponse`,`IdReponse`,`tag`) VALUES (18,90,NULL);
INSERT INTO `tblReponseQuestionChoixReponse` (`IdQuestionChoixReponse`,`IdReponse`,`tag`) VALUES (18,91,NULL);
INSERT INTO `tblReponseQuestionChoixReponse` (`IdQuestionChoixReponse`,`IdReponse`,`tag`) VALUES (18,92,NULL);
INSERT INTO `tblReponseQuestionChoixReponse` (`IdQuestionChoixReponse`,`IdReponse`,`tag`) VALUES (18,93,NULL);
INSERT INTO `tblReponseQuestionChoixReponse` (`IdQuestionChoixReponse`,`IdReponse`,`tag`) VALUES (18,94,NULL);
INSERT INTO `tblReponseQuestionChoixReponse` (`IdQuestionChoixReponse`,`IdReponse`,`tag`) VALUES (19,95,NULL);
INSERT INTO `tblReponseQuestionChoixReponse` (`IdQuestionChoixReponse`,`IdReponse`,`tag`) VALUES (19,96,NULL);
INSERT INTO `tblReponseQuestionChoixReponse` (`IdQuestionChoixReponse`,`IdReponse`,`tag`) VALUES (19,97,NULL);
INSERT INTO `tblReponseQuestionChoixReponse` (`IdQuestionChoixReponse`,`IdReponse`,`tag`) VALUES (19,98,NULL);
INSERT INTO `tblReponseQuestionChoixReponse` (`IdQuestionChoixReponse`,`IdReponse`,`tag`) VALUES (19,99,NULL);
INSERT INTO `tblReponseQuestionChoixReponse` (`IdQuestionChoixReponse`,`IdReponse`,`tag`) VALUES (20,100,NULL);
INSERT INTO `tblReponseQuestionChoixReponse` (`IdQuestionChoixReponse`,`IdReponse`,`tag`) VALUES (20,101,NULL);
INSERT INTO `tblReponseQuestionChoixReponse` (`IdQuestionChoixReponse`,`IdReponse`,`tag`) VALUES (20,102,NULL);
INSERT INTO `tblReponseQuestionChoixReponse` (`IdQuestionChoixReponse`,`IdReponse`,`tag`) VALUES (20,103,NULL);
INSERT INTO `tblReponseQuestionChoixReponse` (`IdQuestionChoixReponse`,`IdReponse`,`tag`) VALUES (20,104,NULL);
INSERT INTO `tblReponseQuestionChoixReponse` (`IdQuestionChoixReponse`,`IdReponse`,`tag`) VALUES (21,105,NULL);
INSERT INTO `tblReponseQuestionChoixReponse` (`IdQuestionChoixReponse`,`IdReponse`,`tag`) VALUES (21,106,NULL);
INSERT INTO `tblReponseQuestionChoixReponse` (`IdQuestionChoixReponse`,`IdReponse`,`tag`) VALUES (21,107,NULL);
INSERT INTO `tblReponseQuestionChoixReponse` (`IdQuestionChoixReponse`,`IdReponse`,`tag`) VALUES (21,108,NULL);
INSERT INTO `tblReponseQuestionChoixReponse` (`IdQuestionChoixReponse`,`IdReponse`,`tag`) VALUES (21,109,NULL);
INSERT INTO `tblReponseQuestionChoixReponse` (`IdQuestionChoixReponse`,`IdReponse`,`tag`) VALUES (22,110,NULL);
INSERT INTO `tblReponseQuestionChoixReponse` (`IdQuestionChoixReponse`,`IdReponse`,`tag`) VALUES (22,111,NULL);
INSERT INTO `tblReponseQuestionChoixReponse` (`IdQuestionChoixReponse`,`IdReponse`,`tag`) VALUES (22,112,NULL);
INSERT INTO `tblReponseQuestionChoixReponse` (`IdQuestionChoixReponse`,`IdReponse`,`tag`) VALUES (22,113,NULL);
INSERT INTO `tblReponseQuestionChoixReponse` (`IdQuestionChoixReponse`,`IdReponse`,`tag`) VALUES (22,114,NULL);



INSERT INTO `tblReponseQuestionGrille` (`IdQuestionGrille`,`IdReponse`,`tag`) VALUES (1,1,NULL);
INSERT INTO `tblReponseQuestionGrille` (`IdQuestionGrille`,`IdReponse`,`tag`) VALUES (1,2,NULL);
INSERT INTO `tblReponseQuestionGrille` (`IdQuestionGrille`,`IdReponse`,`tag`) VALUES (1,3,NULL);
INSERT INTO `tblReponseQuestionGrille` (`IdQuestionGrille`,`IdReponse`,`tag`) VALUES (1,4,NULL);
INSERT INTO `tblReponseQuestionGrille` (`IdQuestionGrille`,`IdReponse`,`tag`) VALUES (2,1,NULL);
INSERT INTO `tblReponseQuestionGrille` (`IdQuestionGrille`,`IdReponse`,`tag`) VALUES (2,2,NULL);
INSERT INTO `tblReponseQuestionGrille` (`IdQuestionGrille`,`IdReponse`,`tag`) VALUES (2,3,NULL);
INSERT INTO `tblReponseQuestionGrille` (`IdQuestionGrille`,`IdReponse`,`tag`) VALUES (2,4,NULL);
INSERT INTO `tblReponseQuestionGrille` (`IdQuestionGrille`,`IdReponse`,`tag`) VALUES (3,1,NULL);
INSERT INTO `tblReponseQuestionGrille` (`IdQuestionGrille`,`IdReponse`,`tag`) VALUES (3,2,NULL);
INSERT INTO `tblReponseQuestionGrille` (`IdQuestionGrille`,`IdReponse`,`tag`) VALUES (3,3,NULL);
INSERT INTO `tblReponseQuestionGrille` (`IdQuestionGrille`,`IdReponse`,`tag`) VALUES (3,4,NULL);
INSERT INTO `tblReponseQuestionGrille` (`IdQuestionGrille`,`IdReponse`,`tag`) VALUES (4,1,NULL);
INSERT INTO `tblReponseQuestionGrille` (`IdQuestionGrille`,`IdReponse`,`tag`) VALUES (4,2,NULL);
INSERT INTO `tblReponseQuestionGrille` (`IdQuestionGrille`,`IdReponse`,`tag`) VALUES (4,3,NULL);
INSERT INTO `tblReponseQuestionGrille` (`IdQuestionGrille`,`IdReponse`,`tag`) VALUES (4,4,NULL);
INSERT INTO `tblReponseQuestionGrille` (`IdQuestionGrille`,`IdReponse`,`tag`) VALUES (5,1,NULL);
INSERT INTO `tblReponseQuestionGrille` (`IdQuestionGrille`,`IdReponse`,`tag`) VALUES (5,2,NULL);
INSERT INTO `tblReponseQuestionGrille` (`IdQuestionGrille`,`IdReponse`,`tag`) VALUES (5,3,NULL);
INSERT INTO `tblReponseQuestionGrille` (`IdQuestionGrille`,`IdReponse`,`tag`) VALUES (5,4,NULL);
INSERT INTO `tblReponseQuestionGrille` (`IdQuestionGrille`,`IdReponse`,`tag`) VALUES (6,1,NULL);
INSERT INTO `tblReponseQuestionGrille` (`IdQuestionGrille`,`IdReponse`,`tag`) VALUES (6,2,NULL);
INSERT INTO `tblReponseQuestionGrille` (`IdQuestionGrille`,`IdReponse`,`tag`) VALUES (6,3,NULL);
INSERT INTO `tblReponseQuestionGrille` (`IdQuestionGrille`,`IdReponse`,`tag`) VALUES (6,4,NULL);
INSERT INTO `tblReponseQuestionGrille` (`IdQuestionGrille`,`IdReponse`,`tag`) VALUES (7,1,NULL);
INSERT INTO `tblReponseQuestionGrille` (`IdQuestionGrille`,`IdReponse`,`tag`) VALUES (7,2,NULL);
INSERT INTO `tblReponseQuestionGrille` (`IdQuestionGrille`,`IdReponse`,`tag`) VALUES (7,3,NULL);
INSERT INTO `tblReponseQuestionGrille` (`IdQuestionGrille`,`IdReponse`,`tag`) VALUES (7,4,NULL);
INSERT INTO `tblReponseQuestionGrille` (`IdQuestionGrille`,`IdReponse`,`tag`) VALUES (8,1,NULL);
INSERT INTO `tblReponseQuestionGrille` (`IdQuestionGrille`,`IdReponse`,`tag`) VALUES (8,2,NULL);
INSERT INTO `tblReponseQuestionGrille` (`IdQuestionGrille`,`IdReponse`,`tag`) VALUES (8,3,NULL);
INSERT INTO `tblReponseQuestionGrille` (`IdQuestionGrille`,`IdReponse`,`tag`) VALUES (8,4,NULL);
INSERT INTO `tblReponseQuestionGrille` (`IdQuestionGrille`,`IdReponse`,`tag`) VALUES (9,1,NULL);
INSERT INTO `tblReponseQuestionGrille` (`IdQuestionGrille`,`IdReponse`,`tag`) VALUES (9,2,NULL);
INSERT INTO `tblReponseQuestionGrille` (`IdQuestionGrille`,`IdReponse`,`tag`) VALUES (9,3,NULL);
INSERT INTO `tblReponseQuestionGrille` (`IdQuestionGrille`,`IdReponse`,`tag`) VALUES (9,4,NULL);
INSERT INTO `tblReponseQuestionGrille` (`IdQuestionGrille`,`IdReponse`,`tag`) VALUES (10,1,NULL);
INSERT INTO `tblReponseQuestionGrille` (`IdQuestionGrille`,`IdReponse`,`tag`) VALUES (10,2,NULL);
INSERT INTO `tblReponseQuestionGrille` (`IdQuestionGrille`,`IdReponse`,`tag`) VALUES (10,3,NULL);
INSERT INTO `tblReponseQuestionGrille` (`IdQuestionGrille`,`IdReponse`,`tag`) VALUES (10,4,NULL);
INSERT INTO `tblReponseQuestionGrille` (`IdQuestionGrille`,`IdReponse`,`tag`) VALUES (11,1,NULL);
INSERT INTO `tblReponseQuestionGrille` (`IdQuestionGrille`,`IdReponse`,`tag`) VALUES (11,2,NULL);
INSERT INTO `tblReponseQuestionGrille` (`IdQuestionGrille`,`IdReponse`,`tag`) VALUES (11,3,NULL);
INSERT INTO `tblReponseQuestionGrille` (`IdQuestionGrille`,`IdReponse`,`tag`) VALUES (11,4,NULL);
INSERT INTO `tblReponseQuestionGrille` (`IdQuestionGrille`,`IdReponse`,`tag`) VALUES (12,1,NULL);
INSERT INTO `tblReponseQuestionGrille` (`IdQuestionGrille`,`IdReponse`,`tag`) VALUES (12,2,NULL);
INSERT INTO `tblReponseQuestionGrille` (`IdQuestionGrille`,`IdReponse`,`tag`) VALUES (12,3,NULL);
INSERT INTO `tblReponseQuestionGrille` (`IdQuestionGrille`,`IdReponse`,`tag`) VALUES (12,4,NULL);
INSERT INTO `tblReponseQuestionGrille` (`IdQuestionGrille`,`IdReponse`,`tag`) VALUES (13,1,NULL);
INSERT INTO `tblReponseQuestionGrille` (`IdQuestionGrille`,`IdReponse`,`tag`) VALUES (13,2,NULL);
INSERT INTO `tblReponseQuestionGrille` (`IdQuestionGrille`,`IdReponse`,`tag`) VALUES (13,3,NULL);
INSERT INTO `tblReponseQuestionGrille` (`IdQuestionGrille`,`IdReponse`,`tag`) VALUES (13,4,NULL);
INSERT INTO `tblReponseQuestionGrille` (`IdQuestionGrille`,`IdReponse`,`tag`) VALUES (14,1,NULL);
INSERT INTO `tblReponseQuestionGrille` (`IdQuestionGrille`,`IdReponse`,`tag`) VALUES (14,2,NULL);
INSERT INTO `tblReponseQuestionGrille` (`IdQuestionGrille`,`IdReponse`,`tag`) VALUES (14,3,NULL);
INSERT INTO `tblReponseQuestionGrille` (`IdQuestionGrille`,`IdReponse`,`tag`) VALUES (14,4,NULL);
INSERT INTO `tblReponseQuestionGrille` (`IdQuestionGrille`,`IdReponse`,`tag`) VALUES (15,1,NULL);
INSERT INTO `tblReponseQuestionGrille` (`IdQuestionGrille`,`IdReponse`,`tag`) VALUES (15,2,NULL);
INSERT INTO `tblReponseQuestionGrille` (`IdQuestionGrille`,`IdReponse`,`tag`) VALUES (15,3,NULL);
INSERT INTO `tblReponseQuestionGrille` (`IdQuestionGrille`,`IdReponse`,`tag`) VALUES (15,4,NULL);
INSERT INTO `tblReponseQuestionGrille` (`IdQuestionGrille`,`IdReponse`,`tag`) VALUES (16,1,NULL);
INSERT INTO `tblReponseQuestionGrille` (`IdQuestionGrille`,`IdReponse`,`tag`) VALUES (16,2,NULL);
INSERT INTO `tblReponseQuestionGrille` (`IdQuestionGrille`,`IdReponse`,`tag`) VALUES (16,3,NULL);
INSERT INTO `tblReponseQuestionGrille` (`IdQuestionGrille`,`IdReponse`,`tag`) VALUES (16,4,NULL);
INSERT INTO `tblReponseQuestionGrille` (`IdQuestionGrille`,`IdReponse`,`tag`) VALUES (17,1,NULL);
INSERT INTO `tblReponseQuestionGrille` (`IdQuestionGrille`,`IdReponse`,`tag`) VALUES (17,2,NULL);
INSERT INTO `tblReponseQuestionGrille` (`IdQuestionGrille`,`IdReponse`,`tag`) VALUES (17,3,NULL);
INSERT INTO `tblReponseQuestionGrille` (`IdQuestionGrille`,`IdReponse`,`tag`) VALUES (17,4,NULL);
INSERT INTO `tblReponseQuestionGrille` (`IdQuestionGrille`,`IdReponse`,`tag`) VALUES (18,1,NULL);
INSERT INTO `tblReponseQuestionGrille` (`IdQuestionGrille`,`IdReponse`,`tag`) VALUES (18,2,NULL);
INSERT INTO `tblReponseQuestionGrille` (`IdQuestionGrille`,`IdReponse`,`tag`) VALUES (18,3,NULL);
INSERT INTO `tblReponseQuestionGrille` (`IdQuestionGrille`,`IdReponse`,`tag`) VALUES (18,4,NULL);
INSERT INTO `tblReponseQuestionGrille` (`IdQuestionGrille`,`IdReponse`,`tag`) VALUES (19,1,NULL);
INSERT INTO `tblReponseQuestionGrille` (`IdQuestionGrille`,`IdReponse`,`tag`) VALUES (19,2,NULL);
INSERT INTO `tblReponseQuestionGrille` (`IdQuestionGrille`,`IdReponse`,`tag`) VALUES (19,3,NULL);
INSERT INTO `tblReponseQuestionGrille` (`IdQuestionGrille`,`IdReponse`,`tag`) VALUES (19,4,NULL);
INSERT INTO `tblReponseQuestionGrille` (`IdQuestionGrille`,`IdReponse`,`tag`) VALUES (20,1,NULL);
INSERT INTO `tblReponseQuestionGrille` (`IdQuestionGrille`,`IdReponse`,`tag`) VALUES (20,2,NULL);
INSERT INTO `tblReponseQuestionGrille` (`IdQuestionGrille`,`IdReponse`,`tag`) VALUES (20,3,NULL);
INSERT INTO `tblReponseQuestionGrille` (`IdQuestionGrille`,`IdReponse`,`tag`) VALUES (20,4,NULL);
INSERT INTO `tblReponseQuestionGrille` (`IdQuestionGrille`,`IdReponse`,`tag`) VALUES (21,1,NULL);
INSERT INTO `tblReponseQuestionGrille` (`IdQuestionGrille`,`IdReponse`,`tag`) VALUES (21,2,NULL);
INSERT INTO `tblReponseQuestionGrille` (`IdQuestionGrille`,`IdReponse`,`tag`) VALUES (21,3,NULL);
INSERT INTO `tblReponseQuestionGrille` (`IdQuestionGrille`,`IdReponse`,`tag`) VALUES (21,4,NULL);
INSERT INTO `tblReponseQuestionGrille` (`IdQuestionGrille`,`IdReponse`,`tag`) VALUES (22,1,NULL);
INSERT INTO `tblReponseQuestionGrille` (`IdQuestionGrille`,`IdReponse`,`tag`) VALUES (22,2,NULL);
INSERT INTO `tblReponseQuestionGrille` (`IdQuestionGrille`,`IdReponse`,`tag`) VALUES (22,3,NULL);
INSERT INTO `tblReponseQuestionGrille` (`IdQuestionGrille`,`IdReponse`,`tag`) VALUES (22,4,NULL);
INSERT INTO `tblReponseQuestionGrille` (`IdQuestionGrille`,`IdReponse`,`tag`) VALUES (23,1,NULL);
INSERT INTO `tblReponseQuestionGrille` (`IdQuestionGrille`,`IdReponse`,`tag`) VALUES (23,2,NULL);
INSERT INTO `tblReponseQuestionGrille` (`IdQuestionGrille`,`IdReponse`,`tag`) VALUES (23,3,NULL);
INSERT INTO `tblReponseQuestionGrille` (`IdQuestionGrille`,`IdReponse`,`tag`) VALUES (23,4,NULL);
INSERT INTO `tblReponseQuestionGrille` (`IdQuestionGrille`,`IdReponse`,`tag`) VALUES (24,1,NULL);
INSERT INTO `tblReponseQuestionGrille` (`IdQuestionGrille`,`IdReponse`,`tag`) VALUES (24,2,NULL);
INSERT INTO `tblReponseQuestionGrille` (`IdQuestionGrille`,`IdReponse`,`tag`) VALUES (24,3,NULL);
INSERT INTO `tblReponseQuestionGrille` (`IdQuestionGrille`,`IdReponse`,`tag`) VALUES (24,4,NULL);
INSERT INTO `tblReponseQuestionGrille` (`IdQuestionGrille`,`IdReponse`,`tag`) VALUES (25,1,NULL);
INSERT INTO `tblReponseQuestionGrille` (`IdQuestionGrille`,`IdReponse`,`tag`) VALUES (25,2,NULL);
INSERT INTO `tblReponseQuestionGrille` (`IdQuestionGrille`,`IdReponse`,`tag`) VALUES (25,3,NULL);
INSERT INTO `tblReponseQuestionGrille` (`IdQuestionGrille`,`IdReponse`,`tag`) VALUES (25,4,NULL);
INSERT INTO `tblReponseQuestionGrille` (`IdQuestionGrille`,`IdReponse`,`tag`) VALUES (26,1,NULL);
INSERT INTO `tblReponseQuestionGrille` (`IdQuestionGrille`,`IdReponse`,`tag`) VALUES (26,2,NULL);
INSERT INTO `tblReponseQuestionGrille` (`IdQuestionGrille`,`IdReponse`,`tag`) VALUES (26,3,NULL);
INSERT INTO `tblReponseQuestionGrille` (`IdQuestionGrille`,`IdReponse`,`tag`) VALUES (26,4,NULL);
INSERT INTO `tblReponseQuestionGrille` (`IdQuestionGrille`,`IdReponse`,`tag`) VALUES (27,1,NULL);
INSERT INTO `tblReponseQuestionGrille` (`IdQuestionGrille`,`IdReponse`,`tag`) VALUES (27,2,NULL);
INSERT INTO `tblReponseQuestionGrille` (`IdQuestionGrille`,`IdReponse`,`tag`) VALUES (27,3,NULL);
INSERT INTO `tblReponseQuestionGrille` (`IdQuestionGrille`,`IdReponse`,`tag`) VALUES (27,4,NULL);
INSERT INTO `tblReponseQuestionGrille` (`IdQuestionGrille`,`IdReponse`,`tag`) VALUES (28,1,NULL);
INSERT INTO `tblReponseQuestionGrille` (`IdQuestionGrille`,`IdReponse`,`tag`) VALUES (28,2,NULL);
INSERT INTO `tblReponseQuestionGrille` (`IdQuestionGrille`,`IdReponse`,`tag`) VALUES (28,3,NULL);
INSERT INTO `tblReponseQuestionGrille` (`IdQuestionGrille`,`IdReponse`,`tag`) VALUES (28,4,NULL);
INSERT INTO `tblReponseQuestionGrille` (`IdQuestionGrille`,`IdReponse`,`tag`) VALUES (29,1,NULL);
INSERT INTO `tblReponseQuestionGrille` (`IdQuestionGrille`,`IdReponse`,`tag`) VALUES (29,2,NULL);
INSERT INTO `tblReponseQuestionGrille` (`IdQuestionGrille`,`IdReponse`,`tag`) VALUES (29,3,NULL);
INSERT INTO `tblReponseQuestionGrille` (`IdQuestionGrille`,`IdReponse`,`tag`) VALUES (29,4,NULL);
INSERT INTO `tblReponseQuestionGrille` (`IdQuestionGrille`,`IdReponse`,`tag`) VALUES (30,1,NULL);
INSERT INTO `tblReponseQuestionGrille` (`IdQuestionGrille`,`IdReponse`,`tag`) VALUES (30,2,NULL);
INSERT INTO `tblReponseQuestionGrille` (`IdQuestionGrille`,`IdReponse`,`tag`) VALUES (30,3,NULL);
INSERT INTO `tblReponseQuestionGrille` (`IdQuestionGrille`,`IdReponse`,`tag`) VALUES (30,4,NULL);
INSERT INTO `tblReponseQuestionGrille` (`IdQuestionGrille`,`IdReponse`,`tag`) VALUES (31,1,NULL);
INSERT INTO `tblReponseQuestionGrille` (`IdQuestionGrille`,`IdReponse`,`tag`) VALUES (31,2,NULL);
INSERT INTO `tblReponseQuestionGrille` (`IdQuestionGrille`,`IdReponse`,`tag`) VALUES (31,3,NULL);
INSERT INTO `tblReponseQuestionGrille` (`IdQuestionGrille`,`IdReponse`,`tag`) VALUES (31,4,NULL);
INSERT INTO `tblReponseQuestionGrille` (`IdQuestionGrille`,`IdReponse`,`tag`) VALUES (32,1,NULL);
INSERT INTO `tblReponseQuestionGrille` (`IdQuestionGrille`,`IdReponse`,`tag`) VALUES (32,2,NULL);
INSERT INTO `tblReponseQuestionGrille` (`IdQuestionGrille`,`IdReponse`,`tag`) VALUES (32,3,NULL);
INSERT INTO `tblReponseQuestionGrille` (`IdQuestionGrille`,`IdReponse`,`tag`) VALUES (32,4,NULL);
INSERT INTO `tblReponseQuestionGrille` (`IdQuestionGrille`,`IdReponse`,`tag`) VALUES (33,1,NULL);
INSERT INTO `tblReponseQuestionGrille` (`IdQuestionGrille`,`IdReponse`,`tag`) VALUES (33,2,NULL);
INSERT INTO `tblReponseQuestionGrille` (`IdQuestionGrille`,`IdReponse`,`tag`) VALUES (33,3,NULL);
INSERT INTO `tblReponseQuestionGrille` (`IdQuestionGrille`,`IdReponse`,`tag`) VALUES (33,4,NULL);
INSERT INTO `tblReponseQuestionGrille` (`IdQuestionGrille`,`IdReponse`,`tag`) VALUES (34,1,NULL);
INSERT INTO `tblReponseQuestionGrille` (`IdQuestionGrille`,`IdReponse`,`tag`) VALUES (34,2,NULL);
INSERT INTO `tblReponseQuestionGrille` (`IdQuestionGrille`,`IdReponse`,`tag`) VALUES (34,3,NULL);
INSERT INTO `tblReponseQuestionGrille` (`IdQuestionGrille`,`IdReponse`,`tag`) VALUES (34,4,NULL);



INSERT INTO `tblSuperviseur` (`Id`,`IdEmployeEntreprise`) VALUES (1,1);
INSERT INTO `tblSuperviseur` (`Id`,`IdEmployeEntreprise`) VALUES (2,2);
INSERT INTO `tblSuperviseur` (`Id`,`IdEmployeEntreprise`) VALUES (3,3);
INSERT INTO `tblSuperviseur` (`Id`,`IdEmployeEntreprise`) VALUES (4,4);
INSERT INTO `tblSuperviseur` (`Id`,`IdEmployeEntreprise`) VALUES (5,5);
INSERT INTO `tblSuperviseur` (`Id`,`IdEmployeEntreprise`) VALUES (6,6);
INSERT INTO `tblSuperviseur` (`Id`,`IdEmployeEntreprise`) VALUES (7,7);
INSERT INTO `tblSuperviseur` (`Id`,`IdEmployeEntreprise`) VALUES (8,8);
INSERT INTO `tblSuperviseur` (`Id`,`IdEmployeEntreprise`) VALUES (9,9);
INSERT INTO `tblSuperviseur` (`Id`,`IdEmployeEntreprise`) VALUES (10,10);
INSERT INTO `tblSuperviseur` (`Id`,`IdEmployeEntreprise`) VALUES (11,11);
INSERT INTO `tblSuperviseur` (`Id`,`IdEmployeEntreprise`) VALUES (12,12);
INSERT INTO `tblSuperviseur` (`Id`,`IdEmployeEntreprise`) VALUES (13,13);
INSERT INTO `tblSuperviseur` (`Id`,`IdEmployeEntreprise`) VALUES (14,14);
INSERT INTO `tblSuperviseur` (`Id`,`IdEmployeEntreprise`) VALUES (15,15);
INSERT INTO `tblSuperviseur` (`Id`,`IdEmployeEntreprise`) VALUES (16,16);
INSERT INTO `tblSuperviseur` (`Id`,`IdEmployeEntreprise`) VALUES (17,17);
INSERT INTO `tblSuperviseur` (`Id`,`IdEmployeEntreprise`) VALUES (18,18);
INSERT INTO `tblSuperviseur` (`Id`,`IdEmployeEntreprise`) VALUES (19,19);
INSERT INTO `tblSuperviseur` (`Id`,`IdEmployeEntreprise`) VALUES (20,20);
INSERT INTO `tblSuperviseur` (`Id`,`IdEmployeEntreprise`) VALUES (21,21);
INSERT INTO `tblSuperviseur` (`Id`,`IdEmployeEntreprise`) VALUES (22,22);
INSERT INTO `tblSuperviseur` (`Id`,`IdEmployeEntreprise`) VALUES (23,23);
INSERT INTO `tblSuperviseur` (`Id`,`IdEmployeEntreprise`) VALUES (24,24);
INSERT INTO `tblSuperviseur` (`Id`,`IdEmployeEntreprise`) VALUES (25,25);
INSERT INTO `tblSuperviseur` (`Id`,`IdEmployeEntreprise`) VALUES (26,26);
INSERT INTO `tblSuperviseur` (`Id`,`IdEmployeEntreprise`) VALUES (27,27);
INSERT INTO `tblSuperviseur` (`Id`,`IdEmployeEntreprise`) VALUES (28,28);
INSERT INTO `tblSuperviseur` (`Id`,`IdEmployeEntreprise`) VALUES (29,29);
INSERT INTO `tblSuperviseur` (`Id`,`IdEmployeEntreprise`) VALUES (30,30);



INSERT INTO `tblSuperviseurEvaluationStagiaireStage` (`IdEvaluation`,`IdSuperviseur`,`IdStage`,`IdStagiaire`,`tag`) VALUES (1,1,1,1,NULL);
INSERT INTO `tblSuperviseurEvaluationStagiaireStage` (`IdEvaluation`,`IdSuperviseur`,`IdStage`,`IdStagiaire`,`tag`) VALUES (2,2,2,2,NULL);
INSERT INTO `tblSuperviseurEvaluationStagiaireStage` (`IdEvaluation`,`IdSuperviseur`,`IdStage`,`IdStagiaire`,`tag`) VALUES (3,3,3,3,NULL);
INSERT INTO `tblSuperviseurEvaluationStagiaireStage` (`IdEvaluation`,`IdSuperviseur`,`IdStage`,`IdStagiaire`,`tag`) VALUES (4,4,4,4,NULL);
INSERT INTO `tblSuperviseurEvaluationStagiaireStage` (`IdEvaluation`,`IdSuperviseur`,`IdStage`,`IdStagiaire`,`tag`) VALUES (5,5,5,5,NULL);
INSERT INTO `tblSuperviseurEvaluationStagiaireStage` (`IdEvaluation`,`IdSuperviseur`,`IdStage`,`IdStagiaire`,`tag`) VALUES (6,6,6,6,NULL);
INSERT INTO `tblSuperviseurEvaluationStagiaireStage` (`IdEvaluation`,`IdSuperviseur`,`IdStage`,`IdStagiaire`,`tag`) VALUES (7,7,7,7,NULL);
INSERT INTO `tblSuperviseurEvaluationStagiaireStage` (`IdEvaluation`,`IdSuperviseur`,`IdStage`,`IdStagiaire`,`tag`) VALUES (8,8,8,8,NULL);
INSERT INTO `tblSuperviseurEvaluationStagiaireStage` (`IdEvaluation`,`IdSuperviseur`,`IdStage`,`IdStagiaire`,`tag`) VALUES (9,9,9,9,NULL);
INSERT INTO `tblSuperviseurEvaluationStagiaireStage` (`IdEvaluation`,`IdSuperviseur`,`IdStage`,`IdStagiaire`,`tag`) VALUES (10,10,10,10,NULL);
INSERT INTO `tblSuperviseurEvaluationStagiaireStage` (`IdEvaluation`,`IdSuperviseur`,`IdStage`,`IdStagiaire`,`tag`) VALUES (11,11,11,11,NULL);
INSERT INTO `tblSuperviseurEvaluationStagiaireStage` (`IdEvaluation`,`IdSuperviseur`,`IdStage`,`IdStagiaire`,`tag`) VALUES (12,12,12,12,NULL);
INSERT INTO `tblSuperviseurEvaluationStagiaireStage` (`IdEvaluation`,`IdSuperviseur`,`IdStage`,`IdStagiaire`,`tag`) VALUES (13,13,13,13,NULL);
INSERT INTO `tblSuperviseurEvaluationStagiaireStage` (`IdEvaluation`,`IdSuperviseur`,`IdStage`,`IdStagiaire`,`tag`) VALUES (14,14,14,14,NULL);
INSERT INTO `tblSuperviseurEvaluationStagiaireStage` (`IdEvaluation`,`IdSuperviseur`,`IdStage`,`IdStagiaire`,`tag`) VALUES (15,15,15,15,NULL);
INSERT INTO `tblSuperviseurEvaluationStagiaireStage` (`IdEvaluation`,`IdSuperviseur`,`IdStage`,`IdStagiaire`,`tag`) VALUES (16,16,16,16,NULL);
INSERT INTO `tblSuperviseurEvaluationStagiaireStage` (`IdEvaluation`,`IdSuperviseur`,`IdStage`,`IdStagiaire`,`tag`) VALUES (17,17,17,17,NULL);
INSERT INTO `tblSuperviseurEvaluationStagiaireStage` (`IdEvaluation`,`IdSuperviseur`,`IdStage`,`IdStagiaire`,`tag`) VALUES (18,18,18,18,NULL);
INSERT INTO `tblSuperviseurEvaluationStagiaireStage` (`IdEvaluation`,`IdSuperviseur`,`IdStage`,`IdStagiaire`,`tag`) VALUES (19,19,19,19,NULL);
INSERT INTO `tblSuperviseurEvaluationStagiaireStage` (`IdEvaluation`,`IdSuperviseur`,`IdStage`,`IdStagiaire`,`tag`) VALUES (20,20,20,20,NULL);
INSERT INTO `tblSuperviseurEvaluationStagiaireStage` (`IdEvaluation`,`IdSuperviseur`,`IdStage`,`IdStagiaire`,`tag`) VALUES (21,21,21,21,NULL);
INSERT INTO `tblSuperviseurEvaluationStagiaireStage` (`IdEvaluation`,`IdSuperviseur`,`IdStage`,`IdStagiaire`,`tag`) VALUES (22,22,22,22,NULL);
INSERT INTO `tblSuperviseurEvaluationStagiaireStage` (`IdEvaluation`,`IdSuperviseur`,`IdStage`,`IdStagiaire`,`tag`) VALUES (23,23,23,23,NULL);
INSERT INTO `tblSuperviseurEvaluationStagiaireStage` (`IdEvaluation`,`IdSuperviseur`,`IdStage`,`IdStagiaire`,`tag`) VALUES (24,24,24,24,NULL);
INSERT INTO `tblSuperviseurEvaluationStagiaireStage` (`IdEvaluation`,`IdSuperviseur`,`IdStage`,`IdStagiaire`,`tag`) VALUES (25,25,25,25,NULL);
INSERT INTO `tblSuperviseurEvaluationStagiaireStage` (`IdEvaluation`,`IdSuperviseur`,`IdStage`,`IdStagiaire`,`tag`) VALUES (26,26,26,26,NULL);
INSERT INTO `tblSuperviseurEvaluationStagiaireStage` (`IdEvaluation`,`IdSuperviseur`,`IdStage`,`IdStagiaire`,`tag`) VALUES (27,27,27,27,NULL);
INSERT INTO `tblSuperviseurEvaluationStagiaireStage` (`IdEvaluation`,`IdSuperviseur`,`IdStage`,`IdStagiaire`,`tag`) VALUES (28,28,28,28,NULL);
INSERT INTO `tblSuperviseurEvaluationStagiaireStage` (`IdEvaluation`,`IdSuperviseur`,`IdStage`,`IdStagiaire`,`tag`) VALUES (29,29,29,29,NULL);
INSERT INTO `tblSuperviseurEvaluationStagiaireStage` (`IdEvaluation`,`IdSuperviseur`,`IdStage`,`IdStagiaire`,`tag`) VALUES (30,30,30,30,NULL);
INSERT INTO `tblSuperviseurEvaluationStagiaireStage` (`IdEvaluation`,`IdSuperviseur`,`IdStage`,`IdStagiaire`,`tag`) VALUES (31,31,31,31,NULL);
INSERT INTO `tblSuperviseurEvaluationStagiaireStage` (`IdEvaluation`,`IdSuperviseur`,`IdStage`,`IdStagiaire`,`tag`) VALUES (32,32,32,32,NULL);
INSERT INTO `tblSuperviseurEvaluationStagiaireStage` (`IdEvaluation`,`IdSuperviseur`,`IdStage`,`IdStagiaire`,`tag`) VALUES (33,33,33,33,NULL);
INSERT INTO `tblSuperviseurEvaluationStagiaireStage` (`IdEvaluation`,`IdSuperviseur`,`IdStage`,`IdStagiaire`,`tag`) VALUES (34,34,34,34,NULL);
INSERT INTO `tblSuperviseurEvaluationStagiaireStage` (`IdEvaluation`,`IdSuperviseur`,`IdStage`,`IdStagiaire`,`tag`) VALUES (35,35,35,35,NULL);
INSERT INTO `tblSuperviseurEvaluationStagiaireStage` (`IdEvaluation`,`IdSuperviseur`,`IdStage`,`IdStagiaire`,`tag`) VALUES (36,36,36,36,NULL);
INSERT INTO `tblSuperviseurEvaluationStagiaireStage` (`IdEvaluation`,`IdSuperviseur`,`IdStage`,`IdStagiaire`,`tag`) VALUES (37,37,37,37,NULL);
INSERT INTO `tblSuperviseurEvaluationStagiaireStage` (`IdEvaluation`,`IdSuperviseur`,`IdStage`,`IdStagiaire`,`tag`) VALUES (38,38,38,38,NULL);
INSERT INTO `tblSuperviseurEvaluationStagiaireStage` (`IdEvaluation`,`IdSuperviseur`,`IdStage`,`IdStagiaire`,`tag`) VALUES (39,39,39,39,NULL);
INSERT INTO `tblSuperviseurEvaluationStagiaireStage` (`IdEvaluation`,`IdSuperviseur`,`IdStage`,`IdStagiaire`,`tag`) VALUES (40,40,40,40,NULL);
INSERT INTO `tblSuperviseurEvaluationStagiaireStage` (`IdEvaluation`,`IdSuperviseur`,`IdStage`,`IdStagiaire`,`tag`) VALUES (41,41,41,41,NULL);
INSERT INTO `tblSuperviseurEvaluationStagiaireStage` (`IdEvaluation`,`IdSuperviseur`,`IdStage`,`IdStagiaire`,`tag`) VALUES (42,42,42,42,NULL);
INSERT INTO `tblSuperviseurEvaluationStagiaireStage` (`IdEvaluation`,`IdSuperviseur`,`IdStage`,`IdStagiaire`,`tag`) VALUES (43,43,43,43,NULL);
INSERT INTO `tblSuperviseurEvaluationStagiaireStage` (`IdEvaluation`,`IdSuperviseur`,`IdStage`,`IdStagiaire`,`tag`) VALUES (44,44,44,44,NULL);
INSERT INTO `tblSuperviseurEvaluationStagiaireStage` (`IdEvaluation`,`IdSuperviseur`,`IdStage`,`IdStagiaire`,`tag`) VALUES (45,45,45,45,NULL);
INSERT INTO `tblSuperviseurEvaluationStagiaireStage` (`IdEvaluation`,`IdSuperviseur`,`IdStage`,`IdStagiaire`,`tag`) VALUES (46,46,46,46,NULL);
INSERT INTO `tblSuperviseurEvaluationStagiaireStage` (`IdEvaluation`,`IdSuperviseur`,`IdStage`,`IdStagiaire`,`tag`) VALUES (47,47,47,47,NULL);
INSERT INTO `tblSuperviseurEvaluationStagiaireStage` (`IdEvaluation`,`IdSuperviseur`,`IdStage`,`IdStagiaire`,`tag`) VALUES (48,48,48,48,NULL);
INSERT INTO `tblSuperviseurEvaluationStagiaireStage` (`IdEvaluation`,`IdSuperviseur`,`IdStage`,`IdStagiaire`,`tag`) VALUES (49,49,49,49,NULL);


INSERT INTO `tblJournalDeBord` (`Id`,`Dates`,`Entree`,`Documents`,`IdStagiaire`) VALUES (1,'2010-01-01','Lorem ipsum dolor sit amet, consectetur adipiscing',NULL,17);
INSERT INTO `tblJournalDeBord` (`Id`,`Dates`,`Entree`,`Documents`,`IdStagiaire`) VALUES (2,'2010-01-01','a faucibus nunc mattis, porttitor nunc non, bl',NULL,17);
INSERT INTO `tblJournalDeBord` (`Id`,`Dates`,`Entree`,`Documents`,`IdStagiaire`) VALUES (3,'2010-01-01','Aenean semper purus ut velit accumsan dapibus.',NULL,17);
INSERT INTO `tblJournalDeBord` (`Id`,`Dates`,`Entree`,`Documents`,`IdStagiaire`) VALUES (4,'2010-01-01','Curabitur fermentum lectus nec erat feugiat malesu',NULL,17);
INSERT INTO `tblJournalDeBord` (`Id`,`Dates`,`Entree`,`Documents`,`IdStagiaire`) VALUES (5,'2010-01-01','Proin id massa quis magna semper cursus sit amet v',NULL,17);
INSERT INTO `tblJournalDeBord` (`Id`,`Dates`,`Entree`,`Documents`,`IdStagiaire`) VALUES (6,'2010-01-01','Cras in ipsum vel magna mattis porttitor.',NULL,17);
INSERT INTO `tblJournalDeBord` (`Id`,`Dates`,`Entree`,`Documents`,`IdStagiaire`) VALUES (7,'2010-01-01','Proin sagittis tellus quis massa commodo fringilla',NULL,17);
INSERT INTO `tblJournalDeBord` (`Id`,`Dates`,`Entree`,`Documents`,`IdStagiaire`) VALUES (8,'2010-01-01','Donec consequat ligula id sagittis ullamcorper.',NULL,17);
INSERT INTO `tblJournalDeBord` (`Id`,`Dates`,`Entree`,`Documents`,`IdStagiaire`) VALUES (9,'2010-01-01','Aenean facilisis mauris vitae tincidunt tincidunt.',NULL,17);
INSERT INTO `tblJournalDeBord` (`Id`,`Dates`,`Entree`,`Documents`,`IdStagiaire`) VALUES (10,'2010-01-01','Proin fringilla velit et ex ultrices, eget vestibu',NULL,17);
INSERT INTO `tblJournalDeBord` (`Id`,`Dates`,`Entree`,`Documents`,`IdStagiaire`) VALUES (11,'2010-01-01','Mauris blandit est non tempor lobortis.',NULL,17);
INSERT INTO `tblJournalDeBord` (`Id`,`Dates`,`Entree`,`Documents`,`IdStagiaire`) VALUES (12,'2010-01-01','Ut luctus justo dictum eros consectetur, consequat',NULL,17);
INSERT INTO `tblJournalDeBord` (`Id`,`Dates`,`Entree`,`Documents`,`IdStagiaire`) VALUES (13,'2010-01-01','Vivamus varius leo sed purus euismod, ac efficitur',NULL,17);
INSERT INTO `tblJournalDeBord` (`Id`,`Dates`,`Entree`,`Documents`,`IdStagiaire`) VALUES (14,'2010-01-01','Pellentesque venenatis orci in diam ornare porta.',NULL,17);
INSERT INTO `tblJournalDeBord` (`Id`,`Dates`,`Entree`,`Documents`,`IdStagiaire`) VALUES (15,'2010-01-01','Phasellus vel nisi vestibulum, porttitor nibh in, ',NULL,17);
INSERT INTO `tblJournalDeBord` (`Id`,`Dates`,`Entree`,`Documents`,`IdStagiaire`) VALUES (16,'2010-01-01','Sed non ante egestas, iaculis eros a, interdum qua',NULL,17);
INSERT INTO `tblJournalDeBord` (`Id`,`Dates`,`Entree`,`Documents`,`IdStagiaire`) VALUES (17,'2010-01-01','Aenean dapibus dolor pharetra leo auctor mattis.',NULL,17);
INSERT INTO `tblJournalDeBord` (`Id`,`Dates`,`Entree`,`Documents`,`IdStagiaire`) VALUES (18,'2010-01-01','Phasellus faucibus massa sit amet suscipit porttit',NULL,17);
INSERT INTO `tblJournalDeBord` (`Id`,`Dates`,`Entree`,`Documents`,`IdStagiaire`) VALUES (19,'2010-01-01','Sed posuere dolor sit amet libero hendrerit, a com',NULL,17);
INSERT INTO `tblJournalDeBord` (`Id`,`Dates`,`Entree`,`Documents`,`IdStagiaire`) VALUES (20,'2010-01-01','Pellentesque efficitur risus nec lorem laoreet, no',NULL,17);
INSERT INTO `tblJournalDeBord` (`Id`,`Dates`,`Entree`,`Documents`,`IdStagiaire`) VALUES (21,'2010-01-01','Fusce feugiat metus ac nibh lobortis sagittis.',NULL,17);
INSERT INTO `tblJournalDeBord` (`Id`,`Dates`,`Entree`,`Documents`,`IdStagiaire`) VALUES (22,'2010-01-01','Maecenas ultrices est sed pellentesque volutpat.',NULL,17);
INSERT INTO `tblJournalDeBord` (`Id`,`Dates`,`Entree`,`Documents`,`IdStagiaire`) VALUES (23,'2010-01-01','Vivamus quis sem interdum, volutpat nisl ut, lobor',NULL,17);
INSERT INTO `tblJournalDeBord` (`Id`,`Dates`,`Entree`,`Documents`,`IdStagiaire`) VALUES (24,'2010-01-01','Nunc vulputate metus maximus sapien vestibulum por',NULL,17);
INSERT INTO `tblJournalDeBord` (`Id`,`Dates`,`Entree`,`Documents`,`IdStagiaire`) VALUES (25,'2010-01-01','Mauris quis diam id ante vulputate luctus non ulla',NULL,17);
INSERT INTO `tblJournalDeBord` (`Id`,`Dates`,`Entree`,`Documents`,`IdStagiaire`) VALUES (26,'2010-01-01','Maecenas eget orci ut tortor lacinia sodales.',NULL,17);
INSERT INTO `tblJournalDeBord` (`Id`,`Dates`,`Entree`,`Documents`,`IdStagiaire`) VALUES (27,'2010-01-01','Integer quis justo vel metus dapibus egestas eu in',NULL,17);
INSERT INTO `tblJournalDeBord` (`Id`,`Dates`,`Entree`,`Documents`,`IdStagiaire`) VALUES (28,'2010-01-01','Mauris mollis libero sed nisl euismod, in pharetra',NULL,17);
INSERT INTO `tblJournalDeBord` (`Id`,`Dates`,`Entree`,`Documents`,`IdStagiaire`) VALUES (29,'2010-01-01','Aliquam aliquam felis a elit ultricies feugiat in ',NULL,17);
INSERT INTO `tblJournalDeBord` (`Id`,`Dates`,`Entree`,`Documents`,`IdStagiaire`) VALUES (30,'2010-01-01','Maecenas ut tortor vel libero porta dignissim.',NULL,17);
INSERT INTO `tblJournalDeBord` (`Id`,`Dates`,`Entree`,`Documents`,`IdStagiaire`) VALUES (31,'2010-01-01','Nunc sagittis lectus et tortor sodales, eget volut',NULL,17);
INSERT INTO `tblJournalDeBord` (`Id`,`Dates`,`Entree`,`Documents`,`IdStagiaire`) VALUES (32,'2010-01-01','Etiam maximus nibh id diam facilisis, vitae elemen',NULL,17);
INSERT INTO `tblJournalDeBord` (`Id`,`Dates`,`Entree`,`Documents`,`IdStagiaire`) VALUES (33,'2010-01-01','Donec vitae sem id nisl blandit varius.',NULL,17);
INSERT INTO `tblJournalDeBord` (`Id`,`Dates`,`Entree`,`Documents`,`IdStagiaire`) VALUES (34,'2010-01-01','Fusce vitae arcu vehicula, efficitur tellus sollic',NULL,17);
INSERT INTO `tblJournalDeBord` (`Id`,`Dates`,`Entree`,`Documents`,`IdStagiaire`) VALUES (35,'2010-01-01','Duis a dolor posuere, gravida ante vitae, commodo ',NULL,17);
INSERT INTO `tblJournalDeBord` (`Id`,`Dates`,`Entree`,`Documents`,`IdStagiaire`) VALUES (36,'2010-01-01','Praesent dictum nibh ultricies, fringilla purus eg',NULL,17);
INSERT INTO `tblJournalDeBord` (`Id`,`Dates`,`Entree`,`Documents`,`IdStagiaire`) VALUES (37,'2010-01-01','Etiam ut sem vitae odio pretium congue et nec turp',NULL,17);
INSERT INTO `tblJournalDeBord` (`Id`,`Dates`,`Entree`,`Documents`,`IdStagiaire`) VALUES (38,'2010-01-01','Quisque id massa id nibh volutpat volutpat.',NULL,17);
INSERT INTO `tblJournalDeBord` (`Id`,`Dates`,`Entree`,`Documents`,`IdStagiaire`) VALUES (39,'2010-01-01','Aliquam nec leo a neque tincidunt porttitor.',NULL,17);
INSERT INTO `tblJournalDeBord` (`Id`,`Dates`,`Entree`,`Documents`,`IdStagiaire`) VALUES (40,'2010-01-01','Donec dictum lorem et nibh sollicitudin, lobortis ',NULL,17);
INSERT INTO `tblJournalDeBord` (`Id`,`Dates`,`Entree`,`Documents`,`IdStagiaire`) VALUES (41,'2010-01-01','Proin pretium sem vel eros rutrum tincidunt et sed',NULL,17);
INSERT INTO `tblJournalDeBord` (`Id`,`Dates`,`Entree`,`Documents`,`IdStagiaire`) VALUES (42,'2010-01-01','Sed pellentesque ex vehicula pretium tincidunt.',NULL,17);
INSERT INTO `tblJournalDeBord` (`Id`,`Dates`,`Entree`,`Documents`,`IdStagiaire`) VALUES (43,'2010-01-01','Cras eu lacus eget elit luctus lobortis.',NULL,17);
INSERT INTO `tblJournalDeBord` (`Id`,`Dates`,`Entree`,`Documents`,`IdStagiaire`) VALUES (44,'2010-01-01','Donec quis tortor id elit sollicitudin blandit.',NULL,17);
INSERT INTO `tblJournalDeBord` (`Id`,`Dates`,`Entree`,`Documents`,`IdStagiaire`) VALUES (45,'2010-01-01','Phasellus quis neque volutpat odio lacinia rhoncus',NULL,17);
INSERT INTO `tblJournalDeBord` (`Id`,`Dates`,`Entree`,`Documents`,`IdStagiaire`) VALUES (46,'2010-01-01','Nunc non mauris et enim porttitor dignissim in eu ',NULL,17);
INSERT INTO `tblJournalDeBord` (`Id`,`Dates`,`Entree`,`Documents`,`IdStagiaire`) VALUES (47,'2010-01-01','Quisque quis nisi dictum, tempus diam sed, accumsa',NULL,17);
INSERT INTO `tblJournalDeBord` (`Id`,`Dates`,`Entree`,`Documents`,`IdStagiaire`) VALUES (48,'2010-01-01','Ut vulputate tortor at risus tincidunt, quis gravi',NULL,17);
INSERT INTO `tblJournalDeBord` (`Id`,`Dates`,`Entree`,`Documents`,`IdStagiaire`) VALUES (49,'2010-01-01','am molestie nibh in euismod finibus',NULL,17);
INSERT INTO `tblJournalDeBord` (`Id`,`Dates`,`Entree`,`Documents`,`IdStagiaire`) VALUES (50,'2010-01-01','Aliquam sagittis nisi vel tincidunt commodo.',NULL,17);
INSERT INTO `tblJournalDeBord` (`Id`,`Dates`,`Entree`,`Documents`,`IdStagiaire`) VALUES (51,'2010-01-01','Mauris et eros quis turpis imperdiet feugiat sed i',NULL,17);

INSERT INTO tblCategorieQuestion(descriptionCategorie) VALUES
('MOTIVATION'),
('ATTITUDES ET COMPORTEMENT'),
('APTITUDES'),
('Éthique'),
('ADAPTABILITÉ'),
('QUALITÉ DU TRAVAIL'),
('RELATION AVEC LES AUTRES'),
('La connaissance du milieu de stage'),
('Le comportement de la ou du stagiaire'),
('Le travail de la ou du stagiaire :'),
('Le potentiel de la ou du stagiaire'),
('L\'appréciation globale');


INSERT INTO `tblStage` (`Id`,`IdEntreprise`,`IdResponsable`,`IdSuperviseur`,`IdStagiaire`,`IdGestionnaire`,`IdEnseignant`) VALUES (1,1,1,1,1,1,NULL);
INSERT INTO `tblStage` (`Id`,`IdEntreprise`,`IdResponsable`,`IdSuperviseur`,`IdStagiaire`,`IdGestionnaire`,`IdEnseignant`) VALUES (2,2,2,2,2,2,NULL);
INSERT INTO `tblStage` (`Id`,`IdEntreprise`,`IdResponsable`,`IdSuperviseur`,`IdStagiaire`,`IdGestionnaire`,`IdEnseignant`) VALUES (3,3,3,3,3,3,NULL);
INSERT INTO `tblStage` (`Id`,`IdEntreprise`,`IdResponsable`,`IdSuperviseur`,`IdStagiaire`,`IdGestionnaire`,`IdEnseignant`) VALUES (4,4,4,4,4,4,NULL);
INSERT INTO `tblStage` (`Id`,`IdEntreprise`,`IdResponsable`,`IdSuperviseur`,`IdStagiaire`,`IdGestionnaire`,`IdEnseignant`) VALUES (5,5,5,5,5,5,NULL);
INSERT INTO `tblStage` (`Id`,`IdEntreprise`,`IdResponsable`,`IdSuperviseur`,`IdStagiaire`,`IdGestionnaire`,`IdEnseignant`) VALUES (6,6,6,6,6,1,NULL);
INSERT INTO `tblStage` (`Id`,`IdEntreprise`,`IdResponsable`,`IdSuperviseur`,`IdStagiaire`,`IdGestionnaire`,`IdEnseignant`) VALUES (7,7,7,7,7,2,NULL);
INSERT INTO `tblStage` (`Id`,`IdEntreprise`,`IdResponsable`,`IdSuperviseur`,`IdStagiaire`,`IdGestionnaire`,`IdEnseignant`) VALUES (8,8,8,8,8,3,NULL);
INSERT INTO `tblStage` (`Id`,`IdEntreprise`,`IdResponsable`,`IdSuperviseur`,`IdStagiaire`,`IdGestionnaire`,`IdEnseignant`) VALUES (9,9,9,9,9,4,NULL);
INSERT INTO `tblStage` (`Id`,`IdEntreprise`,`IdResponsable`,`IdSuperviseur`,`IdStagiaire`,`IdGestionnaire`,`IdEnseignant`) VALUES (10,10,10,10,10,5,NULL);
INSERT INTO `tblStage` (`Id`,`IdEntreprise`,`IdResponsable`,`IdSuperviseur`,`IdStagiaire`,`IdGestionnaire`,`IdEnseignant`) VALUES (11,11,11,11,11,1,NULL);
INSERT INTO `tblStage` (`Id`,`IdEntreprise`,`IdResponsable`,`IdSuperviseur`,`IdStagiaire`,`IdGestionnaire`,`IdEnseignant`) VALUES (12,12,12,12,12,2,NULL);
INSERT INTO `tblStage` (`Id`,`IdEntreprise`,`IdResponsable`,`IdSuperviseur`,`IdStagiaire`,`IdGestionnaire`,`IdEnseignant`) VALUES (13,13,13,13,13,3,NULL);
INSERT INTO `tblStage` (`Id`,`IdEntreprise`,`IdResponsable`,`IdSuperviseur`,`IdStagiaire`,`IdGestionnaire`,`IdEnseignant`) VALUES (14,14,14,14,14,4,NULL);
INSERT INTO `tblStage` (`Id`,`IdEntreprise`,`IdResponsable`,`IdSuperviseur`,`IdStagiaire`,`IdGestionnaire`,`IdEnseignant`) VALUES (15,15,15,15,15,5,NULL);
INSERT INTO `tblStage` (`Id`,`IdEntreprise`,`IdResponsable`,`IdSuperviseur`,`IdStagiaire`,`IdGestionnaire`,`IdEnseignant`) VALUES (16,16,16,16,16,1,NULL);
INSERT INTO `tblStage` (`Id`,`IdEntreprise`,`IdResponsable`,`IdSuperviseur`,`IdStagiaire`,`IdGestionnaire`,`IdEnseignant`) VALUES (17,17,17,17,17,2,NULL);
INSERT INTO `tblStage` (`Id`,`IdEntreprise`,`IdResponsable`,`IdSuperviseur`,`IdStagiaire`,`IdGestionnaire`,`IdEnseignant`) VALUES (18,18,18,18,18,3,NULL);
INSERT INTO `tblStage` (`Id`,`IdEntreprise`,`IdResponsable`,`IdSuperviseur`,`IdStagiaire`,`IdGestionnaire`,`IdEnseignant`) VALUES (19,19,19,19,19,4,NULL);
INSERT INTO `tblStage` (`Id`,`IdEntreprise`,`IdResponsable`,`IdSuperviseur`,`IdStagiaire`,`IdGestionnaire`,`IdEnseignant`) VALUES (20,1,1,20,20,5,NULL);
INSERT INTO `tblStage` (`Id`,`IdEntreprise`,`IdResponsable`,`IdSuperviseur`,`IdStagiaire`,`IdGestionnaire`,`IdEnseignant`) VALUES (21,2,2,21,21,1,NULL);
INSERT INTO `tblStage` (`Id`,`IdEntreprise`,`IdResponsable`,`IdSuperviseur`,`IdStagiaire`,`IdGestionnaire`,`IdEnseignant`) VALUES (22,3,3,22,22,2,NULL);
INSERT INTO `tblStage` (`Id`,`IdEntreprise`,`IdResponsable`,`IdSuperviseur`,`IdStagiaire`,`IdGestionnaire`,`IdEnseignant`) VALUES (23,4,4,23,23,3,NULL);
INSERT INTO `tblStage` (`Id`,`IdEntreprise`,`IdResponsable`,`IdSuperviseur`,`IdStagiaire`,`IdGestionnaire`,`IdEnseignant`) VALUES (24,5,5,24,24,4,NULL);
INSERT INTO `tblStage` (`Id`,`IdEntreprise`,`IdResponsable`,`IdSuperviseur`,`IdStagiaire`,`IdGestionnaire`,`IdEnseignant`) VALUES (25,6,6,25,25,5,NULL);
INSERT INTO `tblStage` (`Id`,`IdEntreprise`,`IdResponsable`,`IdSuperviseur`,`IdStagiaire`,`IdGestionnaire`,`IdEnseignant`) VALUES (26,7,7,26,26,1,NULL);
INSERT INTO `tblStage` (`Id`,`IdEntreprise`,`IdResponsable`,`IdSuperviseur`,`IdStagiaire`,`IdGestionnaire`,`IdEnseignant`) VALUES (27,8,8,27,27,2,NULL);
INSERT INTO `tblStage` (`Id`,`IdEntreprise`,`IdResponsable`,`IdSuperviseur`,`IdStagiaire`,`IdGestionnaire`,`IdEnseignant`) VALUES (28,9,9,28,28,3,NULL);
INSERT INTO `tblStage` (`Id`,`IdEntreprise`,`IdResponsable`,`IdSuperviseur`,`IdStagiaire`,`IdGestionnaire`,`IdEnseignant`) VALUES (29,10,10,29,29,4,NULL);
INSERT INTO `tblStage` (`Id`,`IdEntreprise`,`IdResponsable`,`IdSuperviseur`,`IdStagiaire`,`IdGestionnaire`,`IdEnseignant`) VALUES (30,11,11,30,30,5,NULL);
INSERT INTO `tblStage` (`Id`,`IdEntreprise`,`IdResponsable`,`IdSuperviseur`,`IdStagiaire`,`IdGestionnaire`,`IdEnseignant`) VALUES (31,1,12,1,31,1,NULL);
INSERT INTO `tblStage` (`Id`,`IdEntreprise`,`IdResponsable`,`IdSuperviseur`,`IdStagiaire`,`IdGestionnaire`,`IdEnseignant`) VALUES (32,2,13,2,32,2,NULL);
INSERT INTO `tblStage` (`Id`,`IdEntreprise`,`IdResponsable`,`IdSuperviseur`,`IdStagiaire`,`IdGestionnaire`,`IdEnseignant`) VALUES (33,3,14,3,33,3,NULL);
INSERT INTO `tblStage` (`Id`,`IdEntreprise`,`IdResponsable`,`IdSuperviseur`,`IdStagiaire`,`IdGestionnaire`,`IdEnseignant`) VALUES (34,4,15,4,34,4,NULL);
INSERT INTO `tblStage` (`Id`,`IdEntreprise`,`IdResponsable`,`IdSuperviseur`,`IdStagiaire`,`IdGestionnaire`,`IdEnseignant`) VALUES (35,5,16,5,35,5,NULL);
INSERT INTO `tblStage` (`Id`,`IdEntreprise`,`IdResponsable`,`IdSuperviseur`,`IdStagiaire`,`IdGestionnaire`,`IdEnseignant`) VALUES (36,6,17,6,36,1,NULL);
INSERT INTO `tblStage` (`Id`,`IdEntreprise`,`IdResponsable`,`IdSuperviseur`,`IdStagiaire`,`IdGestionnaire`,`IdEnseignant`) VALUES (37,7,18,7,37,2,NULL);
INSERT INTO `tblStage` (`Id`,`IdEntreprise`,`IdResponsable`,`IdSuperviseur`,`IdStagiaire`,`IdGestionnaire`,`IdEnseignant`) VALUES (38,8,19,8,38,3,NULL);
INSERT INTO `tblStage` (`Id`,`IdEntreprise`,`IdResponsable`,`IdSuperviseur`,`IdStagiaire`,`IdGestionnaire`,`IdEnseignant`) VALUES (39,9,1,9,39,4,NULL);
INSERT INTO `tblStage` (`Id`,`IdEntreprise`,`IdResponsable`,`IdSuperviseur`,`IdStagiaire`,`IdGestionnaire`,`IdEnseignant`) VALUES (40,10,2,10,40,5,NULL);
INSERT INTO `tblStage` (`Id`,`IdEntreprise`,`IdResponsable`,`IdSuperviseur`,`IdStagiaire`,`IdGestionnaire`,`IdEnseignant`) VALUES (41,11,3,11,41,1,NULL);
INSERT INTO `tblStage` (`Id`,`IdEntreprise`,`IdResponsable`,`IdSuperviseur`,`IdStagiaire`,`IdGestionnaire`,`IdEnseignant`) VALUES (42,12,4,12,42,2,NULL);
INSERT INTO `tblStage` (`Id`,`IdEntreprise`,`IdResponsable`,`IdSuperviseur`,`IdStagiaire`,`IdGestionnaire`,`IdEnseignant`) VALUES (43,13,5,13,43,3,NULL);
INSERT INTO `tblStage` (`Id`,`IdEntreprise`,`IdResponsable`,`IdSuperviseur`,`IdStagiaire`,`IdGestionnaire`,`IdEnseignant`) VALUES (44,14,6,14,44,4,NULL);
INSERT INTO `tblStage` (`Id`,`IdEntreprise`,`IdResponsable`,`IdSuperviseur`,`IdStagiaire`,`IdGestionnaire`,`IdEnseignant`) VALUES (45,15,7,15,45,5,NULL);
INSERT INTO `tblStage` (`Id`,`IdEntreprise`,`IdResponsable`,`IdSuperviseur`,`IdStagiaire`,`IdGestionnaire`,`IdEnseignant`) VALUES (46,16,8,16,46,1,NULL);
INSERT INTO `tblStage` (`Id`,`IdEntreprise`,`IdResponsable`,`IdSuperviseur`,`IdStagiaire`,`IdGestionnaire`,`IdEnseignant`) VALUES (47,17,9,17,47,2,NULL);
INSERT INTO `tblStage` (`Id`,`IdEntreprise`,`IdResponsable`,`IdSuperviseur`,`IdStagiaire`,`IdGestionnaire`,`IdEnseignant`) VALUES (48,18,10,18,48,3,NULL);
INSERT INTO `tblStage` (`Id`,`IdEntreprise`,`IdResponsable`,`IdSuperviseur`,`IdStagiaire`,`IdGestionnaire`,`IdEnseignant`) VALUES (49,19,11,19,49,4,NULL);
