35;5
35;6
35;7
35;8
35;9
36;10
36;11
36;12
36;13
36;14
37;15
37;16
37;17
37;18
37;19
38;20
38;21
38;22
38;23
38;24
39;25
39;26
39;27
39;28
39;29
40;30
40;31
40;32
40;33
40;34
41;35
41;36
41;37
41;38
41;39
42;40
42;41
42;42
42;43
42;44
43;45
43;46
43;47
43;48
43;49
44;50
44;51
44;52
44;53
44;54
45;55
45;56
45;57
45;58
45;59
46;60
46;61
46;62
46;63
46;64
47;65
47;66
47;67
47;68
47;69
48;70
48;71
48;72
48;73
48;74
49;75
49;76
49;77
49;78
49;79
50;80
50;81
50;82
50;83
50;84
51;85
51;86
51;87
51;88
51;89
52;90
52;91
52;92
52;93
52;94
53;95
53;96
53;97
53;98
53;99
54;100
54;101
54;102
54;103
54;104
55;105
55;106
55;107
55;108
55;109
56;110
56;111
56;112
56;113
56;114
