
-- USE cegepjon_p2017_2_dev;
-- USE cegepjon_p2017_2_prod;
-- USE cegepjon_p2017_2_tests;
 USE bdprojet_equipe2v2;
 
 

INSERT IGNORE INTO `tblRole` (`Id`,`Titre`) VALUES (1,'Gestionnaire');
INSERT IGNORE INTO `tblRole` (`Id`,`Titre`) VALUES (2,'Responsable');
INSERT IGNORE INTO `tblRole` (`Id`,`Titre`) VALUES (3,'Enseignant');
INSERT IGNORE INTO `tblRole` (`Id`,`Titre`) VALUES (4,'Superviseur');
INSERT IGNORE INTO `tblRole` (`Id`,`Titre`) VALUES (5,'Stagiaire');

INSERT IGNORE INTO `tblUtilisateur` (`Id`,`Courriel`,`MotDePasse`) VALUES (1,'Tremblay.Olimpia@etu.cegepjonquiere.ca','$2y$10$J/WmC4JWR42JtTeMp0yBpuTGd.Kc9D6lHlOtisNcOLZloa9ekK/Ee');
INSERT IGNORE INTO `tblUtilisateur` (`Id`,`Courriel`,`MotDePasse`) VALUES (2,'Bouchard.Olga@etu.cegepjonquiere.ca','$2y$10$J/WmC4JWR42JtTeMp0yBpuTGd.Kc9D6lHlOtisNcOLZloa9ekK/Ee');
INSERT IGNORE INTO `tblUtilisateur` (`Id`,`Courriel`,`MotDePasse`) VALUES (3,'Duchesne.Leonarda@etu.cegepjonquiere.ca','$2y$10$J/WmC4JWR42JtTeMp0yBpuTGd.Kc9D6lHlOtisNcOLZloa9ekK/Ee');
INSERT IGNORE INTO `tblUtilisateur` (`Id`,`Courriel`,`MotDePasse`) VALUES (4,'Poirier.Kelly@etu.cegepjonquiere.ca','$2y$10$J/WmC4JWR42JtTeMp0yBpuTGd.Kc9D6lHlOtisNcOLZloa9ekK/Ee');
INSERT IGNORE INTO `tblUtilisateur` (`Id`,`Courriel`,`MotDePasse`) VALUES (5,'Jean.Cyril@etu.cegepjonquiere.ca','$2y$10$J/WmC4JWR42JtTeMp0yBpuTGd.Kc9D6lHlOtisNcOLZloa9ekK/Ee');
INSERT IGNORE INTO `tblUtilisateur` (`Id`,`Courriel`,`MotDePasse`) VALUES (6,'Gilbert.Rufina@etu.cegepjonquiere.ca','$2y$10$J/WmC4JWR42JtTeMp0yBpuTGd.Kc9D6lHlOtisNcOLZloa9ekK/Ee');
INSERT IGNORE INTO `tblUtilisateur` (`Id`,`Courriel`,`MotDePasse`) VALUES (7,'Tremblay.Torri@etu.cegepjonquiere.ca','$2y$10$J/WmC4JWR42JtTeMp0yBpuTGd.Kc9D6lHlOtisNcOLZloa9ekK/Ee');
INSERT IGNORE INTO `tblUtilisateur` (`Id`,`Courriel`,`MotDePasse`) VALUES (8,'Bouchard.Cliff@etu.cegepjonquiere.ca','$2y$10$J/WmC4JWR42JtTeMp0yBpuTGd.Kc9D6lHlOtisNcOLZloa9ekK/Ee');
INSERT IGNORE INTO `tblUtilisateur` (`Id`,`Courriel`,`MotDePasse`) VALUES (9,'Duchesne.Kyoko@etu.cegepjonquiere.ca','$2y$10$J/WmC4JWR42JtTeMp0yBpuTGd.Kc9D6lHlOtisNcOLZloa9ekK/Ee');
INSERT IGNORE INTO `tblUtilisateur` (`Id`,`Courriel`,`MotDePasse`) VALUES (10,'Poirier.Elvie@etu.cegepjonquiere.ca','$2y$10$J/WmC4JWR42JtTeMp0yBpuTGd.Kc9D6lHlOtisNcOLZloa9ekK/Ee');
INSERT IGNORE INTO `tblUtilisateur` (`Id`,`Courriel`,`MotDePasse`) VALUES (11,'Jean.Barbra@etu.cegepjonquiere.ca','$2y$10$J/WmC4JWR42JtTeMp0yBpuTGd.Kc9D6lHlOtisNcOLZloa9ekK/Ee');
INSERT IGNORE INTO `tblUtilisateur` (`Id`,`Courriel`,`MotDePasse`) VALUES (12,'Gilbert.Graig@etu.cegepjonquiere.ca','$2y$10$J/WmC4JWR42JtTeMp0yBpuTGd.Kc9D6lHlOtisNcOLZloa9ekK/Ee');
INSERT IGNORE INTO `tblUtilisateur` (`Id`,`Courriel`,`MotDePasse`) VALUES (13,'Tremblay.Pamala@etu.cegepjonquiere.ca','$2y$10$J/WmC4JWR42JtTeMp0yBpuTGd.Kc9D6lHlOtisNcOLZloa9ekK/Ee');
INSERT IGNORE INTO `tblUtilisateur` (`Id`,`Courriel`,`MotDePasse`) VALUES (14,'Bouchard.Jermaine@etu.cegepjonquiere.ca','$2y$10$J/WmC4JWR42JtTeMp0yBpuTGd.Kc9D6lHlOtisNcOLZloa9ekK/Ee');
INSERT IGNORE INTO `tblUtilisateur` (`Id`,`Courriel`,`MotDePasse`) VALUES (15,'Duchesne.Chau@etu.cegepjonquiere.ca','$2y$10$J/WmC4JWR42JtTeMp0yBpuTGd.Kc9D6lHlOtisNcOLZloa9ekK/Ee');
INSERT IGNORE INTO `tblUtilisateur` (`Id`,`Courriel`,`MotDePasse`) VALUES (16,'Poirier.Almeta@etu.cegepjonquiere.ca','$2y$10$J/WmC4JWR42JtTeMp0yBpuTGd.Kc9D6lHlOtisNcOLZloa9ekK/Ee');
INSERT IGNORE INTO `tblUtilisateur` (`Id`,`Courriel`,`MotDePasse`) VALUES (17,'Jean.Denita@etu.cegepjonquiere.ca','$2y$10$J/WmC4JWR42JtTeMp0yBpuTGd.Kc9D6lHlOtisNcOLZloa9ekK/Ee');
INSERT IGNORE INTO `tblUtilisateur` (`Id`,`Courriel`,`MotDePasse`) VALUES (18,'Gilbert.Larita@etu.cegepjonquiere.ca','$2y$10$J/WmC4JWR42JtTeMp0yBpuTGd.Kc9D6lHlOtisNcOLZloa9ekK/Ee');
INSERT IGNORE INTO `tblUtilisateur` (`Id`,`Courriel`,`MotDePasse`) VALUES (19,'Tremblay.Bridgette@etu.cegepjonquiere.ca','$2y$10$J/WmC4JWR42JtTeMp0yBpuTGd.Kc9D6lHlOtisNcOLZloa9ekK/Ee');
INSERT IGNORE INTO `tblUtilisateur` (`Id`,`Courriel`,`MotDePasse`) VALUES (20,'Bouchard.Sherika@etu.cegepjonquiere.ca','$2y$10$J/WmC4JWR42JtTeMp0yBpuTGd.Kc9D6lHlOtisNcOLZloa9ekK/Ee');
INSERT IGNORE INTO `tblUtilisateur` (`Id`,`Courriel`,`MotDePasse`) VALUES (21,'Duchesne.Monroe@etu.cegepjonquiere.ca','$2y$10$J/WmC4JWR42JtTeMp0yBpuTGd.Kc9D6lHlOtisNcOLZloa9ekK/Ee');
INSERT IGNORE INTO `tblUtilisateur` (`Id`,`Courriel`,`MotDePasse`) VALUES (22,'Poirier.Liliana@etu.cegepjonquiere.ca','$2y$10$J/WmC4JWR42JtTeMp0yBpuTGd.Kc9D6lHlOtisNcOLZloa9ekK/Ee');
INSERT IGNORE INTO `tblUtilisateur` (`Id`,`Courriel`,`MotDePasse`) VALUES (23,'Jean.Lavona@etu.cegepjonquiere.ca','$2y$10$J/WmC4JWR42JtTeMp0yBpuTGd.Kc9D6lHlOtisNcOLZloa9ekK/Ee');
INSERT IGNORE INTO `tblUtilisateur` (`Id`,`Courriel`,`MotDePasse`) VALUES (24,'Gilbert.Manda@etu.cegepjonquiere.ca','$2y$10$J/WmC4JWR42JtTeMp0yBpuTGd.Kc9D6lHlOtisNcOLZloa9ekK/Ee');
INSERT IGNORE INTO `tblUtilisateur` (`Id`,`Courriel`,`MotDePasse`) VALUES (25,'Tremblay.Conchita@etu.cegepjonquiere.ca','$2y$10$J/WmC4JWR42JtTeMp0yBpuTGd.Kc9D6lHlOtisNcOLZloa9ekK/Ee');
INSERT IGNORE INTO `tblUtilisateur` (`Id`,`Courriel`,`MotDePasse`) VALUES (26,'Bouchard.Emanuel@etu.cegepjonquiere.ca','$2y$10$J/WmC4JWR42JtTeMp0yBpuTGd.Kc9D6lHlOtisNcOLZloa9ekK/Ee');
INSERT IGNORE INTO `tblUtilisateur` (`Id`,`Courriel`,`MotDePasse`) VALUES (27,'Duchesne.Celestine@etu.cegepjonquiere.ca','$2y$10$J/WmC4JWR42JtTeMp0yBpuTGd.Kc9D6lHlOtisNcOLZloa9ekK/Ee');
INSERT IGNORE INTO `tblUtilisateur` (`Id`,`Courriel`,`MotDePasse`) VALUES (28,'Poirier.Rikki@etu.cegepjonquiere.ca','$2y$10$J/WmC4JWR42JtTeMp0yBpuTGd.Kc9D6lHlOtisNcOLZloa9ekK/Ee');
INSERT IGNORE INTO `tblUtilisateur` (`Id`,`Courriel`,`MotDePasse`) VALUES (29,'Jean.Jacque@etu.cegepjonquiere.ca','$2y$10$J/WmC4JWR42JtTeMp0yBpuTGd.Kc9D6lHlOtisNcOLZloa9ekK/Ee');
INSERT IGNORE INTO `tblUtilisateur` (`Id`,`Courriel`,`MotDePasse`) VALUES (30,'Gilbert.Kelle@etu.cegepjonquiere.ca','$2y$10$J/WmC4JWR42JtTeMp0yBpuTGd.Kc9D6lHlOtisNcOLZloa9ekK/Ee');
INSERT IGNORE INTO `tblUtilisateur` (`Id`,`Courriel`,`MotDePasse`) VALUES (31,'Tremblay.Arlene@etu.cegepjonquiere.ca','$2y$10$J/WmC4JWR42JtTeMp0yBpuTGd.Kc9D6lHlOtisNcOLZloa9ekK/Ee');
INSERT IGNORE INTO `tblUtilisateur` (`Id`,`Courriel`,`MotDePasse`) VALUES (32,'Bouchard.Enoch@etu.cegepjonquiere.ca','$2y$10$J/WmC4JWR42JtTeMp0yBpuTGd.Kc9D6lHlOtisNcOLZloa9ekK/Ee');
INSERT IGNORE INTO `tblUtilisateur` (`Id`,`Courriel`,`MotDePasse`) VALUES (33,'Duchesne.Marsha@etu.cegepjonquiere.ca','$2y$10$J/WmC4JWR42JtTeMp0yBpuTGd.Kc9D6lHlOtisNcOLZloa9ekK/Ee');
INSERT IGNORE INTO `tblUtilisateur` (`Id`,`Courriel`,`MotDePasse`) VALUES (34,'Poirier.Jeffrey@etu.cegepjonquiere.ca','$2y$10$J/WmC4JWR42JtTeMp0yBpuTGd.Kc9D6lHlOtisNcOLZloa9ekK/Ee');
INSERT IGNORE INTO `tblUtilisateur` (`Id`,`Courriel`,`MotDePasse`) VALUES (35,'Jean.Jaqueline@etu.cegepjonquiere.ca','$2y$10$J/WmC4JWR42JtTeMp0yBpuTGd.Kc9D6lHlOtisNcOLZloa9ekK/Ee');
INSERT IGNORE INTO `tblUtilisateur` (`Id`,`Courriel`,`MotDePasse`) VALUES (36,'Gilbert.Reita@etu.cegepjonquiere.ca','$2y$10$J/WmC4JWR42JtTeMp0yBpuTGd.Kc9D6lHlOtisNcOLZloa9ekK/Ee');
INSERT IGNORE INTO `tblUtilisateur` (`Id`,`Courriel`,`MotDePasse`) VALUES (37,'Tremblay.Alix@etu.cegepjonquiere.ca','$2y$10$J/WmC4JWR42JtTeMp0yBpuTGd.Kc9D6lHlOtisNcOLZloa9ekK/Ee');
INSERT IGNORE INTO `tblUtilisateur` (`Id`,`Courriel`,`MotDePasse`) VALUES (38,'Bouchard.Bruce@etu.cegepjonquiere.ca','$2y$10$J/WmC4JWR42JtTeMp0yBpuTGd.Kc9D6lHlOtisNcOLZloa9ekK/Ee');
INSERT IGNORE INTO `tblUtilisateur` (`Id`,`Courriel`,`MotDePasse`) VALUES (39,'Duchesne.Nickie@etu.cegepjonquiere.ca','$2y$10$J/WmC4JWR42JtTeMp0yBpuTGd.Kc9D6lHlOtisNcOLZloa9ekK/Ee');
INSERT IGNORE INTO `tblUtilisateur` (`Id`,`Courriel`,`MotDePasse`) VALUES (40,'Poirier.Jesusita@etu.cegepjonquiere.ca','$2y$10$J/WmC4JWR42JtTeMp0yBpuTGd.Kc9D6lHlOtisNcOLZloa9ekK/Ee');
INSERT IGNORE INTO `tblUtilisateur` (`Id`,`Courriel`,`MotDePasse`) VALUES (41,'Jean.Marylou@etu.cegepjonquiere.ca','$2y$10$J/WmC4JWR42JtTeMp0yBpuTGd.Kc9D6lHlOtisNcOLZloa9ekK/Ee');
INSERT IGNORE INTO `tblUtilisateur` (`Id`,`Courriel`,`MotDePasse`) VALUES (42,'Gilbert.Mariam@etu.cegepjonquiere.ca','$2y$10$J/WmC4JWR42JtTeMp0yBpuTGd.Kc9D6lHlOtisNcOLZloa9ekK/Ee');
INSERT IGNORE INTO `tblUtilisateur` (`Id`,`Courriel`,`MotDePasse`) VALUES (43,'Tremblay.Dorine@etu.cegepjonquiere.ca','$2y$10$J/WmC4JWR42JtTeMp0yBpuTGd.Kc9D6lHlOtisNcOLZloa9ekK/Ee');
INSERT IGNORE INTO `tblUtilisateur` (`Id`,`Courriel`,`MotDePasse`) VALUES (44,'Bouchard.Wiley@etu.cegepjonquiere.ca','$2y$10$J/WmC4JWR42JtTeMp0yBpuTGd.Kc9D6lHlOtisNcOLZloa9ekK/Ee');
INSERT IGNORE INTO `tblUtilisateur` (`Id`,`Courriel`,`MotDePasse`) VALUES (45,'Duchesne.Julissa@etu.cegepjonquiere.ca','$2y$10$J/WmC4JWR42JtTeMp0yBpuTGd.Kc9D6lHlOtisNcOLZloa9ekK/Ee');
INSERT IGNORE INTO `tblUtilisateur` (`Id`,`Courriel`,`MotDePasse`) VALUES (46,'Poirier.Nery@etu.cegepjonquiere.ca','$2y$10$J/WmC4JWR42JtTeMp0yBpuTGd.Kc9D6lHlOtisNcOLZloa9ekK/Ee');
INSERT IGNORE INTO `tblUtilisateur` (`Id`,`Courriel`,`MotDePasse`) VALUES (47,'Jean.Rena@etu.cegepjonquiere.ca','$2y$10$J/WmC4JWR42JtTeMp0yBpuTGd.Kc9D6lHlOtisNcOLZloa9ekK/Ee');
INSERT IGNORE INTO `tblUtilisateur` (`Id`,`Courriel`,`MotDePasse`) VALUES (48,'Gilbert.Olene@etu.cegepjonquiere.ca','$2y$10$J/WmC4JWR42JtTeMp0yBpuTGd.Kc9D6lHlOtisNcOLZloa9ekK/Ee');
INSERT IGNORE INTO `tblUtilisateur` (`Id`,`Courriel`,`MotDePasse`) VALUES (49,'Tremblay.Arlen@etu.cegepjonquiere.ca','$2y$10$J/WmC4JWR42JtTeMp0yBpuTGd.Kc9D6lHlOtisNcOLZloa9ekK/Ee');
INSERT IGNORE INTO `tblUtilisateur` (`Id`,`Courriel`,`MotDePasse`) VALUES (50,'Bouchard.Chassidy@etu.cegepjonquiere.ca','$2y$10$J/WmC4JWR42JtTeMp0yBpuTGd.Kc9D6lHlOtisNcOLZloa9ekK/Ee');
INSERT IGNORE INTO `tblUtilisateur` (`Id`,`Courriel`,`MotDePasse`) VALUES (51,'TheNoxiousGamer@gmail.com','$2y$10$J/WmC4JWR42JtTeMp0yBpuTGd.Kc9D6lHlOtisNcOLZloa9ekK/Ee');
INSERT IGNORE INTO `tblUtilisateur` (`Id`,`Courriel`,`MotDePasse`) VALUES (52,'Fancy@entreprise.com','$2y$10$J/WmC4JWR42JtTeMp0yBpuTGd.Kc9D6lHlOtisNcOLZloa9ekK/Ee');
INSERT IGNORE INTO `tblUtilisateur` (`Id`,`Courriel`,`MotDePasse`) VALUES (53,'Rude@entreprise.com','$2y$10$J/WmC4JWR42JtTeMp0yBpuTGd.Kc9D6lHlOtisNcOLZloa9ekK/Ee');
INSERT IGNORE INTO `tblUtilisateur` (`Id`,`Courriel`,`MotDePasse`) VALUES (54,'Sophisticated@entreprise.com','$2y$10$J/WmC4JWR42JtTeMp0yBpuTGd.Kc9D6lHlOtisNcOLZloa9ekK/Ee');
INSERT IGNORE INTO `tblUtilisateur` (`Id`,`Courriel`,`MotDePasse`) VALUES (55,'Plucky@entreprise.com','$2y$10$J/WmC4JWR42JtTeMp0yBpuTGd.Kc9D6lHlOtisNcOLZloa9ekK/Ee');
INSERT IGNORE INTO `tblUtilisateur` (`Id`,`Courriel`,`MotDePasse`) VALUES (56,'Rough@entreprise.com','$2y$10$J/WmC4JWR42JtTeMp0yBpuTGd.Kc9D6lHlOtisNcOLZloa9ekK/Ee');
INSERT IGNORE INTO `tblUtilisateur` (`Id`,`Courriel`,`MotDePasse`) VALUES (57,'Elated@entreprise.com','$2y$10$J/WmC4JWR42JtTeMp0yBpuTGd.Kc9D6lHlOtisNcOLZloa9ekK/Ee');
INSERT IGNORE INTO `tblUtilisateur` (`Id`,`Courriel`,`MotDePasse`) VALUES (58,'Rightful@entreprise.com','$2y$10$J/WmC4JWR42JtTeMp0yBpuTGd.Kc9D6lHlOtisNcOLZloa9ekK/Ee');
INSERT IGNORE INTO `tblUtilisateur` (`Id`,`Courriel`,`MotDePasse`) VALUES (59,'Humorous@entreprise.com','$2y$10$J/WmC4JWR42JtTeMp0yBpuTGd.Kc9D6lHlOtisNcOLZloa9ekK/Ee');
INSERT IGNORE INTO `tblUtilisateur` (`Id`,`Courriel`,`MotDePasse`) VALUES (60,'Cut@entreprise.com','$2y$10$J/WmC4JWR42JtTeMp0yBpuTGd.Kc9D6lHlOtisNcOLZloa9ekK/Ee');
INSERT IGNORE INTO `tblUtilisateur` (`Id`,`Courriel`,`MotDePasse`) VALUES (61,'Disgusting@entreprise.com','$2y$10$J/WmC4JWR42JtTeMp0yBpuTGd.Kc9D6lHlOtisNcOLZloa9ekK/Ee');
INSERT IGNORE INTO `tblUtilisateur` (`Id`,`Courriel`,`MotDePasse`) VALUES (62,'Shaggy@entreprise.com','$2y$10$J/WmC4JWR42JtTeMp0yBpuTGd.Kc9D6lHlOtisNcOLZloa9ekK/Ee');
INSERT IGNORE INTO `tblUtilisateur` (`Id`,`Courriel`,`MotDePasse`) VALUES (63,'Straight@entreprise.com','$2y$10$J/WmC4JWR42JtTeMp0yBpuTGd.Kc9D6lHlOtisNcOLZloa9ekK/Ee');
INSERT IGNORE INTO `tblUtilisateur` (`Id`,`Courriel`,`MotDePasse`) VALUES (64,'Pink@entreprise.com','$2y$10$J/WmC4JWR42JtTeMp0yBpuTGd.Kc9D6lHlOtisNcOLZloa9ekK/Ee');
INSERT IGNORE INTO `tblUtilisateur` (`Id`,`Courriel`,`MotDePasse`) VALUES (65,'Furtive@entreprise.com','$2y$10$J/WmC4JWR42JtTeMp0yBpuTGd.Kc9D6lHlOtisNcOLZloa9ekK/Ee');
INSERT IGNORE INTO `tblUtilisateur` (`Id`,`Courriel`,`MotDePasse`) VALUES (66,'Tasty@entreprise.com','$2y$10$J/WmC4JWR42JtTeMp0yBpuTGd.Kc9D6lHlOtisNcOLZloa9ekK/Ee');
INSERT IGNORE INTO `tblUtilisateur` (`Id`,`Courriel`,`MotDePasse`) VALUES (67,'Selective@entreprise.com','$2y$10$J/WmC4JWR42JtTeMp0yBpuTGd.Kc9D6lHlOtisNcOLZloa9ekK/Ee');
INSERT IGNORE INTO `tblUtilisateur` (`Id`,`Courriel`,`MotDePasse`) VALUES (68,'Grubby@entreprise.com','$2y$10$J/WmC4JWR42JtTeMp0yBpuTGd.Kc9D6lHlOtisNcOLZloa9ekK/Ee');
INSERT IGNORE INTO `tblUtilisateur` (`Id`,`Courriel`,`MotDePasse`) VALUES (69,'Cagey@entreprise.com','$2y$10$J/WmC4JWR42JtTeMp0yBpuTGd.Kc9D6lHlOtisNcOLZloa9ekK/Ee');
INSERT IGNORE INTO `tblUtilisateur` (`Id`,`Courriel`,`MotDePasse`) VALUES (70,'Aspiring@entreprise.com','$2y$10$J/WmC4JWR42JtTeMp0yBpuTGd.Kc9D6lHlOtisNcOLZloa9ekK/Ee');
INSERT IGNORE INTO `tblUtilisateur` (`Id`,`Courriel`,`MotDePasse`) VALUES (71,'Interesting@entreprise.com','$2y$10$J/WmC4JWR42JtTeMp0yBpuTGd.Kc9D6lHlOtisNcOLZloa9ekK/Ee');
INSERT IGNORE INTO `tblUtilisateur` (`Id`,`Courriel`,`MotDePasse`) VALUES (72,'Hurried@entreprise.com','$2y$10$J/WmC4JWR42JtTeMp0yBpuTGd.Kc9D6lHlOtisNcOLZloa9ekK/Ee');
INSERT IGNORE INTO `tblUtilisateur` (`Id`,`Courriel`,`MotDePasse`) VALUES (73,'Innocent@entreprise.com','$2y$10$J/WmC4JWR42JtTeMp0yBpuTGd.Kc9D6lHlOtisNcOLZloa9ekK/Ee');
INSERT IGNORE INTO `tblUtilisateur` (`Id`,`Courriel`,`MotDePasse`) VALUES (74,'Ugly@entreprise.com','$2y$10$J/WmC4JWR42JtTeMp0yBpuTGd.Kc9D6lHlOtisNcOLZloa9ekK/Ee');
INSERT IGNORE INTO `tblUtilisateur` (`Id`,`Courriel`,`MotDePasse`) VALUES (75,'Rambunctious@entreprise.com','$2y$10$J/WmC4JWR42JtTeMp0yBpuTGd.Kc9D6lHlOtisNcOLZloa9ekK/Ee');
INSERT IGNORE INTO `tblUtilisateur` (`Id`,`Courriel`,`MotDePasse`) VALUES (76,'Scary@entreprise.com','$2y$10$J/WmC4JWR42JtTeMp0yBpuTGd.Kc9D6lHlOtisNcOLZloa9ekK/Ee');
INSERT IGNORE INTO `tblUtilisateur` (`Id`,`Courriel`,`MotDePasse`) VALUES (77,'Icky@entreprise.com','$2y$10$J/WmC4JWR42JtTeMp0yBpuTGd.Kc9D6lHlOtisNcOLZloa9ekK/Ee');
INSERT IGNORE INTO `tblUtilisateur` (`Id`,`Courriel`,`MotDePasse`) VALUES (78,'Bite-sized@entreprise.com','$2y$10$J/WmC4JWR42JtTeMp0yBpuTGd.Kc9D6lHlOtisNcOLZloa9ekK/Ee');
INSERT IGNORE INTO `tblUtilisateur` (`Id`,`Courriel`,`MotDePasse`) VALUES (79,'Vulgar@entreprise.com','$2y$10$J/WmC4JWR42JtTeMp0yBpuTGd.Kc9D6lHlOtisNcOLZloa9ekK/Ee');
INSERT IGNORE INTO `tblUtilisateur` (`Id`,`Courriel`,`MotDePasse`) VALUES (80,'Cut@gmail.com','$2y$10$J/WmC4JWR42JtTeMp0yBpuTGd.Kc9D6lHlOtisNcOLZloa9ekK/Ee');
INSERT IGNORE INTO `tblUtilisateur` (`Id`,`Courriel`,`MotDePasse`) VALUES (81,'Disgusting@gmail.com','$2y$10$J/WmC4JWR42JtTeMp0yBpuTGd.Kc9D6lHlOtisNcOLZloa9ekK/Ee');
INSERT IGNORE INTO `tblUtilisateur` (`Id`,`Courriel`,`MotDePasse`) VALUES (82,'Shaggy@gmail.com','$2y$10$J/WmC4JWR42JtTeMp0yBpuTGd.Kc9D6lHlOtisNcOLZloa9ekK/Ee');
INSERT IGNORE INTO `tblUtilisateur` (`Id`,`Courriel`,`MotDePasse`) VALUES (83,'Straight@gmail.com','$2y$10$J/WmC4JWR42JtTeMp0yBpuTGd.Kc9D6lHlOtisNcOLZloa9ekK/Ee');
INSERT IGNORE INTO `tblUtilisateur` (`Id`,`Courriel`,`MotDePasse`) VALUES (84,'Pink@gmail.com','$2y$10$J/WmC4JWR42JtTeMp0yBpuTGd.Kc9D6lHlOtisNcOLZloa9ekK/Ee');
INSERT IGNORE INTO `tblUtilisateur` (`Id`,`Courriel`,`MotDePasse`) VALUES (85,'Furtive@gmail.com','$2y$10$J/WmC4JWR42JtTeMp0yBpuTGd.Kc9D6lHlOtisNcOLZloa9ekK/Ee');
INSERT IGNORE INTO `tblUtilisateur` (`Id`,`Courriel`,`MotDePasse`) VALUES (86,'Tasty@gmail.com','$2y$10$J/WmC4JWR42JtTeMp0yBpuTGd.Kc9D6lHlOtisNcOLZloa9ekK/Ee');
INSERT IGNORE INTO `tblUtilisateur` (`Id`,`Courriel`,`MotDePasse`) VALUES (87,'Selective@gmail.com','$2y$10$J/WmC4JWR42JtTeMp0yBpuTGd.Kc9D6lHlOtisNcOLZloa9ekK/Ee');
INSERT IGNORE INTO `tblUtilisateur` (`Id`,`Courriel`,`MotDePasse`) VALUES (88,'Grubby@gmail.com','$2y$10$J/WmC4JWR42JtTeMp0yBpuTGd.Kc9D6lHlOtisNcOLZloa9ekK/Ee');
INSERT IGNORE INTO `tblUtilisateur` (`Id`,`Courriel`,`MotDePasse`) VALUES (89,'Cagey@gmail.com','$2y$10$J/WmC4JWR42JtTeMp0yBpuTGd.Kc9D6lHlOtisNcOLZloa9ekK/Ee');
INSERT IGNORE INTO `tblUtilisateur` (`Id`,`Courriel`,`MotDePasse`) VALUES (90,'Aspiring@gmail.com','$2y$10$J/WmC4JWR42JtTeMp0yBpuTGd.Kc9D6lHlOtisNcOLZloa9ekK/Ee');
INSERT IGNORE INTO `tblUtilisateur` (`Id`,`Courriel`,`MotDePasse`) VALUES (91,'Interesting@gmail.com','$2y$10$J/WmC4JWR42JtTeMp0yBpuTGd.Kc9D6lHlOtisNcOLZloa9ekK/Ee');
INSERT IGNORE INTO `tblUtilisateur` (`Id`,`Courriel`,`MotDePasse`) VALUES (92,'Hurried@gmail.com','$2y$10$J/WmC4JWR42JtTeMp0yBpuTGd.Kc9D6lHlOtisNcOLZloa9ekK/Ee');
INSERT IGNORE INTO `tblUtilisateur` (`Id`,`Courriel`,`MotDePasse`) VALUES (93,'Innocent@gmail.com','$2y$10$J/WmC4JWR42JtTeMp0yBpuTGd.Kc9D6lHlOtisNcOLZloa9ekK/Ee');
INSERT IGNORE INTO `tblUtilisateur` (`Id`,`Courriel`,`MotDePasse`) VALUES (94,'Ugly@gmail.com','$2y$10$J/WmC4JWR42JtTeMp0yBpuTGd.Kc9D6lHlOtisNcOLZloa9ekK/Ee');
INSERT IGNORE INTO `tblUtilisateur` (`Id`,`Courriel`,`MotDePasse`) VALUES (95,'Rambunctious@gmail.com','$2y$10$J/WmC4JWR42JtTeMp0yBpuTGd.Kc9D6lHlOtisNcOLZloa9ekK/Ee');
INSERT IGNORE INTO `tblUtilisateur` (`Id`,`Courriel`,`MotDePasse`) VALUES (96,'Scary@gmail.com','$2y$10$J/WmC4JWR42JtTeMp0yBpuTGd.Kc9D6lHlOtisNcOLZloa9ekK/Ee');
INSERT IGNORE INTO `tblUtilisateur` (`Id`,`Courriel`,`MotDePasse`) VALUES (97,'Icky@gmail.com','$2y$10$J/WmC4JWR42JtTeMp0yBpuTGd.Kc9D6lHlOtisNcOLZloa9ekK/Ee');
INSERT IGNORE INTO `tblUtilisateur` (`Id`,`Courriel`,`MotDePasse`) VALUES (98,'Bite-sized@gmail.com','$2y$10$J/WmC4JWR42JtTeMp0yBpuTGd.Kc9D6lHlOtisNcOLZloa9ekK/Ee');
INSERT IGNORE INTO `tblUtilisateur` (`Id`,`Courriel`,`MotDePasse`) VALUES (99,'Hard@gmail.com','$2y$10$J/WmC4JWR42JtTeMp0yBpuTGd.Kc9D6lHlOtisNcOLZloa9ekK/Ee');
INSERT IGNORE INTO `tblUtilisateur` (`Id`,`Courriel`,`MotDePasse`) VALUES (100,'tremblay.Ernie@Hotmail.ca','$2y$10$J/WmC4JWR42JtTeMp0yBpuTGd.Kc9D6lHlOtisNcOLZloa9ekK/Ee');
INSERT IGNORE INTO `tblUtilisateur` (`Id`,`Courriel`,`MotDePasse`) VALUES (101,'Beautiful@entreprise.com','$2y$10$J/WmC4JWR42JtTeMp0yBpuTGd.Kc9D6lHlOtisNcOLZloa9ekK/Ee');
INSERT IGNORE INTO `tblUtilisateur` (`Id`,`Courriel`,`MotDePasse`) VALUES (102,'Irate@entreprise.com','$2y$10$J/WmC4JWR42JtTeMp0yBpuTGd.Kc9D6lHlOtisNcOLZloa9ekK/Ee');
INSERT IGNORE INTO `tblUtilisateur` (`Id`,`Courriel`,`MotDePasse`) VALUES (103,'Puzzling@entreprise.com','$2y$10$J/WmC4JWR42JtTeMp0yBpuTGd.Kc9D6lHlOtisNcOLZloa9ekK/Ee');
INSERT IGNORE INTO `tblUtilisateur` (`Id`,`Courriel`,`MotDePasse`) VALUES (104,'Burly@entreprise.com','$2y$10$J/WmC4JWR42JtTeMp0yBpuTGd.Kc9D6lHlOtisNcOLZloa9ekK/Ee');
INSERT IGNORE INTO `tblUtilisateur` (`Id`,`Courriel`,`MotDePasse`) VALUES (105,'Infamous@entreprise.com','$2y$10$J/WmC4JWR42JtTeMp0yBpuTGd.Kc9D6lHlOtisNcOLZloa9ekK/Ee');
INSERT IGNORE INTO `tblUtilisateur` (`Id`,`Courriel`,`MotDePasse`) VALUES (106,'Noisy@entreprise.com','$2y$10$J/WmC4JWR42JtTeMp0yBpuTGd.Kc9D6lHlOtisNcOLZloa9ekK/Ee');
INSERT IGNORE INTO `tblUtilisateur` (`Id`,`Courriel`,`MotDePasse`) VALUES (107,'Careful@entreprise.com','$2y$10$J/WmC4JWR42JtTeMp0yBpuTGd.Kc9D6lHlOtisNcOLZloa9ekK/Ee');
INSERT IGNORE INTO `tblUtilisateur` (`Id`,`Courriel`,`MotDePasse`) VALUES (108,'Slim@entreprise.com','$2y$10$J/WmC4JWR42JtTeMp0yBpuTGd.Kc9D6lHlOtisNcOLZloa9ekK/Ee');
INSERT IGNORE INTO `tblUtilisateur` (`Id`,`Courriel`,`MotDePasse`) VALUES (109,'Grotesque@entreprise.com','$2y$10$J/WmC4JWR42JtTeMp0yBpuTGd.Kc9D6lHlOtisNcOLZloa9ekK/Ee');
INSERT IGNORE INTO `tblUtilisateur` (`Id`,`Courriel`,`MotDePasse`) VALUES (110,'Secret@entreprise.com','$2y$10$J/WmC4JWR42JtTeMp0yBpuTGd.Kc9D6lHlOtisNcOLZloa9ekK/Ee');
INSERT IGNORE INTO `tblUtilisateur` (`Id`,`Courriel`,`MotDePasse`) VALUES (111,'Free@entreprise.com','$2y$10$J/WmC4JWR42JtTeMp0yBpuTGd.Kc9D6lHlOtisNcOLZloa9ekK/Ee');
INSERT IGNORE INTO `tblUtilisateur` (`Id`,`Courriel`,`MotDePasse`) VALUES (112,'Afraid@entreprise.com','$2y$10$J/WmC4JWR42JtTeMp0yBpuTGd.Kc9D6lHlOtisNcOLZloa9ekK/Ee');
INSERT IGNORE INTO `tblUtilisateur` (`Id`,`Courriel`,`MotDePasse`) VALUES (113,'FlashyMystere@gmail.com','$2y$10$J/WmC4JWR42JtTeMp0yBpuTGd.Kc9D6lHlOtisNcOLZloa9ekK/Ee');
INSERT IGNORE INTO `tblUtilisateur` (`Id`,`Courriel`,`MotDePasse`) VALUES (114,'ZanyMystere@gmail.com','$2y$10$J/WmC4JWR42JtTeMp0yBpuTGd.Kc9D6lHlOtisNcOLZloa9ekK/Ee');
INSERT IGNORE INTO `tblUtilisateur` (`Id`,`Courriel`,`MotDePasse`) VALUES (115,'ModernMystere@gmail.com','$2y$10$J/WmC4JWR42JtTeMp0yBpuTGd.Kc9D6lHlOtisNcOLZloa9ekK/Ee');
INSERT IGNORE INTO `tblUtilisateur` (`Id`,`Courriel`,`MotDePasse`) VALUES (116,'NiceMystere@gmail.com','$2y$10$J/WmC4JWR42JtTeMp0yBpuTGd.Kc9D6lHlOtisNcOLZloa9ekK/Ee');
INSERT IGNORE INTO `tblUtilisateur` (`Id`,`Courriel`,`MotDePasse`) VALUES (117,'MeaslyMystere@gmail.com','$2y$10$J/WmC4JWR42JtTeMp0yBpuTGd.Kc9D6lHlOtisNcOLZloa9ekK/Ee');
INSERT IGNORE INTO `tblUtilisateur` (`Id`,`Courriel`,`MotDePasse`) VALUES (118,'AwakeMystere@gmail.com','$2y$10$J/WmC4JWR42JtTeMp0yBpuTGd.Kc9D6lHlOtisNcOLZloa9ekK/Ee');
INSERT IGNORE INTO `tblUtilisateur` (`Id`,`Courriel`,`MotDePasse`) VALUES (119,'CuteMystere@gmail.com','$2y$10$J/WmC4JWR42JtTeMp0yBpuTGd.Kc9D6lHlOtisNcOLZloa9ekK/Ee');
INSERT IGNORE INTO `tblUtilisateur` (`Id`,`Courriel`,`MotDePasse`) VALUES (120,'TangibleMystere@gmail.com','$2y$10$J/WmC4JWR42JtTeMp0yBpuTGd.Kc9D6lHlOtisNcOLZloa9ekK/Ee');
INSERT IGNORE INTO `tblUtilisateur` (`Id`,`Courriel`,`MotDePasse`) VALUES (121,'Jean.sioud@cegepJonquiere.ca','$2y$10$J/WmC4JWR42JtTeMp0yBpuTGd.Kc9D6lHlOtisNcOLZloa9ekK/Ee');
INSERT IGNORE INTO `tblUtilisateur` (`Id`,`Courriel`,`MotDePasse`) VALUES (122,'Hong.tremblay@cegepJonquiere.ca','$2y$10$J/WmC4JWR42JtTeMp0yBpuTGd.Kc9D6lHlOtisNcOLZloa9ekK/Ee');
INSERT IGNORE INTO `tblUtilisateur` (`Id`,`Courriel`,`MotDePasse`) VALUES (123,'Jame.bouchard@cegepJonquiere.ca','$2y$10$J/WmC4JWR42JtTeMp0yBpuTGd.Kc9D6lHlOtisNcOLZloa9ekK/Ee');
INSERT IGNORE INTO `tblUtilisateur` (`Id`,`Courriel`,`MotDePasse`) VALUES (124,'Hugo.poirier@cegepJonquiere.ca','$2y$10$J/WmC4JWR42JtTeMp0yBpuTGd.Kc9D6lHlOtisNcOLZloa9ekK/Ee');
INSERT IGNORE INTO `tblUtilisateur` (`Id`,`Courriel`,`MotDePasse`) VALUES (125,'Vito.sioud@cegepJonquiere.ca','$2y$10$J/WmC4JWR42JtTeMp0yBpuTGd.Kc9D6lHlOtisNcOLZloa9ekK/Ee');
INSERT IGNORE INTO `tblUtilisateur` (`Id`,`Courriel`,`MotDePasse`) VALUES (126,'Eldridge.tremblay@cegepJonquiere.ca','$2y$10$J/WmC4JWR42JtTeMp0yBpuTGd.Kc9D6lHlOtisNcOLZloa9ekK/Ee');
INSERT IGNORE INTO `tblUtilisateur` (`Id`,`Courriel`,`MotDePasse`) VALUES (127,'Agustin.bouchard@cegepJonquiere.ca','$2y$10$J/WmC4JWR42JtTeMp0yBpuTGd.Kc9D6lHlOtisNcOLZloa9ekK/Ee');
INSERT IGNORE INTO `tblUtilisateur` (`Id`,`Courriel`,`MotDePasse`) VALUES (128,'Sonny.poirier@cegepJonquiere.ca','$2y$10$J/WmC4JWR42JtTeMp0yBpuTGd.Kc9D6lHlOtisNcOLZloa9ekK/Ee');
INSERT IGNORE INTO `tblUtilisateur` (`Id`,`Courriel`,`MotDePasse`) VALUES (129,'Ward.sioud@cegepJonquiere.ca','$2y$10$J/WmC4JWR42JtTeMp0yBpuTGd.Kc9D6lHlOtisNcOLZloa9ekK/Ee');
INSERT IGNORE INTO `tblUtilisateur` (`Id`,`Courriel`,`MotDePasse`) VALUES (130,'Grant.tremblay@cegepJonquiere.ca','$2y$10$J/WmC4JWR42JtTeMp0yBpuTGd.Kc9D6lHlOtisNcOLZloa9ekK/Ee');
INSERT IGNORE INTO `tblUtilisateur` (`Id`,`Courriel`,`MotDePasse`) VALUES (131,'Dana.bouchard@cegepJonquiere.ca','$2y$10$J/WmC4JWR42JtTeMp0yBpuTGd.Kc9D6lHlOtisNcOLZloa9ekK/Ee');
INSERT IGNORE INTO `tblUtilisateur` (`Id`,`Courriel`,`MotDePasse`) VALUES (132,'Larry.poirier@cegepJonquiere.ca','$2y$10$J/WmC4JWR42JtTeMp0yBpuTGd.Kc9D6lHlOtisNcOLZloa9ekK/Ee');
INSERT IGNORE INTO `tblUtilisateur` (`Id`,`Courriel`,`MotDePasse`) VALUES (133,'Stefan.sioud@cegepJonquiere.ca','$2y$10$J/WmC4JWR42JtTeMp0yBpuTGd.Kc9D6lHlOtisNcOLZloa9ekK/Ee');
INSERT IGNORE INTO `tblUtilisateur` (`Id`,`Courriel`,`MotDePasse`) VALUES (134,'Marcel.tremblay@cegepJonquiere.ca','$2y$10$J/WmC4JWR42JtTeMp0yBpuTGd.Kc9D6lHlOtisNcOLZloa9ekK/Ee');
INSERT IGNORE INTO `tblUtilisateur` (`Id`,`Courriel`,`MotDePasse`) VALUES (135,'Manual.bouchard@cegepJonquiere.ca','$2y$10$J/WmC4JWR42JtTeMp0yBpuTGd.Kc9D6lHlOtisNcOLZloa9ekK/Ee');
INSERT IGNORE INTO `tblUtilisateur` (`Id`,`Courriel`,`MotDePasse`) VALUES (136,'tremblay.Hong@Hotmail.ca','$2y$10$J/WmC4JWR42JtTeMp0yBpuTGd.Kc9D6lHlOtisNcOLZloa9ekK/Ee');
INSERT IGNORE INTO `tblUtilisateur` (`Id`,`Courriel`,`MotDePasse`) VALUES (137,'bouchard.Jame@Hotmail.ca','$2y$10$J/WmC4JWR42JtTeMp0yBpuTGd.Kc9D6lHlOtisNcOLZloa9ekK/Ee');
INSERT IGNORE INTO `tblUtilisateur` (`Id`,`Courriel`,`MotDePasse`) VALUES (138,'poirier.Hugo@Hotmail.ca','$2y$10$J/WmC4JWR42JtTeMp0yBpuTGd.Kc9D6lHlOtisNcOLZloa9ekK/Ee');
INSERT IGNORE INTO `tblUtilisateur` (`Id`,`Courriel`,`MotDePasse`) VALUES (139,'sioud.Vito@Hotmail.ca','$2y$10$J/WmC4JWR42JtTeMp0yBpuTGd.Kc9D6lHlOtisNcOLZloa9ekK/Ee');
INSERT IGNORE INTO `tblUtilisateur` (`Id`,`Courriel`,`MotDePasse`) VALUES (140,'tremblay.Eldridge@Hotmail.ca','$2y$10$J/WmC4JWR42JtTeMp0yBpuTGd.Kc9D6lHlOtisNcOLZloa9ekK/Ee');
INSERT IGNORE INTO `tblUtilisateur` (`Id`,`Courriel`,`MotDePasse`) VALUES (141,'bouchard.Agustin@Hotmail.ca','$2y$10$J/WmC4JWR42JtTeMp0yBpuTGd.Kc9D6lHlOtisNcOLZloa9ekK/Ee');
INSERT IGNORE INTO `tblUtilisateur` (`Id`,`Courriel`,`MotDePasse`) VALUES (142,'poirier.Sonny@Hotmail.ca','$2y$10$J/WmC4JWR42JtTeMp0yBpuTGd.Kc9D6lHlOtisNcOLZloa9ekK/Ee');
INSERT IGNORE INTO `tblUtilisateur` (`Id`,`Courriel`,`MotDePasse`) VALUES (143,'sioud.Ward@Hotmail.ca','$2y$10$J/WmC4JWR42JtTeMp0yBpuTGd.Kc9D6lHlOtisNcOLZloa9ekK/Ee');
INSERT IGNORE INTO `tblUtilisateur` (`Id`,`Courriel`,`MotDePasse`) VALUES (144,'tremblay.Grant@Hotmail.ca','$2y$10$J/WmC4JWR42JtTeMp0yBpuTGd.Kc9D6lHlOtisNcOLZloa9ekK/Ee');
INSERT IGNORE INTO `tblUtilisateur` (`Id`,`Courriel`,`MotDePasse`) VALUES (145,'bouchard.Dana@Hotmail.ca','$2y$10$J/WmC4JWR42JtTeMp0yBpuTGd.Kc9D6lHlOtisNcOLZloa9ekK/Ee');
INSERT IGNORE INTO `tblUtilisateur` (`Id`,`Courriel`,`MotDePasse`) VALUES (146,'poirier.Larry@Hotmail.ca','$2y$10$J/WmC4JWR42JtTeMp0yBpuTGd.Kc9D6lHlOtisNcOLZloa9ekK/Ee');
INSERT IGNORE INTO `tblUtilisateur` (`Id`,`Courriel`,`MotDePasse`) VALUES (147,'sioud.Stefan@Hotmail.ca','$2y$10$J/WmC4JWR42JtTeMp0yBpuTGd.Kc9D6lHlOtisNcOLZloa9ekK/Ee');
INSERT IGNORE INTO `tblUtilisateur` (`Id`,`Courriel`,`MotDePasse`) VALUES (148,'tremblay.Marcel@Hotmail.ca','$2y$10$J/WmC4JWR42JtTeMp0yBpuTGd.Kc9D6lHlOtisNcOLZloa9ekK/Ee');
INSERT IGNORE INTO `tblUtilisateur` (`Id`,`Courriel`,`MotDePasse`) VALUES (149,'bouchard.Manual@Hotmail.ca','$2y$10$J/WmC4JWR42JtTeMp0yBpuTGd.Kc9D6lHlOtisNcOLZloa9ekK/Ee');

INSERT IGNORE INTO `tblUtilisateurRole` (`IdUtilisateur`,`IdRole`) VALUES (1,5);
INSERT IGNORE INTO `tblUtilisateurRole` (`IdUtilisateur`,`IdRole`) VALUES (2,5);
INSERT IGNORE INTO `tblUtilisateurRole` (`IdUtilisateur`,`IdRole`) VALUES (3,5);
INSERT IGNORE INTO `tblUtilisateurRole` (`IdUtilisateur`,`IdRole`) VALUES (4,5);
INSERT IGNORE INTO `tblUtilisateurRole` (`IdUtilisateur`,`IdRole`) VALUES (5,5);
INSERT IGNORE INTO `tblUtilisateurRole` (`IdUtilisateur`,`IdRole`) VALUES (6,5);
INSERT IGNORE INTO `tblUtilisateurRole` (`IdUtilisateur`,`IdRole`) VALUES (7,5);
INSERT IGNORE INTO `tblUtilisateurRole` (`IdUtilisateur`,`IdRole`) VALUES (8,5);
INSERT IGNORE INTO `tblUtilisateurRole` (`IdUtilisateur`,`IdRole`) VALUES (9,5);
INSERT IGNORE INTO `tblUtilisateurRole` (`IdUtilisateur`,`IdRole`) VALUES (10,5);
INSERT IGNORE INTO `tblUtilisateurRole` (`IdUtilisateur`,`IdRole`) VALUES (11,5);
INSERT IGNORE INTO `tblUtilisateurRole` (`IdUtilisateur`,`IdRole`) VALUES (12,5);
INSERT IGNORE INTO `tblUtilisateurRole` (`IdUtilisateur`,`IdRole`) VALUES (13,5);
INSERT IGNORE INTO `tblUtilisateurRole` (`IdUtilisateur`,`IdRole`) VALUES (14,5);
INSERT IGNORE INTO `tblUtilisateurRole` (`IdUtilisateur`,`IdRole`) VALUES (15,5);
INSERT IGNORE INTO `tblUtilisateurRole` (`IdUtilisateur`,`IdRole`) VALUES (16,5);
INSERT IGNORE INTO `tblUtilisateurRole` (`IdUtilisateur`,`IdRole`) VALUES (17,5);
INSERT IGNORE INTO `tblUtilisateurRole` (`IdUtilisateur`,`IdRole`) VALUES (18,5);
INSERT IGNORE INTO `tblUtilisateurRole` (`IdUtilisateur`,`IdRole`) VALUES (19,5);
INSERT IGNORE INTO `tblUtilisateurRole` (`IdUtilisateur`,`IdRole`) VALUES (20,5);
INSERT IGNORE INTO `tblUtilisateurRole` (`IdUtilisateur`,`IdRole`) VALUES (21,5);
INSERT IGNORE INTO `tblUtilisateurRole` (`IdUtilisateur`,`IdRole`) VALUES (22,5);
INSERT IGNORE INTO `tblUtilisateurRole` (`IdUtilisateur`,`IdRole`) VALUES (23,5);
INSERT IGNORE INTO `tblUtilisateurRole` (`IdUtilisateur`,`IdRole`) VALUES (24,5);
INSERT IGNORE INTO `tblUtilisateurRole` (`IdUtilisateur`,`IdRole`) VALUES (25,5);
INSERT IGNORE INTO `tblUtilisateurRole` (`IdUtilisateur`,`IdRole`) VALUES (26,5);
INSERT IGNORE INTO `tblUtilisateurRole` (`IdUtilisateur`,`IdRole`) VALUES (27,5);
INSERT IGNORE INTO `tblUtilisateurRole` (`IdUtilisateur`,`IdRole`) VALUES (28,5);
INSERT IGNORE INTO `tblUtilisateurRole` (`IdUtilisateur`,`IdRole`) VALUES (29,5);
INSERT IGNORE INTO `tblUtilisateurRole` (`IdUtilisateur`,`IdRole`) VALUES (30,5);
INSERT IGNORE INTO `tblUtilisateurRole` (`IdUtilisateur`,`IdRole`) VALUES (31,5);
INSERT IGNORE INTO `tblUtilisateurRole` (`IdUtilisateur`,`IdRole`) VALUES (32,5);
INSERT IGNORE INTO `tblUtilisateurRole` (`IdUtilisateur`,`IdRole`) VALUES (33,5);
INSERT IGNORE INTO `tblUtilisateurRole` (`IdUtilisateur`,`IdRole`) VALUES (34,5);
INSERT IGNORE INTO `tblUtilisateurRole` (`IdUtilisateur`,`IdRole`) VALUES (35,5);
INSERT IGNORE INTO `tblUtilisateurRole` (`IdUtilisateur`,`IdRole`) VALUES (36,5);
INSERT IGNORE INTO `tblUtilisateurRole` (`IdUtilisateur`,`IdRole`) VALUES (37,5);
INSERT IGNORE INTO `tblUtilisateurRole` (`IdUtilisateur`,`IdRole`) VALUES (38,5);
INSERT IGNORE INTO `tblUtilisateurRole` (`IdUtilisateur`,`IdRole`) VALUES (39,5);
INSERT IGNORE INTO `tblUtilisateurRole` (`IdUtilisateur`,`IdRole`) VALUES (40,5);
INSERT IGNORE INTO `tblUtilisateurRole` (`IdUtilisateur`,`IdRole`) VALUES (41,5);
INSERT IGNORE INTO `tblUtilisateurRole` (`IdUtilisateur`,`IdRole`) VALUES (42,5);
INSERT IGNORE INTO `tblUtilisateurRole` (`IdUtilisateur`,`IdRole`) VALUES (43,5);
INSERT IGNORE INTO `tblUtilisateurRole` (`IdUtilisateur`,`IdRole`) VALUES (44,5);
INSERT IGNORE INTO `tblUtilisateurRole` (`IdUtilisateur`,`IdRole`) VALUES (45,5);
INSERT IGNORE INTO `tblUtilisateurRole` (`IdUtilisateur`,`IdRole`) VALUES (46,5);
INSERT IGNORE INTO `tblUtilisateurRole` (`IdUtilisateur`,`IdRole`) VALUES (47,5);
INSERT IGNORE INTO `tblUtilisateurRole` (`IdUtilisateur`,`IdRole`) VALUES (48,5);
INSERT IGNORE INTO `tblUtilisateurRole` (`IdUtilisateur`,`IdRole`) VALUES (49,5);
INSERT IGNORE INTO `tblUtilisateurRole` (`IdUtilisateur`,`IdRole`) VALUES (50,5);
INSERT IGNORE INTO `tblUtilisateurRole` (`IdUtilisateur`,`IdRole`) VALUES (51,4);
INSERT IGNORE INTO `tblUtilisateurRole` (`IdUtilisateur`,`IdRole`) VALUES (52,4);
INSERT IGNORE INTO `tblUtilisateurRole` (`IdUtilisateur`,`IdRole`) VALUES (53,4);
INSERT IGNORE INTO `tblUtilisateurRole` (`IdUtilisateur`,`IdRole`) VALUES (54,4);
INSERT IGNORE INTO `tblUtilisateurRole` (`IdUtilisateur`,`IdRole`) VALUES (55,4);
INSERT IGNORE INTO `tblUtilisateurRole` (`IdUtilisateur`,`IdRole`) VALUES (56,4);
INSERT IGNORE INTO `tblUtilisateurRole` (`IdUtilisateur`,`IdRole`) VALUES (57,4);
INSERT IGNORE INTO `tblUtilisateurRole` (`IdUtilisateur`,`IdRole`) VALUES (58,4);
INSERT IGNORE INTO `tblUtilisateurRole` (`IdUtilisateur`,`IdRole`) VALUES (59,4);
INSERT IGNORE INTO `tblUtilisateurRole` (`IdUtilisateur`,`IdRole`) VALUES (60,4);
INSERT IGNORE INTO `tblUtilisateurRole` (`IdUtilisateur`,`IdRole`) VALUES (61,4);
INSERT IGNORE INTO `tblUtilisateurRole` (`IdUtilisateur`,`IdRole`) VALUES (62,4);
INSERT IGNORE INTO `tblUtilisateurRole` (`IdUtilisateur`,`IdRole`) VALUES (63,4);
INSERT IGNORE INTO `tblUtilisateurRole` (`IdUtilisateur`,`IdRole`) VALUES (64,4);
INSERT IGNORE INTO `tblUtilisateurRole` (`IdUtilisateur`,`IdRole`) VALUES (65,4);
INSERT IGNORE INTO `tblUtilisateurRole` (`IdUtilisateur`,`IdRole`) VALUES (66,4);
INSERT IGNORE INTO `tblUtilisateurRole` (`IdUtilisateur`,`IdRole`) VALUES (67,4);
INSERT IGNORE INTO `tblUtilisateurRole` (`IdUtilisateur`,`IdRole`) VALUES (68,4);
INSERT IGNORE INTO `tblUtilisateurRole` (`IdUtilisateur`,`IdRole`) VALUES (69,4);
INSERT IGNORE INTO `tblUtilisateurRole` (`IdUtilisateur`,`IdRole`) VALUES (70,4);
INSERT IGNORE INTO `tblUtilisateurRole` (`IdUtilisateur`,`IdRole`) VALUES (71,4);
INSERT IGNORE INTO `tblUtilisateurRole` (`IdUtilisateur`,`IdRole`) VALUES (72,4);
INSERT IGNORE INTO `tblUtilisateurRole` (`IdUtilisateur`,`IdRole`) VALUES (73,4);
INSERT IGNORE INTO `tblUtilisateurRole` (`IdUtilisateur`,`IdRole`) VALUES (74,4);
INSERT IGNORE INTO `tblUtilisateurRole` (`IdUtilisateur`,`IdRole`) VALUES (75,4);
INSERT IGNORE INTO `tblUtilisateurRole` (`IdUtilisateur`,`IdRole`) VALUES (76,4);
INSERT IGNORE INTO `tblUtilisateurRole` (`IdUtilisateur`,`IdRole`) VALUES (77,4);
INSERT IGNORE INTO `tblUtilisateurRole` (`IdUtilisateur`,`IdRole`) VALUES (78,4);
INSERT IGNORE INTO `tblUtilisateurRole` (`IdUtilisateur`,`IdRole`) VALUES (79,4);
INSERT IGNORE INTO `tblUtilisateurRole` (`IdUtilisateur`,`IdRole`) VALUES (80,4);
INSERT IGNORE INTO `tblUtilisateurRole` (`IdUtilisateur`,`IdRole`) VALUES (81,4);
INSERT IGNORE INTO `tblUtilisateurRole` (`IdUtilisateur`,`IdRole`) VALUES (82,4);
INSERT IGNORE INTO `tblUtilisateurRole` (`IdUtilisateur`,`IdRole`) VALUES (83,4);
INSERT IGNORE INTO `tblUtilisateurRole` (`IdUtilisateur`,`IdRole`) VALUES (84,4);
INSERT IGNORE INTO `tblUtilisateurRole` (`IdUtilisateur`,`IdRole`) VALUES (85,4);
INSERT IGNORE INTO `tblUtilisateurRole` (`IdUtilisateur`,`IdRole`) VALUES (86,4);
INSERT IGNORE INTO `tblUtilisateurRole` (`IdUtilisateur`,`IdRole`) VALUES (87,4);
INSERT IGNORE INTO `tblUtilisateurRole` (`IdUtilisateur`,`IdRole`) VALUES (88,4);
INSERT IGNORE INTO `tblUtilisateurRole` (`IdUtilisateur`,`IdRole`) VALUES (89,4);
INSERT IGNORE INTO `tblUtilisateurRole` (`IdUtilisateur`,`IdRole`) VALUES (90,4);
INSERT IGNORE INTO `tblUtilisateurRole` (`IdUtilisateur`,`IdRole`) VALUES (91,4);
INSERT IGNORE INTO `tblUtilisateurRole` (`IdUtilisateur`,`IdRole`) VALUES (92,4);
INSERT IGNORE INTO `tblUtilisateurRole` (`IdUtilisateur`,`IdRole`) VALUES (93,4);
INSERT IGNORE INTO `tblUtilisateurRole` (`IdUtilisateur`,`IdRole`) VALUES (94,4);
INSERT IGNORE INTO `tblUtilisateurRole` (`IdUtilisateur`,`IdRole`) VALUES (95,4);
INSERT IGNORE INTO `tblUtilisateurRole` (`IdUtilisateur`,`IdRole`) VALUES (96,4);
INSERT IGNORE INTO `tblUtilisateurRole` (`IdUtilisateur`,`IdRole`) VALUES (97,4);
INSERT IGNORE INTO `tblUtilisateurRole` (`IdUtilisateur`,`IdRole`) VALUES (98,4);
INSERT IGNORE INTO `tblUtilisateurRole` (`IdUtilisateur`,`IdRole`) VALUES (99,4);
INSERT IGNORE INTO `tblUtilisateurRole` (`IdUtilisateur`,`IdRole`) VALUES (100,4);
INSERT IGNORE INTO `tblUtilisateurRole` (`IdUtilisateur`,`IdRole`) VALUES (101,2);
INSERT IGNORE INTO `tblUtilisateurRole` (`IdUtilisateur`,`IdRole`) VALUES (102,2);
INSERT IGNORE INTO `tblUtilisateurRole` (`IdUtilisateur`,`IdRole`) VALUES (103,2);
INSERT IGNORE INTO `tblUtilisateurRole` (`IdUtilisateur`,`IdRole`) VALUES (104,2);
INSERT IGNORE INTO `tblUtilisateurRole` (`IdUtilisateur`,`IdRole`) VALUES (105,2);
INSERT IGNORE INTO `tblUtilisateurRole` (`IdUtilisateur`,`IdRole`) VALUES (106,2);
INSERT IGNORE INTO `tblUtilisateurRole` (`IdUtilisateur`,`IdRole`) VALUES (107,2);
INSERT IGNORE INTO `tblUtilisateurRole` (`IdUtilisateur`,`IdRole`) VALUES (108,2);
INSERT IGNORE INTO `tblUtilisateurRole` (`IdUtilisateur`,`IdRole`) VALUES (109,2);
INSERT IGNORE INTO `tblUtilisateurRole` (`IdUtilisateur`,`IdRole`) VALUES (110,2);
INSERT IGNORE INTO `tblUtilisateurRole` (`IdUtilisateur`,`IdRole`) VALUES (111,2);
INSERT IGNORE INTO `tblUtilisateurRole` (`IdUtilisateur`,`IdRole`) VALUES (112,2);
INSERT IGNORE INTO `tblUtilisateurRole` (`IdUtilisateur`,`IdRole`) VALUES (113,2);
INSERT IGNORE INTO `tblUtilisateurRole` (`IdUtilisateur`,`IdRole`) VALUES (114,2);
INSERT IGNORE INTO `tblUtilisateurRole` (`IdUtilisateur`,`IdRole`) VALUES (115,2);
INSERT IGNORE INTO `tblUtilisateurRole` (`IdUtilisateur`,`IdRole`) VALUES (116,2);
INSERT IGNORE INTO `tblUtilisateurRole` (`IdUtilisateur`,`IdRole`) VALUES (117,2);
INSERT IGNORE INTO `tblUtilisateurRole` (`IdUtilisateur`,`IdRole`) VALUES (118,2);
INSERT IGNORE INTO `tblUtilisateurRole` (`IdUtilisateur`,`IdRole`) VALUES (119,2);
INSERT IGNORE INTO `tblUtilisateurRole` (`IdUtilisateur`,`IdRole`) VALUES (120,2);
INSERT IGNORE INTO `tblUtilisateurRole` (`IdUtilisateur`,`IdRole`) VALUES (121,1);
INSERT IGNORE INTO `tblUtilisateurRole` (`IdUtilisateur`,`IdRole`) VALUES (122,1);
INSERT IGNORE INTO `tblUtilisateurRole` (`IdUtilisateur`,`IdRole`) VALUES (123,1);
INSERT IGNORE INTO `tblUtilisateurRole` (`IdUtilisateur`,`IdRole`) VALUES (124,1);
INSERT IGNORE INTO `tblUtilisateurRole` (`IdUtilisateur`,`IdRole`) VALUES (125,1);
INSERT IGNORE INTO `tblUtilisateurRole` (`IdUtilisateur`,`IdRole`) VALUES (126,1);
INSERT IGNORE INTO `tblUtilisateurRole` (`IdUtilisateur`,`IdRole`) VALUES (127,1);
INSERT IGNORE INTO `tblUtilisateurRole` (`IdUtilisateur`,`IdRole`) VALUES (128,1);
INSERT IGNORE INTO `tblUtilisateurRole` (`IdUtilisateur`,`IdRole`) VALUES (129,1);
INSERT IGNORE INTO `tblUtilisateurRole` (`IdUtilisateur`,`IdRole`) VALUES (130,1);
INSERT IGNORE INTO `tblUtilisateurRole` (`IdUtilisateur`,`IdRole`) VALUES (131,3);
INSERT IGNORE INTO `tblUtilisateurRole` (`IdUtilisateur`,`IdRole`) VALUES (132,3);
INSERT IGNORE INTO `tblUtilisateurRole` (`IdUtilisateur`,`IdRole`) VALUES (133,3);
INSERT IGNORE INTO `tblUtilisateurRole` (`IdUtilisateur`,`IdRole`) VALUES (134,3);
INSERT IGNORE INTO `tblUtilisateurRole` (`IdUtilisateur`,`IdRole`) VALUES (135,3);
INSERT IGNORE INTO `tblUtilisateurRole` (`IdUtilisateur`,`IdRole`) VALUES (136,3);
INSERT IGNORE INTO `tblUtilisateurRole` (`IdUtilisateur`,`IdRole`) VALUES (137,3);
INSERT IGNORE INTO `tblUtilisateurRole` (`IdUtilisateur`,`IdRole`) VALUES (138,3);
INSERT IGNORE INTO `tblUtilisateurRole` (`IdUtilisateur`,`IdRole`) VALUES (139,3);
INSERT IGNORE INTO `tblUtilisateurRole` (`IdUtilisateur`,`IdRole`) VALUES (140,3);
INSERT IGNORE INTO `tblUtilisateurRole` (`IdUtilisateur`,`IdRole`) VALUES (141,3);
INSERT IGNORE INTO `tblUtilisateurRole` (`IdUtilisateur`,`IdRole`) VALUES (142,3);
INSERT IGNORE INTO `tblUtilisateurRole` (`IdUtilisateur`,`IdRole`) VALUES (143,3);
INSERT IGNORE INTO `tblUtilisateurRole` (`IdUtilisateur`,`IdRole`) VALUES (144,3);
INSERT IGNORE INTO `tblUtilisateurRole` (`IdUtilisateur`,`IdRole`) VALUES (145,3);
INSERT IGNORE INTO `tblUtilisateurRole` (`IdUtilisateur`,`IdRole`) VALUES (146,3);
INSERT IGNORE INTO `tblUtilisateurRole` (`IdUtilisateur`,`IdRole`) VALUES (147,3);
INSERT IGNORE INTO `tblUtilisateurRole` (`IdUtilisateur`,`IdRole`) VALUES (148,3);
INSERT IGNORE INTO `tblUtilisateurRole` (`IdUtilisateur`,`IdRole`) VALUES (149,3);

INSERT IGNORE INTO `tblEmploye` (`Id`,`CourrielEntreprise`,`Nom`,`Prenom`,`NumTelEntreprise`,`Poste`,`IdEntreprise`,`IdUtilisateur`) VALUES (1,'TheNoxiousGamer@gmail.com','MARTIN','Alex','(831) 191-7291','7339242',1,51);
INSERT IGNORE INTO `tblEmploye` (`Id`,`CourrielEntreprise`,`Nom`,`Prenom`,`NumTelEntreprise`,`Poste`,`IdEntreprise`,`IdUtilisateur`) VALUES (2,'Fancy@entreprise.com','BERNARD','Alexis','(202) 518-1297','9334773',2,52);
INSERT IGNORE INTO `tblEmploye` (`Id`,`CourrielEntreprise`,`Nom`,`Prenom`,`NumTelEntreprise`,`Poste`,`IdEntreprise`,`IdUtilisateur`) VALUES (3,'Rude@entreprise.com','THOMAS','Antoine','(567) 588-7693','1466013',3,53);
INSERT IGNORE INTO `tblEmploye` (`Id`,`CourrielEntreprise`,`Nom`,`Prenom`,`NumTelEntreprise`,`Poste`,`IdEntreprise`,`IdUtilisateur`) VALUES (4,'Sophisticated@entreprise.com','PETIT','Benjamin','(441) 969-7320','2414707',4,54);
INSERT IGNORE INTO `tblEmploye` (`Id`,`CourrielEntreprise`,`Nom`,`Prenom`,`NumTelEntreprise`,`Poste`,`IdEntreprise`,`IdUtilisateur`) VALUES (5,'Plucky@entreprise.com','ROBERT','Charles','(900) 169-3011','4153433',5,55);
INSERT IGNORE INTO `tblEmploye` (`Id`,`CourrielEntreprise`,`Nom`,`Prenom`,`NumTelEntreprise`,`Poste`,`IdEntreprise`,`IdUtilisateur`) VALUES (6,'Rough@entreprise.com','RICHARD','David','(983) 549-9350','4264794',6,56);
INSERT IGNORE INTO `tblEmploye` (`Id`,`CourrielEntreprise`,`Nom`,`Prenom`,`NumTelEntreprise`,`Poste`,`IdEntreprise`,`IdUtilisateur`) VALUES (7,'Elated@entreprise.com','DURAND','Édouard','(594) 605-7061','1506667',7,57);
INSERT IGNORE INTO `tblEmploye` (`Id`,`CourrielEntreprise`,`Nom`,`Prenom`,`NumTelEntreprise`,`Poste`,`IdEntreprise`,`IdUtilisateur`) VALUES (8,'Rightful@entreprise.com','DUBOIS','Elliot','(688) 267-2145','7005661',8,58);
INSERT IGNORE INTO `tblEmploye` (`Id`,`CourrielEntreprise`,`Nom`,`Prenom`,`NumTelEntreprise`,`Poste`,`IdEntreprise`,`IdUtilisateur`) VALUES (9,'Humorous@entreprise.com','MOREAU','Félix','(580) 666-5617','1367360',9,59);
INSERT IGNORE INTO `tblEmploye` (`Id`,`CourrielEntreprise`,`Nom`,`Prenom`,`NumTelEntreprise`,`Poste`,`IdEntreprise`,`IdUtilisateur`) VALUES (10,'Cut@entreprise.com','LAURENT','Gabriel','(456) 674-0128','4032830',10,60);
INSERT IGNORE INTO `tblEmploye` (`Id`,`CourrielEntreprise`,`Nom`,`Prenom`,`NumTelEntreprise`,`Poste`,`IdEntreprise`,`IdUtilisateur`) VALUES (11,'Disgusting@entreprise.com','SIMON','Guillaume','(831) 350-6511','3530481',11,61);
INSERT IGNORE INTO `tblEmploye` (`Id`,`CourrielEntreprise`,`Nom`,`Prenom`,`NumTelEntreprise`,`Poste`,`IdEntreprise`,`IdUtilisateur`) VALUES (12,'Shaggy@entreprise.com','ROUX','Hugo','(839) 437-1497','8588487',12,62);
INSERT IGNORE INTO `tblEmploye` (`Id`,`CourrielEntreprise`,`Nom`,`Prenom`,`NumTelEntreprise`,`Poste`,`IdEntreprise`,`IdUtilisateur`) VALUES (13,'Straight@entreprise.com','ROUX','Isaac','(999) 141-1655','441600',13,63);
INSERT IGNORE INTO `tblEmploye` (`Id`,`CourrielEntreprise`,`Nom`,`Prenom`,`NumTelEntreprise`,`Poste`,`IdEntreprise`,`IdUtilisateur`) VALUES (14,'Pink@entreprise.com','ROUX','Jacob','(808) 838-3408','7253396',14,64);
INSERT IGNORE INTO `tblEmploye` (`Id`,`CourrielEntreprise`,`Nom`,`Prenom`,`NumTelEntreprise`,`Poste`,`IdEntreprise`,`IdUtilisateur`) VALUES (15,'Furtive@entreprise.com','ROUX','Jonathan','(160) 792-0002','6174512',15,65);
INSERT IGNORE INTO `tblEmploye` (`Id`,`CourrielEntreprise`,`Nom`,`Prenom`,`NumTelEntreprise`,`Poste`,`IdEntreprise`,`IdUtilisateur`) VALUES (16,'Tasty@entreprise.com','DAVID','Logan','(353) 359-9130','8233112',16,66);
INSERT IGNORE INTO `tblEmploye` (`Id`,`CourrielEntreprise`,`Nom`,`Prenom`,`NumTelEntreprise`,`Poste`,`IdEntreprise`,`IdUtilisateur`) VALUES (17,'Selective@entreprise.com','BERTRAND','Lucas','(215) 497-4914','6910399',17,67);
INSERT IGNORE INTO `tblEmploye` (`Id`,`CourrielEntreprise`,`Nom`,`Prenom`,`NumTelEntreprise`,`Poste`,`IdEntreprise`,`IdUtilisateur`) VALUES (18,'Grubby@entreprise.com','MOREL','Mathis','(475) 903-3992','645826',18,68);
INSERT IGNORE INTO `tblEmploye` (`Id`,`CourrielEntreprise`,`Nom`,`Prenom`,`NumTelEntreprise`,`Poste`,`IdEntreprise`,`IdUtilisateur`) VALUES (19,'Cagey@entreprise.com','MOREL','Nathan','(548) 200-3469','5927913',19,69);
INSERT IGNORE INTO `tblEmploye` (`Id`,`CourrielEntreprise`,`Nom`,`Prenom`,`NumTelEntreprise`,`Poste`,`IdEntreprise`,`IdUtilisateur`) VALUES (20,'Aspiring@entreprise.com','MOREL','Nicolas','(413) 815-0432','3904027',20,70);
INSERT IGNORE INTO `tblEmploye` (`Id`,`CourrielEntreprise`,`Nom`,`Prenom`,`NumTelEntreprise`,`Poste`,`IdEntreprise`,`IdUtilisateur`) VALUES (21,'Interesting@entreprise.com','BONNET','Thomas','(267) 917-1900','2006446',21,71);
INSERT IGNORE INTO `tblEmploye` (`Id`,`CourrielEntreprise`,`Nom`,`Prenom`,`NumTelEntreprise`,`Poste`,`IdEntreprise`,`IdUtilisateur`) VALUES (22,'Hurried@entreprise.com','DUPONT','Tommy','(315) 845-1090','506895',22,72);
INSERT IGNORE INTO `tblEmploye` (`Id`,`CourrielEntreprise`,`Nom`,`Prenom`,`NumTelEntreprise`,`Poste`,`IdEntreprise`,`IdUtilisateur`) VALUES (23,'Innocent@entreprise.com','LAMBERT','Victor','(291) 716-0083','2646822',23,73);
INSERT IGNORE INTO `tblEmploye` (`Id`,`CourrielEntreprise`,`Nom`,`Prenom`,`NumTelEntreprise`,`Poste`,`IdEntreprise`,`IdUtilisateur`) VALUES (24,'Ugly@entreprise.com','FONTAINE','Alexia','(740) 100-8050','3034124',24,74);
INSERT IGNORE INTO `tblEmploye` (`Id`,`CourrielEntreprise`,`Nom`,`Prenom`,`NumTelEntreprise`,`Poste`,`IdEntreprise`,`IdUtilisateur`) VALUES (25,'Rambunctious@entreprise.com','ROUSSEAU','Amélie','(175) 588-7373','7919992',25,75);
INSERT IGNORE INTO `tblEmploye` (`Id`,`CourrielEntreprise`,`Nom`,`Prenom`,`NumTelEntreprise`,`Poste`,`IdEntreprise`,`IdUtilisateur`) VALUES (26,'Scary@entreprise.com','VINCENT','Annabelle','(106) 134-7184','7463216',26,76);
INSERT IGNORE INTO `tblEmploye` (`Id`,`CourrielEntreprise`,`Nom`,`Prenom`,`NumTelEntreprise`,`Poste`,`IdEntreprise`,`IdUtilisateur`) VALUES (27,'Icky@entreprise.com','MULLER','Arianne','(366) 713-1099','8460946',27,77);
INSERT IGNORE INTO `tblEmploye` (`Id`,`CourrielEntreprise`,`Nom`,`Prenom`,`NumTelEntreprise`,`Poste`,`IdEntreprise`,`IdUtilisateur`) VALUES (28,'Bite-sized@entreprise.com','LEFEVRE','Audrey','(323) 874-8972','7503966',28,78);
INSERT IGNORE INTO `tblEmploye` (`Id`,`CourrielEntreprise`,`Nom`,`Prenom`,`NumTelEntreprise`,`Poste`,`IdEntreprise`,`IdUtilisateur`) VALUES (29,'Vulgar@entreprise.com','FAURE','Aurélie','(834) 710-8468','6519322',29,79);
INSERT IGNORE INTO `tblEmploye` (`Id`,`CourrielEntreprise`,`Nom`,`Prenom`,`NumTelEntreprise`,`Poste`,`IdEntreprise`,`IdUtilisateur`) VALUES (30,'Beautiful@entreprise.com','ANDRE','Camille','(269) 423-1165','3113926',30,101);
INSERT IGNORE INTO `tblEmploye` (`Id`,`CourrielEntreprise`,`Nom`,`Prenom`,`NumTelEntreprise`,`Poste`,`IdEntreprise`,`IdUtilisateur`) VALUES (31,'Irate@entreprise.com','MERCIER','Catherine','(269) 646-7940','6881035',31,102);
INSERT IGNORE INTO `tblEmploye` (`Id`,`CourrielEntreprise`,`Nom`,`Prenom`,`NumTelEntreprise`,`Poste`,`IdEntreprise`,`IdUtilisateur`) VALUES (32,'Puzzling@entreprise.com','BLANC','Chloé','(244) 454-9695','6856886',32,103);
INSERT IGNORE INTO `tblEmploye` (`Id`,`CourrielEntreprise`,`Nom`,`Prenom`,`NumTelEntreprise`,`Poste`,`IdEntreprise`,`IdUtilisateur`) VALUES (33,'Burly@entreprise.com','BLANC','Clara','(113) 529-9621','7601990',33,104);
INSERT IGNORE INTO `tblEmploye` (`Id`,`CourrielEntreprise`,`Nom`,`Prenom`,`NumTelEntreprise`,`Poste`,`IdEntreprise`,`IdUtilisateur`) VALUES (34,'Infamous@entreprise.com','BOYER','Coralie','(357) 795-9883','8078586',34,105);
INSERT IGNORE INTO `tblEmploye` (`Id`,`CourrielEntreprise`,`Nom`,`Prenom`,`NumTelEntreprise`,`Poste`,`IdEntreprise`,`IdUtilisateur`) VALUES (35,'Noisy@entreprise.com','GARNIER','Daphnée','(457) 300-7314','5470296',35,106);
INSERT IGNORE INTO `tblEmploye` (`Id`,`CourrielEntreprise`,`Nom`,`Prenom`,`NumTelEntreprise`,`Poste`,`IdEntreprise`,`IdUtilisateur`) VALUES (36,'Careful@entreprise.com','CHEVALIER','Elizabeth','(937) 916-5178','2281568',36,107);
INSERT IGNORE INTO `tblEmploye` (`Id`,`CourrielEntreprise`,`Nom`,`Prenom`,`NumTelEntreprise`,`Poste`,`IdEntreprise`,`IdUtilisateur`) VALUES (37,'Slim@entreprise.com','FRANCOIS','Émilie','(880) 478-9103','3590674',37,108);
INSERT IGNORE INTO `tblEmploye` (`Id`,`CourrielEntreprise`,`Nom`,`Prenom`,`NumTelEntreprise`,`Poste`,`IdEntreprise`,`IdUtilisateur`) VALUES (38,'Grotesque@entreprise.com','LEGRAND','Emy','(369) 395-4030','9672378',38,109);
INSERT IGNORE INTO `tblEmploye` (`Id`,`CourrielEntreprise`,`Nom`,`Prenom`,`NumTelEntreprise`,`Poste`,`IdEntreprise`,`IdUtilisateur`) VALUES (39,'Secret@entreprise.com','GAUTHIER','Ève','(819) 378-5929','9834518',39,110);
INSERT IGNORE INTO `tblEmploye` (`Id`,`CourrielEntreprise`,`Nom`,`Prenom`,`NumTelEntreprise`,`Poste`,`IdEntreprise`,`IdUtilisateur`) VALUES (40,'Free@entreprise.com','GARCIA','Florence','(933) 845-2851','241705',40,111);
INSERT IGNORE INTO `tblEmploye` (`Id`,`CourrielEntreprise`,`Nom`,`Prenom`,`NumTelEntreprise`,`Poste`,`IdEntreprise`,`IdUtilisateur`) VALUES (41,'Afraid@entreprise.com','GAUTIER','Gabrielle','(809) 970-2843','8847174',41,112);
INSERT IGNORE INTO `tblEmploye` (`Id`,`CourrielEntreprise`,`Nom`,`Prenom`,`NumTelEntreprise`,`Poste`,`IdEntreprise`,`IdUtilisateur`) VALUES (42,'FlashyMystere@gmail.com','GAUTIER','Jade','(316) 765-1474','4723839',42,113);
INSERT IGNORE INTO `tblEmploye` (`Id`,`CourrielEntreprise`,`Nom`,`Prenom`,`NumTelEntreprise`,`Poste`,`IdEntreprise`,`IdUtilisateur`) VALUES (43,'ZanyMystere@gmail.com','GAUTIER','Justine','(903) 801-3869','3404221',43,114);
INSERT IGNORE INTO `tblEmploye` (`Id`,`CourrielEntreprise`,`Nom`,`Prenom`,`NumTelEntreprise`,`Poste`,`IdEntreprise`,`IdUtilisateur`) VALUES (44,'ModernMystere@gmail.com','GAUTIER','Laurence','(125) 770-3316','9674867',44,115);
INSERT IGNORE INTO `tblEmploye` (`Id`,`CourrielEntreprise`,`Nom`,`Prenom`,`NumTelEntreprise`,`Poste`,`IdEntreprise`,`IdUtilisateur`) VALUES (45,'NiceMystere@gmail.com','NICOLAS','Laurie','(172) 618-9215','9146199',45,116);
INSERT IGNORE INTO `tblEmploye` (`Id`,`CourrielEntreprise`,`Nom`,`Prenom`,`NumTelEntreprise`,`Poste`,`IdEntreprise`,`IdUtilisateur`) VALUES (46,'MeaslyMystere@gmail.com','MASSON','Marianne','(336) 753-7839','164636',46,117);
INSERT IGNORE INTO `tblEmploye` (`Id`,`CourrielEntreprise`,`Nom`,`Prenom`,`NumTelEntreprise`,`Poste`,`IdEntreprise`,`IdUtilisateur`) VALUES (47,'AwakeMystere@gmail.com','MASSON','Océane','(694) 916-4411','4738692',47,118);
INSERT IGNORE INTO `tblEmploye` (`Id`,`CourrielEntreprise`,`Nom`,`Prenom`,`NumTelEntreprise`,`Poste`,`IdEntreprise`,`IdUtilisateur`) VALUES (48,'CuteMystere@gmail.com','MASSON','Olivia','(638) 975-8029','9661646',48,119);
INSERT IGNORE INTO `tblEmploye` (`Id`,`CourrielEntreprise`,`Nom`,`Prenom`,`NumTelEntreprise`,`Poste`,`IdEntreprise`,`IdUtilisateur`) VALUES (49,'TangibleMystere@gmail.com','GAUTIER','Rose','(324) 699-9973','5608179',49,120);
INSERT IGNORE INTO `tblEmploye` (`Id`,`CourrielEntreprise`,`Nom`,`Prenom`,`NumTelEntreprise`,`Poste`,`IdEntreprise`,`IdUtilisateur`) VALUES (50,'Ernie.tremblay@cegepJonquiere.ca','tremblay','Ernie','(418) 695-1234','5305724',51,0);
INSERT IGNORE INTO `tblEmploye` (`Id`,`CourrielEntreprise`,`Nom`,`Prenom`,`NumTelEntreprise`,`Poste`,`IdEntreprise`,`IdUtilisateur`) VALUES (51,'Sanford.bouchard@cegepJonquiere.ca','bouchard','Sanford','(418) 695-1235','3512125',51,0);
INSERT IGNORE INTO `tblEmploye` (`Id`,`CourrielEntreprise`,`Nom`,`Prenom`,`NumTelEntreprise`,`Poste`,`IdEntreprise`,`IdUtilisateur`) VALUES (52,'Les.poirier@cegepJonquiere.ca','poirier','Les','(418) 695-1236','4278890',51,0);
INSERT IGNORE INTO `tblEmploye` (`Id`,`CourrielEntreprise`,`Nom`,`Prenom`,`NumTelEntreprise`,`Poste`,`IdEntreprise`,`IdUtilisateur`) VALUES (53,'Leandro.sioud@cegepJonquiere.ca','sioud','Leandro','(418) 695-1237','1996892',51,0);
INSERT IGNORE INTO `tblEmploye` (`Id`,`CourrielEntreprise`,`Nom`,`Prenom`,`NumTelEntreprise`,`Poste`,`IdEntreprise`,`IdUtilisateur`) VALUES (54,'Nelson.tremblay@cegepJonquiere.ca','tremblay','Nelson','(418) 695-1238','8794654',51,0);
INSERT IGNORE INTO `tblEmploye` (`Id`,`CourrielEntreprise`,`Nom`,`Prenom`,`NumTelEntreprise`,`Poste`,`IdEntreprise`,`IdUtilisateur`) VALUES (55,'Harvey.bouchard@cegepJonquiere.ca','bouchard','Harvey','(418) 695-1239','3167707',51,0);
INSERT IGNORE INTO `tblEmploye` (`Id`,`CourrielEntreprise`,`Nom`,`Prenom`,`NumTelEntreprise`,`Poste`,`IdEntreprise`,`IdUtilisateur`) VALUES (56,'Malcolm.poirier@cegepJonquiere.ca','poirier','Malcolm','(418) 695-1240','8894916',51,0);
INSERT IGNORE INTO `tblEmploye` (`Id`,`CourrielEntreprise`,`Nom`,`Prenom`,`NumTelEntreprise`,`Poste`,`IdEntreprise`,`IdUtilisateur`) VALUES (57,'Colton.sioud@cegepJonquiere.ca','sioud','Colton','(418) 695-1241','3398178',51,0);
INSERT IGNORE INTO `tblEmploye` (`Id`,`CourrielEntreprise`,`Nom`,`Prenom`,`NumTelEntreprise`,`Poste`,`IdEntreprise`,`IdUtilisateur`) VALUES (58,'Neal.tremblay@cegepJonquiere.ca','tremblay','Neal','(418) 695-1242','6007801',51,0);
INSERT IGNORE INTO `tblEmploye` (`Id`,`CourrielEntreprise`,`Nom`,`Prenom`,`NumTelEntreprise`,`Poste`,`IdEntreprise`,`IdUtilisateur`) VALUES (59,'Allen.bouchard@cegepJonquiere.ca','bouchard','Allen','(418) 695-1243','4866135',51,0);
INSERT IGNORE INTO `tblEmploye` (`Id`,`CourrielEntreprise`,`Nom`,`Prenom`,`NumTelEntreprise`,`Poste`,`IdEntreprise`,`IdUtilisateur`) VALUES (60,'Dylan.poirier@cegepJonquiere.ca','poirier','Dylan','(418) 695-1244','3111649',51,0);
INSERT IGNORE INTO `tblEmploye` (`Id`,`CourrielEntreprise`,`Nom`,`Prenom`,`NumTelEntreprise`,`Poste`,`IdEntreprise`,`IdUtilisateur`) VALUES (61,'Weston.sioud@cegepJonquiere.ca','sioud','Weston','(418) 695-1245','157463',51,0);
INSERT IGNORE INTO `tblEmploye` (`Id`,`CourrielEntreprise`,`Nom`,`Prenom`,`NumTelEntreprise`,`Poste`,`IdEntreprise`,`IdUtilisateur`) VALUES (62,'Doug.tremblay@cegepJonquiere.ca','tremblay','Doug','(418) 695-1246','4808794',51,0);
INSERT IGNORE INTO `tblEmploye` (`Id`,`CourrielEntreprise`,`Nom`,`Prenom`,`NumTelEntreprise`,`Poste`,`IdEntreprise`,`IdUtilisateur`) VALUES (63,'Shawn.bouchard@cegepJonquiere.ca','bouchard','Shawn','(418) 695-1247','5977186',51,0);
INSERT IGNORE INTO `tblEmploye` (`Id`,`CourrielEntreprise`,`Nom`,`Prenom`,`NumTelEntreprise`,`Poste`,`IdEntreprise`,`IdUtilisateur`) VALUES (64,'Dominick.poirier@cegepJonquiere.ca','poirier','Dominick','(418) 695-1248','4947209',51,0);
INSERT IGNORE INTO `tblEmploye` (`Id`,`CourrielEntreprise`,`Nom`,`Prenom`,`NumTelEntreprise`,`Poste`,`IdEntreprise`,`IdUtilisateur`) VALUES (65,'Mohammad.sioud@cegepJonquiere.ca','sioud','Mohammad','(418) 695-1249','9134349',51,0);
INSERT IGNORE INTO `tblEmploye` (`Id`,`CourrielEntreprise`,`Nom`,`Prenom`,`NumTelEntreprise`,`Poste`,`IdEntreprise`,`IdUtilisateur`) VALUES (66,'Donte.tremblay@cegepJonquiere.ca','tremblay','Donte','(418) 695-1250','845919',51,0);
INSERT IGNORE INTO `tblEmploye` (`Id`,`CourrielEntreprise`,`Nom`,`Prenom`,`NumTelEntreprise`,`Poste`,`IdEntreprise`,`IdUtilisateur`) VALUES (67,'Brian.bouchard@cegepJonquiere.ca','bouchard','Brian','(418) 695-1251','4188902',51,0);
INSERT IGNORE INTO `tblEmploye` (`Id`,`CourrielEntreprise`,`Nom`,`Prenom`,`NumTelEntreprise`,`Poste`,`IdEntreprise`,`IdUtilisateur`) VALUES (68,'Glen.poirier@cegepJonquiere.ca','poirier','Glen','(418) 695-1252','6890869',51,0);
INSERT IGNORE INTO `tblEmploye` (`Id`,`CourrielEntreprise`,`Nom`,`Prenom`,`NumTelEntreprise`,`Poste`,`IdEntreprise`,`IdUtilisateur`) VALUES (69,'Galen.sioud@cegepJonquiere.ca','sioud','Galen','(418) 695-1253','6973803',51,0);
INSERT IGNORE INTO `tblEmploye` (`Id`,`CourrielEntreprise`,`Nom`,`Prenom`,`NumTelEntreprise`,`Poste`,`IdEntreprise`,`IdUtilisateur`) VALUES (70,'Scot.tremblay@cegepJonquiere.ca','tremblay','Scot','(418) 695-1254','3202020',51,0);
INSERT IGNORE INTO `tblEmploye` (`Id`,`CourrielEntreprise`,`Nom`,`Prenom`,`NumTelEntreprise`,`Poste`,`IdEntreprise`,`IdUtilisateur`) VALUES (71,'Gerry.bouchard@cegepJonquiere.ca','bouchard','Gerry','(418) 695-1255','9046096',51,0);
INSERT IGNORE INTO `tblEmploye` (`Id`,`CourrielEntreprise`,`Nom`,`Prenom`,`NumTelEntreprise`,`Poste`,`IdEntreprise`,`IdUtilisateur`) VALUES (72,'Claudio.poirier@cegepJonquiere.ca','poirier','Claudio','(418) 695-1256','3331557',51,0);
INSERT IGNORE INTO `tblEmploye` (`Id`,`CourrielEntreprise`,`Nom`,`Prenom`,`NumTelEntreprise`,`Poste`,`IdEntreprise`,`IdUtilisateur`) VALUES (73,'Lyman.sioud@cegepJonquiere.ca','sioud','Lyman','(418) 695-1257','3158112',51,0);
INSERT IGNORE INTO `tblEmploye` (`Id`,`CourrielEntreprise`,`Nom`,`Prenom`,`NumTelEntreprise`,`Poste`,`IdEntreprise`,`IdUtilisateur`) VALUES (74,'Emile.tremblay@cegepJonquiere.ca','tremblay','Emile','(418) 695-1258','504622',51,0);
INSERT IGNORE INTO `tblEmploye` (`Id`,`CourrielEntreprise`,`Nom`,`Prenom`,`NumTelEntreprise`,`Poste`,`IdEntreprise`,`IdUtilisateur`) VALUES (75,'Monte.bouchard@cegepJonquiere.ca','bouchard','Monte','(418) 695-1259','2071297',51,0);
INSERT IGNORE INTO `tblEmploye` (`Id`,`CourrielEntreprise`,`Nom`,`Prenom`,`NumTelEntreprise`,`Poste`,`IdEntreprise`,`IdUtilisateur`) VALUES (76,'Louie.poirier@cegepJonquiere.ca','poirier','Louie','(418) 695-1260','2646389',51,0);
INSERT IGNORE INTO `tblEmploye` (`Id`,`CourrielEntreprise`,`Nom`,`Prenom`,`NumTelEntreprise`,`Poste`,`IdEntreprise`,`IdUtilisateur`) VALUES (77,'Preston.sioud@cegepJonquiere.ca','sioud','Preston','(418) 695-1261','8724666',51,0);
INSERT IGNORE INTO `tblEmploye` (`Id`,`CourrielEntreprise`,`Nom`,`Prenom`,`NumTelEntreprise`,`Poste`,`IdEntreprise`,`IdUtilisateur`) VALUES (78,'Coleman.tremblay@cegepJonquiere.ca','tremblay','Coleman','(418) 695-1262','5313407',51,0);
INSERT IGNORE INTO `tblEmploye` (`Id`,`CourrielEntreprise`,`Nom`,`Prenom`,`NumTelEntreprise`,`Poste`,`IdEntreprise`,`IdUtilisateur`) VALUES (79,'Marcelino.bouchard@cegepJonquiere.ca','bouchard','Marcelino','(418) 695-1263','4309072',51,0);
INSERT IGNORE INTO `tblEmploye` (`Id`,`CourrielEntreprise`,`Nom`,`Prenom`,`NumTelEntreprise`,`Poste`,`IdEntreprise`,`IdUtilisateur`) VALUES (80,'Elden.poirier@cegepJonquiere.ca','poirier','Elden','(418) 695-1264','5940313',51,0);
INSERT IGNORE INTO `tblEmploye` (`Id`,`CourrielEntreprise`,`Nom`,`Prenom`,`NumTelEntreprise`,`Poste`,`IdEntreprise`,`IdUtilisateur`) VALUES (81,'Randell.sioud@cegepJonquiere.ca','sioud','Randell','(418) 695-1265','5445711',51,0);
INSERT IGNORE INTO `tblEmploye` (`Id`,`CourrielEntreprise`,`Nom`,`Prenom`,`NumTelEntreprise`,`Poste`,`IdEntreprise`,`IdUtilisateur`) VALUES (82,'Dane.tremblay@cegepJonquiere.ca','tremblay','Dane','(418) 695-1266','4405997',51,0);
INSERT IGNORE INTO `tblEmploye` (`Id`,`CourrielEntreprise`,`Nom`,`Prenom`,`NumTelEntreprise`,`Poste`,`IdEntreprise`,`IdUtilisateur`) VALUES (83,'Clinton.bouchard@cegepJonquiere.ca','bouchard','Clinton','(418) 695-1267','8627276',51,0);
INSERT IGNORE INTO `tblEmploye` (`Id`,`CourrielEntreprise`,`Nom`,`Prenom`,`NumTelEntreprise`,`Poste`,`IdEntreprise`,`IdUtilisateur`) VALUES (84,'Hubert.poirier@cegepJonquiere.ca','poirier','Hubert','(418) 695-1268','4412364',51,0);
INSERT IGNORE INTO `tblEmploye` (`Id`,`CourrielEntreprise`,`Nom`,`Prenom`,`NumTelEntreprise`,`Poste`,`IdEntreprise`,`IdUtilisateur`) VALUES (85,'Jean.sioud@cegepJonquiere.ca','sioud','Jean','(418) 695-1269','2526943',51,121);
INSERT IGNORE INTO `tblEmploye` (`Id`,`CourrielEntreprise`,`Nom`,`Prenom`,`NumTelEntreprise`,`Poste`,`IdEntreprise`,`IdUtilisateur`) VALUES (86,'Hong.tremblay@cegepJonquiere.ca','tremblay','Hong','(418) 695-1270','5245529',51,122);
INSERT IGNORE INTO `tblEmploye` (`Id`,`CourrielEntreprise`,`Nom`,`Prenom`,`NumTelEntreprise`,`Poste`,`IdEntreprise`,`IdUtilisateur`) VALUES (87,'Jame.bouchard@cegepJonquiere.ca','bouchard','Jame','(418) 695-1271','996557',51,123);
INSERT IGNORE INTO `tblEmploye` (`Id`,`CourrielEntreprise`,`Nom`,`Prenom`,`NumTelEntreprise`,`Poste`,`IdEntreprise`,`IdUtilisateur`) VALUES (88,'Hugo.poirier@cegepJonquiere.ca','poirier','Hugo','(418) 695-1272','9244922',51,124);
INSERT IGNORE INTO `tblEmploye` (`Id`,`CourrielEntreprise`,`Nom`,`Prenom`,`NumTelEntreprise`,`Poste`,`IdEntreprise`,`IdUtilisateur`) VALUES (89,'Vito.sioud@cegepJonquiere.ca','sioud','Vito','(418) 695-1273','8622261',51,125);
INSERT IGNORE INTO `tblEmploye` (`Id`,`CourrielEntreprise`,`Nom`,`Prenom`,`NumTelEntreprise`,`Poste`,`IdEntreprise`,`IdUtilisateur`) VALUES (90,'Eldridge.tremblay@cegepJonquiere.ca','tremblay','Eldridge','(877) 103-0941','3200444',51,126);
INSERT IGNORE INTO `tblEmploye` (`Id`,`CourrielEntreprise`,`Nom`,`Prenom`,`NumTelEntreprise`,`Poste`,`IdEntreprise`,`IdUtilisateur`) VALUES (91,'Agustin.bouchard@cegepJonquiere.ca','bouchard','Agustin','(877) 103-0942','9460875',51,127);
INSERT IGNORE INTO `tblEmploye` (`Id`,`CourrielEntreprise`,`Nom`,`Prenom`,`NumTelEntreprise`,`Poste`,`IdEntreprise`,`IdUtilisateur`) VALUES (92,'Sonny.poirier@cegepJonquiere.ca','poirier','Sonny','(418) 695-1276','9617900',51,128);
INSERT IGNORE INTO `tblEmploye` (`Id`,`CourrielEntreprise`,`Nom`,`Prenom`,`NumTelEntreprise`,`Poste`,`IdEntreprise`,`IdUtilisateur`) VALUES (93,'Ward.sioud@cegepJonquiere.ca','sioud','Ward','(418) 695-1277','8441463',51,129);
INSERT IGNORE INTO `tblEmploye` (`Id`,`CourrielEntreprise`,`Nom`,`Prenom`,`NumTelEntreprise`,`Poste`,`IdEntreprise`,`IdUtilisateur`) VALUES (94,'Grant.tremblay@cegepJonquiere.ca','tremblay','Grant','(877) 103-0945','1214928',51,130);
INSERT IGNORE INTO `tblEmploye` (`Id`,`CourrielEntreprise`,`Nom`,`Prenom`,`NumTelEntreprise`,`Poste`,`IdEntreprise`,`IdUtilisateur`) VALUES (95,'Dana.bouchard@cegepJonquiere.ca','bouchard','Dana','(418) 695-1279','6372614',51,131);
INSERT IGNORE INTO `tblEmploye` (`Id`,`CourrielEntreprise`,`Nom`,`Prenom`,`NumTelEntreprise`,`Poste`,`IdEntreprise`,`IdUtilisateur`) VALUES (96,'Larry.poirier@cegepJonquiere.ca','poirier','Larry','(418) 695-1280','7387698',51,132);
INSERT IGNORE INTO `tblEmploye` (`Id`,`CourrielEntreprise`,`Nom`,`Prenom`,`NumTelEntreprise`,`Poste`,`IdEntreprise`,`IdUtilisateur`) VALUES (97,'Stefan.sioud@cegepJonquiere.ca','sioud','Stefan','(418) 695-1281','7815530',51,133);
INSERT IGNORE INTO `tblEmploye` (`Id`,`CourrielEntreprise`,`Nom`,`Prenom`,`NumTelEntreprise`,`Poste`,`IdEntreprise`,`IdUtilisateur`) VALUES (98,'Marcel.tremblay@cegepJonquiere.ca','tremblay','Marcel','(418) 695-1282','381994',51,134);
INSERT IGNORE INTO `tblEmploye` (`Id`,`CourrielEntreprise`,`Nom`,`Prenom`,`NumTelEntreprise`,`Poste`,`IdEntreprise`,`IdUtilisateur`) VALUES (99,'Manual.bouchard@cegepJonquiere.ca','bouchard','Manual','(418) 695-1283','1931096',51,135);

INSERT IGNORE INTO `tblStagiaire` (`Id`,`CourrielScolaire`,`Nom`,`Prenom`,`NumTelPerso`,`CourrielPersonnel`,`IdUtilisateur`) VALUES (1,'Tremblay.Olimpia@etu.cegepjonquiere.ca','Tremblay','Olimpia','(418) 695-1924','Tremblay.Olimpia@hotmail.com', 1);
INSERT IGNORE INTO `tblStagiaire` (`Id`,`CourrielScolaire`,`Nom`,`Prenom`,`NumTelPerso`,`CourrielPersonnel`,`IdUtilisateur`) VALUES (2,'Bouchard.Olga@etu.cegepjonquiere.ca','Bouchard','Olga','(418) 695-1925','Bouchard.Olga@hotmail.com', 2);
INSERT IGNORE INTO `tblStagiaire` (`Id`,`CourrielScolaire`,`Nom`,`Prenom`,`NumTelPerso`,`CourrielPersonnel`,`IdUtilisateur`) VALUES (3,'Duchesne.Leonarda@etu.cegepjonquiere.ca','Duchesne','Leonarda','(418) 695-1926','Duchesne.Leonarda@hotmail.com', 3);
INSERT IGNORE INTO `tblStagiaire` (`Id`,`CourrielScolaire`,`Nom`,`Prenom`,`NumTelPerso`,`CourrielPersonnel`,`IdUtilisateur`) VALUES (4,'Poirier.Kelly@etu.cegepjonquiere.ca','Poirier','Kelly','(418) 695-1927','Poirier.Kelly@hotmail.com', 4);
INSERT IGNORE INTO `tblStagiaire` (`Id`,`CourrielScolaire`,`Nom`,`Prenom`,`NumTelPerso`,`CourrielPersonnel`,`IdUtilisateur`) VALUES (5,'Jean.Cyril@etu.cegepjonquiere.ca','Jean','Cyril','(418) 695-1928','Jean.Cyril@hotmail.com', 5);
INSERT IGNORE INTO `tblStagiaire` (`Id`,`CourrielScolaire`,`Nom`,`Prenom`,`NumTelPerso`,`CourrielPersonnel`,`IdUtilisateur`) VALUES (6,'Gilbert.Rufina@etu.cegepjonquiere.ca','Gilbert','Rufina','(418) 695-1929','Gilbert.Rufina@hotmail.com', 6);
INSERT IGNORE INTO `tblStagiaire` (`Id`,`CourrielScolaire`,`Nom`,`Prenom`,`NumTelPerso`,`CourrielPersonnel`,`IdUtilisateur`) VALUES (7,'Tremblay.Torri@etu.cegepjonquiere.ca','Tremblay','Torri','(418) 695-1930','Tremblay.Torri@hotmail.com', 7);
INSERT IGNORE INTO `tblStagiaire` (`Id`,`CourrielScolaire`,`Nom`,`Prenom`,`NumTelPerso`,`CourrielPersonnel`,`IdUtilisateur`) VALUES (8,'Bouchard.Cliff@etu.cegepjonquiere.ca','Bouchard','Cliff','(418) 695-1931','Bouchard.Cliff@hotmail.com', 8);
INSERT IGNORE INTO `tblStagiaire` (`Id`,`CourrielScolaire`,`Nom`,`Prenom`,`NumTelPerso`,`CourrielPersonnel`,`IdUtilisateur`) VALUES (9,'Duchesne.Kyoko@etu.cegepjonquiere.ca','Duchesne','Kyoko','(418) 695-1932','Duchesne.Kyoko@hotmail.com', 9);
INSERT IGNORE INTO `tblStagiaire` (`Id`,`CourrielScolaire`,`Nom`,`Prenom`,`NumTelPerso`,`CourrielPersonnel`,`IdUtilisateur`) VALUES (10,'Poirier.Elvie@etu.cegepjonquiere.ca','Poirier','Elvie','(418) 695-1933','Poirier.Elvie@hotmail.com', 10);
INSERT IGNORE INTO `tblStagiaire` (`Id`,`CourrielScolaire`,`Nom`,`Prenom`,`NumTelPerso`,`CourrielPersonnel`,`IdUtilisateur`) VALUES (11,'Jean.Barbra@etu.cegepjonquiere.ca','Jean','Barbra','(418) 695-1934','Jean.Barbra@hotmail.com', 11);
INSERT IGNORE INTO `tblStagiaire` (`Id`,`CourrielScolaire`,`Nom`,`Prenom`,`NumTelPerso`,`CourrielPersonnel`,`IdUtilisateur`) VALUES (12,'Gilbert.Graig@etu.cegepjonquiere.ca','Gilbert','Graig','(418) 695-1935','Gilbert.Graig@hotmail.com', 12);
INSERT IGNORE INTO `tblStagiaire` (`Id`,`CourrielScolaire`,`Nom`,`Prenom`,`NumTelPerso`,`CourrielPersonnel`,`IdUtilisateur`) VALUES (13,'Tremblay.Pamala@etu.cegepjonquiere.ca','Tremblay','Pamala','(418) 695-1936','Tremblay.Pamala@hotmail.com', 13);
INSERT IGNORE INTO `tblStagiaire` (`Id`,`CourrielScolaire`,`Nom`,`Prenom`,`NumTelPerso`,`CourrielPersonnel`,`IdUtilisateur`) VALUES (14,'Bouchard.Jermaine@etu.cegepjonquiere.ca','Bouchard','Jermaine','(418) 695-1937','Bouchard.Jermaine@hotmail.com', 14);
INSERT IGNORE INTO `tblStagiaire` (`Id`,`CourrielScolaire`,`Nom`,`Prenom`,`NumTelPerso`,`CourrielPersonnel`,`IdUtilisateur`) VALUES (15,'Lambert.Gérard@etu.cegepjonquiere.ca','Lambert','Gérard','(418) 695-1938','Lambert.Gérard@hotmail.com', 15);
INSERT IGNORE INTO `tblStagiaire` (`Id`,`CourrielScolaire`,`Nom`,`Prenom`,`NumTelPerso`,`CourrielPersonnel`,`IdUtilisateur`) VALUES (16,'Poirier.Almeta@etu.cegepjonquiere.ca','Poirier','Almeta','(418) 695-1939','Poirier.Almeta@hotmail.com', 16);
INSERT IGNORE INTO `tblStagiaire` (`Id`,`CourrielScolaire`,`Nom`,`Prenom`,`NumTelPerso`,`CourrielPersonnel`,`IdUtilisateur`) VALUES (17,'Jean.Denita@etu.cegepjonquiere.ca','Jean','Denita','(418) 695-1940','Jean.Denita@hotmail.com', 17);
INSERT IGNORE INTO `tblStagiaire` (`Id`,`CourrielScolaire`,`Nom`,`Prenom`,`NumTelPerso`,`CourrielPersonnel`,`IdUtilisateur`) VALUES (18,'Gilbert.Larita@etu.cegepjonquiere.ca','Gilbert','Larita','(418) 695-1941','Gilbert.Larita@hotmail.com', 18);
INSERT IGNORE INTO `tblStagiaire` (`Id`,`CourrielScolaire`,`Nom`,`Prenom`,`NumTelPerso`,`CourrielPersonnel`,`IdUtilisateur`) VALUES (19,'Tremblay.Bridgette@etu.cegepjonquiere.ca','Tremblay','Bridgette','(418) 695-1942','Tremblay.Bridgette@hotmail.com', 19);
INSERT IGNORE INTO `tblStagiaire` (`Id`,`CourrielScolaire`,`Nom`,`Prenom`,`NumTelPerso`,`CourrielPersonnel`,`IdUtilisateur`) VALUES (20,'Bouchard.Sherika@etu.cegepjonquiere.ca','Bouchard','Sherika','(418) 695-1943','Bouchard.Sherika@hotmail.com', 20);
INSERT IGNORE INTO `tblStagiaire` (`Id`,`CourrielScolaire`,`Nom`,`Prenom`,`NumTelPerso`,`CourrielPersonnel`,`IdUtilisateur`) VALUES (21,'Duchesne.Monroe@etu.cegepjonquiere.ca','Duchesne','Monroe','(418) 695-1944','Duchesne.Monroe@hotmail.com', 21);
INSERT IGNORE INTO `tblStagiaire` (`Id`,`CourrielScolaire`,`Nom`,`Prenom`,`NumTelPerso`,`CourrielPersonnel`,`IdUtilisateur`) VALUES (22,'Poirier.Liliana@etu.cegepjonquiere.ca','Poirier','Liliana','(418) 695-1945','Poirier.Liliana@hotmail.com', 22);
INSERT IGNORE INTO `tblStagiaire` (`Id`,`CourrielScolaire`,`Nom`,`Prenom`,`NumTelPerso`,`CourrielPersonnel`,`IdUtilisateur`) VALUES (23,'Jean.Lavona@etu.cegepjonquiere.ca','Jean','Lavona','(418) 695-1946','Jean.Lavona@hotmail.com', 23);
INSERT IGNORE INTO `tblStagiaire` (`Id`,`CourrielScolaire`,`Nom`,`Prenom`,`NumTelPerso`,`CourrielPersonnel`,`IdUtilisateur`) VALUES (24,'Gilbert.Manda@etu.cegepjonquiere.ca','Gilbert','Manda','(418) 695-1947','Gilbert.Manda@hotmail.com', 24);
INSERT IGNORE INTO `tblStagiaire` (`Id`,`CourrielScolaire`,`Nom`,`Prenom`,`NumTelPerso`,`CourrielPersonnel`,`IdUtilisateur`) VALUES (25,'Tremblay.Conchita@etu.cegepjonquiere.ca','Tremblay','Conchita','(418) 695-1948','Tremblay.Conchita@hotmail.com', 25);
INSERT IGNORE INTO `tblStagiaire` (`Id`,`CourrielScolaire`,`Nom`,`Prenom`,`NumTelPerso`,`CourrielPersonnel`,`IdUtilisateur`) VALUES (26,'Bouchard.Emanuel@etu.cegepjonquiere.ca','Bouchard','Emanuel','(418) 695-1949','Bouchard.Emanuel@hotmail.com', 26);
INSERT IGNORE INTO `tblStagiaire` (`Id`,`CourrielScolaire`,`Nom`,`Prenom`,`NumTelPerso`,`CourrielPersonnel`,`IdUtilisateur`) VALUES (27,'Duchesne.Celestine@etu.cegepjonquiere.ca','Duchesne','Celestine','(418) 695-1950','Duchesne.Celestine@hotmail.com', 27);
INSERT IGNORE INTO `tblStagiaire` (`Id`,`CourrielScolaire`,`Nom`,`Prenom`,`NumTelPerso`,`CourrielPersonnel`,`IdUtilisateur`) VALUES (28,'Poirier.Rikki@etu.cegepjonquiere.ca','Poirier','Rikki','(418) 695-1951','Poirier.Rikki@hotmail.com', 28);
INSERT IGNORE INTO `tblStagiaire` (`Id`,`CourrielScolaire`,`Nom`,`Prenom`,`NumTelPerso`,`CourrielPersonnel`,`IdUtilisateur`) VALUES (29,'Goldman.Jean-Jacques@etu.cegepjonquiere.ca','Goldman','Jean-Jacques','(418) 695-1952','Goldman.Jean-Jacques@hotmail.com', 29);
INSERT IGNORE INTO `tblStagiaire` (`Id`,`CourrielScolaire`,`Nom`,`Prenom`,`NumTelPerso`,`CourrielPersonnel`,`IdUtilisateur`) VALUES (30,'Gilbert.Kelle@etu.cegepjonquiere.ca','Gilbert','Kelle','(418) 695-1953','Gilbert.Kelle@hotmail.com', 30);
INSERT IGNORE INTO `tblStagiaire` (`Id`,`CourrielScolaire`,`Nom`,`Prenom`,`NumTelPerso`,`CourrielPersonnel`,`IdUtilisateur`) VALUES (31,'Tremblay.Arlene@etu.cegepjonquiere.ca','Tremblay','Arlene  ','(418) 695-1954','Tremblay.Arlene@hotmail.com', 31);
INSERT IGNORE INTO `tblStagiaire` (`Id`,`CourrielScolaire`,`Nom`,`Prenom`,`NumTelPerso`,`CourrielPersonnel`,`IdUtilisateur`) VALUES (32,'Bouchard.Enoch@etu.cegepjonquiere.ca','Bouchard','Enoch  ','(418) 695-1955','Bouchard.Enoch@hotmail.com', 32);
INSERT IGNORE INTO `tblStagiaire` (`Id`,`CourrielScolaire`,`Nom`,`Prenom`,`NumTelPerso`,`CourrielPersonnel`,`IdUtilisateur`) VALUES (33,'Duchesne.Marsha@etu.cegepjonquiere.ca','Duchesne','Marsha  ','(418) 695-1956','Duchesne.Marsha@hotmail.com', 33);
INSERT IGNORE INTO `tblStagiaire` (`Id`,`CourrielScolaire`,`Nom`,`Prenom`,`NumTelPerso`,`CourrielPersonnel`,`IdUtilisateur`) VALUES (34,'Poirier.Jeffrey@etu.cegepjonquiere.ca','Poirier','Jeffrey  ','(418) 695-1957','Poirier.Jeffrey@hotmail.com', 34);
INSERT IGNORE INTO `tblStagiaire` (`Id`,`CourrielScolaire`,`Nom`,`Prenom`,`NumTelPerso`,`CourrielPersonnel`,`IdUtilisateur`) VALUES (35,'Jean.Jaqueline@etu.cegepjonquiere.ca','Jean','Jaqueline  ','(418) 695-1958','Jean.Jaqueline@hotmail.com', 35);
INSERT IGNORE INTO `tblStagiaire` (`Id`,`CourrielScolaire`,`Nom`,`Prenom`,`NumTelPerso`,`CourrielPersonnel`,`IdUtilisateur`) VALUES (36,'Gilbert.Reita@etu.cegepjonquiere.ca','Gilbert','Reita  ','(418) 695-1959','Gilbert.Reita@hotmail.com', 36);
INSERT IGNORE INTO `tblStagiaire` (`Id`,`CourrielScolaire`,`Nom`,`Prenom`,`NumTelPerso`,`CourrielPersonnel`,`IdUtilisateur`) VALUES (37,'Tremblay.Alix@etu.cegepjonquiere.ca','Tremblay','Alix  ','(418) 695-1960','Tremblay.Alix@hotmail.com', 37);
INSERT IGNORE INTO `tblStagiaire` (`Id`,`CourrielScolaire`,`Nom`,`Prenom`,`NumTelPerso`,`CourrielPersonnel`,`IdUtilisateur`) VALUES (38,'Bouchard.Bruce@etu.cegepjonquiere.ca','Bouchard','Bruce  ','(418) 695-1961','Bouchard.Bruce@hotmail.com', 38);
INSERT IGNORE INTO `tblStagiaire` (`Id`,`CourrielScolaire`,`Nom`,`Prenom`,`NumTelPerso`,`CourrielPersonnel`,`IdUtilisateur`) VALUES (39,'Duchesne.Nickie@etu.cegepjonquiere.ca','Duchesne','Nickie  ','(418) 695-1962','Duchesne.Nickie@hotmail.com', 39);
INSERT IGNORE INTO `tblStagiaire` (`Id`,`CourrielScolaire`,`Nom`,`Prenom`,`NumTelPerso`,`CourrielPersonnel`,`IdUtilisateur`) VALUES (40,'Poirier.Jesusita@etu.cegepjonquiere.ca','Poirier','Jesusita  ','(418) 695-1963','Poirier.Jesusita@hotmail.com', 40);
INSERT IGNORE INTO `tblStagiaire` (`Id`,`CourrielScolaire`,`Nom`,`Prenom`,`NumTelPerso`,`CourrielPersonnel`,`IdUtilisateur`) VALUES (41,'Jean.Marylou@etu.cegepjonquiere.ca','Jean','Marylou  ','(418) 695-1964','Jean.Marylou@hotmail.com', 41);
INSERT IGNORE INTO `tblStagiaire` (`Id`,`CourrielScolaire`,`Nom`,`Prenom`,`NumTelPerso`,`CourrielPersonnel`,`IdUtilisateur`) VALUES (42,'Gilbert.Mariam@etu.cegepjonquiere.ca','Gilbert','Mariam  ','(418) 695-1965','Gilbert.Mariam@hotmail.com', 42);
INSERT IGNORE INTO `tblStagiaire` (`Id`,`CourrielScolaire`,`Nom`,`Prenom`,`NumTelPerso`,`CourrielPersonnel`,`IdUtilisateur`) VALUES (43,'Tremblay.Dorine@etu.cegepjonquiere.ca','Tremblay','Dorine  ','(418) 695-1966','Tremblay.Dorine@hotmail.com', 43);
INSERT IGNORE INTO `tblStagiaire` (`Id`,`CourrielScolaire`,`Nom`,`Prenom`,`NumTelPerso`,`CourrielPersonnel`,`IdUtilisateur`) VALUES (44,'Bouchard.Wiley@etu.cegepjonquiere.ca','Bouchard','Wiley  ','(418) 695-1967','Bouchard.Wiley@hotmail.com', 44);
INSERT IGNORE INTO `tblStagiaire` (`Id`,`CourrielScolaire`,`Nom`,`Prenom`,`NumTelPerso`,`CourrielPersonnel`,`IdUtilisateur`) VALUES (45,'Duchesne.Julissa@etu.cegepjonquiere.ca','Duchesne','Julissa  ','(418) 695-1968','Duchesne.Julissa@hotmail.com', 45);
INSERT IGNORE INTO `tblStagiaire` (`Id`,`CourrielScolaire`,`Nom`,`Prenom`,`NumTelPerso`,`CourrielPersonnel`,`IdUtilisateur`) VALUES (46,'Poirier.Nery@etu.cegepjonquiere.ca','Poirier','Nery  ','(418) 695-1969','Poirier.Nery@hotmail.com', 46);
INSERT IGNORE INTO `tblStagiaire` (`Id`,`CourrielScolaire`,`Nom`,`Prenom`,`NumTelPerso`,`CourrielPersonnel`,`IdUtilisateur`) VALUES (47,'Jean.Rena@etu.cegepjonquiere.ca','Jean','Rena  ','(418) 695-1970','Jean.Rena@hotmail.com', 47);
INSERT IGNORE INTO `tblStagiaire` (`Id`,`CourrielScolaire`,`Nom`,`Prenom`,`NumTelPerso`,`CourrielPersonnel`,`IdUtilisateur`) VALUES (48,'Gilbert.Olene@etu.cegepjonquiere.ca','Gilbert','Olene','(418) 695-1971','Gilbert.Olene@hotmail.com', 48);
INSERT IGNORE INTO `tblStagiaire` (`Id`,`CourrielScolaire`,`Nom`,`Prenom`,`NumTelPerso`,`CourrielPersonnel`,`IdUtilisateur`) VALUES (49,'Tremblay.Arlen@etu.cegepjonquiere.ca','Tremblay','Arlen  ','(418) 695-1972','Tremblay.Arlen@hotmail.com', 49);
INSERT IGNORE INTO `tblStagiaire` (`Id`,`CourrielScolaire`,`Nom`,`Prenom`,`NumTelPerso`,`CourrielPersonnel`,`IdUtilisateur`) VALUES (50,'Bouchard.Chassidy@etu.cegepjonquiere.ca','Bouchard','Chassidy ','(418) 695-1973','Bouchard.Chassidy@hotmail.com', 50);

INSERT IGNORE INTO `tblEntreprise` (`Id`,`CourrielEntreprise`,`Nom`,`NumTel`,`NumCivique`,`Rue`,`Ville`,`Province`,`CodePostal`,`Logo`) VALUES (1,'BanTheB@hotmail.com','BanTheB','(394) 202-8610','4205','Bridl','Bangkok','QC','10956','');
INSERT IGNORE INTO `tblEntreprise` (`Id`,`CourrielEntreprise`,`Nom`,`NumTel`,`NumCivique`,`Rue`,`Ville`,`Province`,`CodePostal`,`Logo`) VALUES (2,'NaiBent@hotmail.com','NaiBent','(999) 523-1080','7179','Wood','Nairobi','ON','7960','');
INSERT IGNORE INTO `tblEntreprise` (`Id`,`CourrielEntreprise`,`Nom`,`NumTel`,`NumCivique`,`Rue`,`Ville`,`Province`,`CodePostal`,`Logo`) VALUES (3,'BeiUnsu@hotmail.com','BeiUnsu','(881) 230-7006','8350','Monro','Beijing','MA','77904','');
INSERT IGNORE INTO `tblEntreprise` (`Id`,`CourrielEntreprise`,`Nom`,`NumTel`,`NumCivique`,`Rue`,`Ville`,`Province`,`CodePostal`,`Logo`) VALUES (4,'DhaDeco@hotmail.com','DhaDeco','(817) 975-5623','7317','Cathe','Dhaka','AL','32904','');
INSERT IGNORE INTO `tblEntreprise` (`Id`,`CourrielEntreprise`,`Nom`,`NumTel`,`NumCivique`,`Rue`,`Ville`,`Province`,`CodePostal`,`Logo`) VALUES (5,'BanDisc@hotmail.com','BanDisc','(106) 218-4313','8764','Madis','Bangalore','BC','29710','');
INSERT IGNORE INTO `tblEntreprise` (`Id`,`CourrielEntreprise`,`Nom`,`NumTel`,`NumCivique`,`Rue`,`Ville`,`Province`,`CodePostal`,`Logo`) VALUES (6,'MexRoma@hotmail.com','MexRoma','(789) 858-4542','8906','Chest','Mexico City','NB','97124','');
INSERT IGNORE INTO `tblEntreprise` (`Id`,`CourrielEntreprise`,`Nom`,`NumTel`,`NumCivique`,`Rue`,`Ville`,`Province`,`CodePostal`,`Logo`) VALUES (7,'IstPeti@hotmail.com','IstPeti','(691) 509-4840','7866','Cemet','Istanbul','ON','11572','');
INSERT IGNORE INTO `tblEntreprise` (`Id`,`CourrielEntreprise`,`Nom`,`NumTel`,`NumCivique`,`Rue`,`Ville`,`Province`,`CodePostal`,`Logo`) VALUES (8,'JohVers@hotmail.com','JohVers','(785) 459-1547','5058','River','Johannesburg','QC','4401','');
INSERT IGNORE INTO `tblEntreprise` (`Id`,`CourrielEntreprise`,`Nom`,`NumTel`,`NumCivique`,`Rue`,`Ville`,`Province`,`CodePostal`,`Logo`) VALUES (9,'PyoEner@hotmail.com','PyoEner','(412) 959-1915','2602','Winds','Pyongyang','NB','11010','');
INSERT IGNORE INTO `tblEntreprise` (`Id`,`CourrielEntreprise`,`Nom`,`NumTel`,`NumCivique`,`Rue`,`Ville`,`Province`,`CodePostal`,`Logo`) VALUES (10,'LahAbra@hotmail.com','LahAbra','(148) 862-4114','6474','Deerf','Lahore','MA','11554','');
INSERT IGNORE INTO `tblEntreprise` (`Id`,`CourrielEntreprise`,`Nom`,`NumTel`,`NumCivique`,`Rue`,`Ville`,`Province`,`CodePostal`,`Logo`) VALUES (11,'JakUnhe@hotmail.com','JakUnhe','(473) 401-6167','6455','Hill','Jakarta','BC','2864','');
INSERT IGNORE INTO `tblEntreprise` (`Id`,`CourrielEntreprise`,`Nom`,`NumTel`,`NumCivique`,`Rue`,`Ville`,`Province`,`CodePostal`,`Logo`) VALUES (12,'YanRoas@hotmail.com','YanRoas','(946) 163-6382','1133','Cedar','Yangon','QC','33160','');
INSERT IGNORE INTO `tblEntreprise` (`Id`,`CourrielEntreprise`,`Nom`,`NumTel`,`NumCivique`,`Rue`,`Ville`,`Province`,`CodePostal`,`Logo`) VALUES (13,'TiaVigo@hotmail.com','TiaVigo','(968) 746-0811','9796','Locus','Tianjin','AL','27302','');
INSERT IGNORE INTO `tblEntreprise` (`Id`,`CourrielEntreprise`,`Nom`,`NumTel`,`NumCivique`,`Rue`,`Ville`,`Province`,`CodePostal`,`Logo`) VALUES (14,'Ho_Boil@hotmail.com','Ho Boil','(380) 236-0580','9062','8th A','Ho Chi Minh City','ON','0102A','');
INSERT IGNORE INTO `tblEntreprise` (`Id`,`CourrielEntreprise`,`Nom`,`NumTel`,`NumCivique`,`Rue`,`Ville`,`Province`,`CodePostal`,`Logo`) VALUES (15,'ShaColo@hotmail.com','ShaColo','(508) 684-3506','3781','Ridge','Shanghai','NB','44663','');
INSERT IGNORE INTO `tblEntreprise` (`Id`,`CourrielEntreprise`,`Nom`,`NumTel`,`NumCivique`,`Rue`,`Ville`,`Province`,`CodePostal`,`Logo`) VALUES (16,'DonObse@hotmail.com','DonObse','(772) 919-8834','1504','Highl','Dongguan','QC','5211C','');
INSERT IGNORE INTO `tblEntreprise` (`Id`,`CourrielEntreprise`,`Nom`,`NumTel`,`NumCivique`,`Rue`,`Ville`,`Province`,`CodePostal`,`Logo`) VALUES (17,'DelSpec@hotmail.com','DelSpec','(568) 416-5712','6152','Primr','Delhi','NB','31204','');
INSERT IGNORE INTO `tblEntreprise` (`Id`,`CourrielEntreprise`,`Nom`,`NumTel`,`NumCivique`,`Rue`,`Ville`,`Province`,`CodePostal`,`Logo`) VALUES (18,'JaiMeat@hotmail.com','JaiMeat','(210) 266-3958','2559','Amher','Jaipur','MA','20815','');
INSERT IGNORE INTO `tblEntreprise` (`Id`,`CourrielEntreprise`,`Nom`,`NumTel`,`NumCivique`,`Rue`,`Ville`,`Province`,`CodePostal`,`Logo`) VALUES (19,'GuaUnru@hotmail.com','GuaUnru','(801) 283-4613','9867','Cherr','Guangzhou','BC','60047','');
INSERT IGNORE INTO `tblEntreprise` (`Id`,`CourrielEntreprise`,`Nom`,`NumTel`,`NumCivique`,`Rue`,`Ville`,`Province`,`CodePostal`,`Logo`) VALUES (20,'HanWate@hotmail.com','HanWate','(926) 322-8197','1671','Durha','Hanoi','AL','33040','');
INSERT IGNORE INTO `tblEntreprise` (`Id`,`CourrielEntreprise`,`Nom`,`NumTel`,`NumCivique`,`Rue`,`Ville`,`Province`,`CodePostal`,`Logo`) VALUES (21,'SheSmar@hotmail.com','SheSmar','(959) 393-0840','1839','Mulbe','Shenzhen','QC','11725','');
INSERT IGNORE INTO `tblEntreprise` (`Id`,`CourrielEntreprise`,`Nom`,`NumTel`,`NumCivique`,`Rue`,`Ville`,`Province`,`CodePostal`,`Logo`) VALUES (22,'AddNorm@hotmail.com','AddNorm','(234) 133-0090','5865','Overl','Addis Ababa','ON','16506','');
INSERT IGNORE INTO `tblEntreprise` (`Id`,`CourrielEntreprise`,`Nom`,`NumTel`,`NumCivique`,`Rue`,`Ville`,`Province`,`CodePostal`,`Logo`) VALUES (23,'HonRamp@hotmail.com','HonRamp','(638) 109-3878','3701','Andov','Hong Kong','MA','19020','');
INSERT IGNORE INTO `tblEntreprise` (`Id`,`CourrielEntreprise`,`Nom`,`NumTel`,`NumCivique`,`Rue`,`Ville`,`Province`,`CodePostal`,`Logo`) VALUES (24,'JedPerf@hotmail.com','JedPerf','(117) 367-1230','7341','5th S','Jeddah','NB','60201','');
INSERT IGNORE INTO `tblEntreprise` (`Id`,`CourrielEntreprise`,`Nom`,`NumTel`,`NumCivique`,`Rue`,`Ville`,`Province`,`CodePostal`,`Logo`) VALUES (25,'AhmSlim@hotmail.com','AhmSlim','(545) 729-9971','1923','Adams','Ahmedabad','AL','51501','');
INSERT IGNORE INTO `tblEntreprise` (`Id`,`CourrielEntreprise`,`Nom`,`NumTel`,`NumCivique`,`Rue`,`Ville`,`Province`,`CodePostal`,`Logo`) VALUES (26,'MosChiv@hotmail.com','MosChiv','(540) 520-6850','2364','Main','Moscow','QC','44122','');
INSERT IGNORE INTO `tblEntreprise` (`Id`,`CourrielEntreprise`,`Nom`,`NumTel`,`NumCivique`,`Rue`,`Ville`,`Province`,`CodePostal`,`Logo`) VALUES (27,'TehSudd@hotmail.com','TehSudd','(652) 160-4165','6835','Divis','Tehran','ON','13440','');
INSERT IGNORE INTO `tblEntreprise` (`Id`,`CourrielEntreprise`,`Nom`,`NumTel`,`NumCivique`,`Rue`,`Ville`,`Province`,`CodePostal`,`Logo`) VALUES (28,'Cudd@hotmail.com','Cudd','(238) 213-1521','5485','Cobbl','','NB','16001','');
INSERT IGNORE INTO `tblEntreprise` (`Id`,`CourrielEntreprise`,`Nom`,`NumTel`,`NumCivique`,`Rue`,`Ville`,`Province`,`CodePostal`,`Logo`) VALUES (29,'MadHuge@hotmail.com','MadHuge','(126) 824-3280','5295','Route','Madrid','MA','29550','');
INSERT IGNORE INTO `tblEntreprise` (`Id`,`CourrielEntreprise`,`Nom`,`NumTel`,`NumCivique`,`Rue`,`Ville`,`Province`,`CodePostal`,`Logo`) VALUES (30,'SurWrat@hotmail.com','SurWrat','(640) 317-7482','9669','Everg','Surat','ON','46383','');
INSERT IGNORE INTO `tblEntreprise` (`Id`,`CourrielEntreprise`,`Nom`,`NumTel`,`NumCivique`,`Rue`,`Ville`,`Province`,`CodePostal`,`Logo`) VALUES (31,'SanRasp@hotmail.com','SanRasp','(386) 720-7754','6148','Hanov','Santiago','AL','6051','');
INSERT IGNORE INTO `tblEntreprise` (`Id`,`CourrielEntreprise`,`Nom`,`NumTel`,`NumCivique`,`Rue`,`Ville`,`Province`,`CodePostal`,`Logo`) VALUES (32,'DurLame@hotmail.com','DurLame','(821) 309-9772','6812','Route','Durban','NB','11776','');
INSERT IGNORE INTO `tblEntreprise` (`Id`,`CourrielEntreprise`,`Nom`,`NumTel`,`NumCivique`,`Rue`,`Ville`,`Province`,`CodePostal`,`Logo`) VALUES (33,'HydQuai@hotmail.com','HydQuai','(574) 301-2789','2701','Cardi','Hyderabad','BC','6111','');
INSERT IGNORE INTO `tblEntreprise` (`Id`,`CourrielEntreprise`,`Nom`,`NumTel`,`NumCivique`,`Rue`,`Ville`,`Province`,`CodePostal`,`Logo`) VALUES (34,'BagCold@hotmail.com','BagCold','(364) 828-0003','5879','Route','Baghdad','QC','43026','');
INSERT IGNORE INTO `tblEntreprise` (`Id`,`CourrielEntreprise`,`Nom`,`NumTel`,`NumCivique`,`Rue`,`Ville`,`Province`,`CodePostal`,`Logo`) VALUES (35,'BusGuil@hotmail.com','BusGuil','(463) 352-3104','1613','Brook','Busan','ON','23320','');
INSERT IGNORE INTO `tblEntreprise` (`Id`,`CourrielEntreprise`,`Nom`,`NumTel`,`NumCivique`,`Rue`,`Ville`,`Province`,`CodePostal`,`Logo`) VALUES (36,'NaiThic@hotmail.com','NaiThic','(872) 761-9930','2254','Rose','Nairobi','NB','90008','');
INSERT IGNORE INTO `tblEntreprise` (`Id`,`CourrielEntreprise`,`Nom`,`NumTel`,`NumCivique`,`Rue`,`Ville`,`Province`,`CodePostal`,`Logo`) VALUES (37,'SheLivi@hotmail.com','SheLivi','(655) 256-7667','7909','East','Shenyang','ON','4240','');
INSERT IGNORE INTO `tblEntreprise` (`Id`,`CourrielEntreprise`,`Nom`,`NumTel`,`NumCivique`,`Rue`,`Ville`,`Province`,`CodePostal`,`Logo`) VALUES (38,'CheNebu@hotmail.com','CheNebu','(688) 488-6436','3892','Canal','Chennai','NB','44133','');
INSERT IGNORE INTO `tblEntreprise` (`Id`,`CourrielEntreprise`,`Nom`,`NumTel`,`NumCivique`,`Rue`,`Ville`,`Province`,`CodePostal`,`Logo`) VALUES (39,'RiyYiel@hotmail.com','RiyYiel','(979) 804-2989','5618','Myrtl','Riyadh','MA','1851','');
INSERT IGNORE INTO `tblEntreprise` (`Id`,`CourrielEntreprise`,`Nom`,`NumTel`,`NumCivique`,`Rue`,`Ville`,`Province`,`CodePostal`,`Logo`) VALUES (40,'AbiMyst@hotmail.com','AbiMyst','(512) 726-0509','9745','Hamil','Abidjan','BC','46901','');
INSERT IGNORE INTO `tblEntreprise` (`Id`,`CourrielEntreprise`,`Nom`,`NumTel`,`NumCivique`,`Rue`,`Ville`,`Province`,`CodePostal`,`Logo`) VALUES (41,'AnkSubd@hotmail.com','AnkSubd','(634) 958-7518','1399','Orang','Ankara','ON','34203','');
INSERT IGNORE INTO `tblEntreprise` (`Id`,`CourrielEntreprise`,`Nom`,`NumTel`,`NumCivique`,`Rue`,`Ville`,`Province`,`CodePostal`,`Logo`) VALUES (42,'CasWiry@hotmail.com','CasWiry','(560) 337-9093','2587','Smith','Casablanca','QC','46060','');
INSERT IGNORE INTO `tblEntreprise` (`Id`,`CourrielEntreprise`,`Nom`,`NumTel`,`NumCivique`,`Rue`,`Ville`,`Province`,`CodePostal`,`Logo`) VALUES (43,'BerBrig@hotmail.com','BerBrig','(947) 767-6257','4583','8th S','Berlin','NB','72209','');
INSERT IGNORE INTO `tblEntreprise` (`Id`,`CourrielEntreprise`,`Nom`,`NumTel`,`NumCivique`,`Rue`,`Ville`,`Province`,`CodePostal`,`Logo`) VALUES (44,'BanToot@hotmail.com','BanToot','(759) 407-7378','8734','High','Bangkok','MA','41017','');
INSERT IGNORE INTO `tblEntreprise` (`Id`,`CourrielEntreprise`,`Nom`,`NumTel`,`NumCivique`,`Rue`,`Ville`,`Province`,`CodePostal`,`Logo`) VALUES (45,'NewFar@hotmail.com','NewFar','(322) 157-3038','7875','Lafay','New Taipei City','ON','71730','');
INSERT IGNORE INTO `tblEntreprise` (`Id`,`CourrielEntreprise`,`Nom`,`NumTel`,`NumCivique`,`Rue`,`Ville`,`Province`,`CodePostal`,`Logo`) VALUES (46,'YokAbso@hotmail.com','YokAbso','(506) 460-6300','4597','Ashle','Yokohama','AL','91762','');
INSERT IGNORE INTO `tblEntreprise` (`Id`,`CourrielEntreprise`,`Nom`,`NumTel`,`NumCivique`,`Rue`,`Ville`,`Province`,`CodePostal`,`Logo`) VALUES (47,'NewDisi@hotmail.com','NewDisi','(835) 755-2430','6185','Creek','New York City','QC','60031','');
INSERT IGNORE INTO `tblEntreprise` (`Id`,`CourrielEntreprise`,`Nom`,`NumTel`,`NumCivique`,`Rue`,`Ville`,`Province`,`CodePostal`,`Logo`) VALUES (48,'LosApat@hotmail.com','LosApat','(543) 170-6043','6098','Frank','Los Angeles','MA','29910','');
INSERT IGNORE INTO `tblEntreprise` (`Id`,`CourrielEntreprise`,`Nom`,`NumTel`,`NumCivique`,`Rue`,`Ville`,`Province`,`CodePostal`,`Logo`) VALUES (49,'JakStin@hotmail.com','JakStin','(349) 919-6016','3996','Taylo','Jakarta','MA','32765','');
INSERT IGNORE INTO `tblEntreprise` (`Id`,`CourrielEntreprise`,`Nom`,`NumTel`,`NumCivique`,`Rue`,`Ville`,`Province`,`CodePostal`,`Logo`) VALUES (50,'TiaIncr@hotmail.com','TiaIncr','(120) 850-8973','7710','Route','Tianjin','ON','60056','');
INSERT IGNORE INTO `tblEntreprise` (`Id`,`CourrielEntreprise`,`Nom`,`NumTel`,`NumCivique`,`Rue`,`Ville`,`Province`,`CodePostal`,`Logo`) VALUES (51,'cegepJonquiere@cegepJonquiere.com','Cégep de Jonquière','(418) 547-2191','2505','Rue Saint-Hubert','Jonquière','QC','G7X 7W2','');

INSERT IGNORE INTO `tblTypeEvaluation` (`Id`,`Titre`,`Objectif`) VALUES (1,'Évaluation mi-stage','La première évaluation servira à noter de façon générale l’élève stagiaire en vue
d\'un réajustement possible. Il serait grandement souhaitable que cette évaluation
se fasse conjointement avec l’élève stagiaire et que la démarche s\'effectue de
façon formative. Une fois complété, le formulaire devra être remis à votre
stagiaire qui se chargera de nous l\'expédier.');
INSERT IGNORE INTO `tblTypeEvaluation` (`Id`,`Titre`,`Objectif`) VALUES (2,'Évaluation finale','La deuxième évaluation mesurera plus en détail les thèmes abordés dans le
formulaire 1, et permettra de tracer le bilan du stage. Dans la semaine qui suivra
la fin du stage, vous devrez nous faire parvenir le formulaire par la poste si vous ne
l\'avez pas déjà remis à votre stagiaire lors de son départ.');
INSERT IGNORE INTO `tblTypeEvaluation` (`Id`,`Titre`,`Objectif`) VALUES (3,'Évaluation de la formation','Obtenir une appréciation de la formation collégiale du stagiaire et évaluer l’importance
des divers domaines de formation en milieu de travail.');
INSERT IGNORE INTO `tblTypeEvaluation` (`Id`,`Titre`,`Objectif`) VALUES (4,'Auto-évaluation','À remplir conjointement par la personne responsable technique et par l’élève stagiaire.');

INSERT IGNORE INTO `tblStage` (`Id`,`IdResponsable`,`IdSuperviseur`,`IdStagiaire`,`IdEnseignant`) VALUES (1,101,51,1,131);
INSERT IGNORE INTO `tblStage` (`Id`,`IdResponsable`,`IdSuperviseur`,`IdStagiaire`,`IdEnseignant`) VALUES (2,102,52,2,132);
INSERT IGNORE INTO `tblStage` (`Id`,`IdResponsable`,`IdSuperviseur`,`IdStagiaire`,`IdEnseignant`) VALUES (3,103,53,3,133);
INSERT IGNORE INTO `tblStage` (`Id`,`IdResponsable`,`IdSuperviseur`,`IdStagiaire`,`IdEnseignant`) VALUES (4,104,54,4,134);
INSERT IGNORE INTO `tblStage` (`Id`,`IdResponsable`,`IdSuperviseur`,`IdStagiaire`,`IdEnseignant`) VALUES (5,105,55,5,135);
INSERT IGNORE INTO `tblStage` (`Id`,`IdResponsable`,`IdSuperviseur`,`IdStagiaire`,`IdEnseignant`) VALUES (6,106,56,6,131);
INSERT IGNORE INTO `tblStage` (`Id`,`IdResponsable`,`IdSuperviseur`,`IdStagiaire`,`IdEnseignant`) VALUES (7,107,57,7,132);
INSERT IGNORE INTO `tblStage` (`Id`,`IdResponsable`,`IdSuperviseur`,`IdStagiaire`,`IdEnseignant`) VALUES (8,108,58,8,133);
INSERT IGNORE INTO `tblStage` (`Id`,`IdResponsable`,`IdSuperviseur`,`IdStagiaire`,`IdEnseignant`) VALUES (9,109,59,9,134);
INSERT IGNORE INTO `tblStage` (`Id`,`IdResponsable`,`IdSuperviseur`,`IdStagiaire`,`IdEnseignant`) VALUES (10,110,60,10,135);
INSERT IGNORE INTO `tblStage` (`Id`,`IdResponsable`,`IdSuperviseur`,`IdStagiaire`,`IdEnseignant`) VALUES (11,111,61,11,131);
INSERT IGNORE INTO `tblStage` (`Id`,`IdResponsable`,`IdSuperviseur`,`IdStagiaire`,`IdEnseignant`) VALUES (12,112,62,12,132);
INSERT IGNORE INTO `tblStage` (`Id`,`IdResponsable`,`IdSuperviseur`,`IdStagiaire`,`IdEnseignant`) VALUES (13,113,63,13,133);
INSERT IGNORE INTO `tblStage` (`Id`,`IdResponsable`,`IdSuperviseur`,`IdStagiaire`,`IdEnseignant`) VALUES (14,114,64,14,134);
INSERT IGNORE INTO `tblStage` (`Id`,`IdResponsable`,`IdSuperviseur`,`IdStagiaire`,`IdEnseignant`) VALUES (15,115,65,15,135);
INSERT IGNORE INTO `tblStage` (`Id`,`IdResponsable`,`IdSuperviseur`,`IdStagiaire`,`IdEnseignant`) VALUES (16,116,66,16,131);
INSERT IGNORE INTO `tblStage` (`Id`,`IdResponsable`,`IdSuperviseur`,`IdStagiaire`,`IdEnseignant`) VALUES (17,117,67,17,132);
INSERT IGNORE INTO `tblStage` (`Id`,`IdResponsable`,`IdSuperviseur`,`IdStagiaire`,`IdEnseignant`) VALUES (18,118,68,18,133);
INSERT IGNORE INTO `tblStage` (`Id`,`IdResponsable`,`IdSuperviseur`,`IdStagiaire`,`IdEnseignant`) VALUES (19,119,69,19,134);
INSERT IGNORE INTO `tblStage` (`Id`,`IdResponsable`,`IdSuperviseur`,`IdStagiaire`,`IdEnseignant`) VALUES (20,120,70,20,135);
INSERT IGNORE INTO `tblStage` (`Id`,`IdResponsable`,`IdSuperviseur`,`IdStagiaire`,`IdEnseignant`) VALUES (21,101,71,21,131);
INSERT IGNORE INTO `tblStage` (`Id`,`IdResponsable`,`IdSuperviseur`,`IdStagiaire`,`IdEnseignant`) VALUES (22,102,72,22,132);
INSERT IGNORE INTO `tblStage` (`Id`,`IdResponsable`,`IdSuperviseur`,`IdStagiaire`,`IdEnseignant`) VALUES (23,103,73,23,133);
INSERT IGNORE INTO `tblStage` (`Id`,`IdResponsable`,`IdSuperviseur`,`IdStagiaire`,`IdEnseignant`) VALUES (24,104,74,24,134);
INSERT IGNORE INTO `tblStage` (`Id`,`IdResponsable`,`IdSuperviseur`,`IdStagiaire`,`IdEnseignant`) VALUES (25,105,75,25,135);
INSERT IGNORE INTO `tblStage` (`Id`,`IdResponsable`,`IdSuperviseur`,`IdStagiaire`,`IdEnseignant`) VALUES (26,106,76,26,131);
INSERT IGNORE INTO `tblStage` (`Id`,`IdResponsable`,`IdSuperviseur`,`IdStagiaire`,`IdEnseignant`) VALUES (27,107,77,27,132);
INSERT IGNORE INTO `tblStage` (`Id`,`IdResponsable`,`IdSuperviseur`,`IdStagiaire`,`IdEnseignant`) VALUES (28,108,78,28,133);
INSERT IGNORE INTO `tblStage` (`Id`,`IdResponsable`,`IdSuperviseur`,`IdStagiaire`,`IdEnseignant`) VALUES (29,109,79,29,134);
INSERT IGNORE INTO `tblStage` (`Id`,`IdResponsable`,`IdSuperviseur`,`IdStagiaire`,`IdEnseignant`) VALUES (30,110,51,30,135);
INSERT IGNORE INTO `tblStage` (`Id`,`IdResponsable`,`IdSuperviseur`,`IdStagiaire`,`IdEnseignant`) VALUES (31,111,52,31,131);
INSERT IGNORE INTO `tblStage` (`Id`,`IdResponsable`,`IdSuperviseur`,`IdStagiaire`,`IdEnseignant`) VALUES (32,112,53,32,132);
INSERT IGNORE INTO `tblStage` (`Id`,`IdResponsable`,`IdSuperviseur`,`IdStagiaire`,`IdEnseignant`) VALUES (33,113,54,33,133);
INSERT IGNORE INTO `tblStage` (`Id`,`IdResponsable`,`IdSuperviseur`,`IdStagiaire`,`IdEnseignant`) VALUES (34,114,55,34,134);
INSERT IGNORE INTO `tblStage` (`Id`,`IdResponsable`,`IdSuperviseur`,`IdStagiaire`,`IdEnseignant`) VALUES (35,115,56,35,135);
INSERT IGNORE INTO `tblStage` (`Id`,`IdResponsable`,`IdSuperviseur`,`IdStagiaire`,`IdEnseignant`) VALUES (36,116,57,36,131);
INSERT IGNORE INTO `tblStage` (`Id`,`IdResponsable`,`IdSuperviseur`,`IdStagiaire`,`IdEnseignant`) VALUES (37,117,58,37,132);
INSERT IGNORE INTO `tblStage` (`Id`,`IdResponsable`,`IdSuperviseur`,`IdStagiaire`,`IdEnseignant`) VALUES (38,118,59,38,133);
INSERT IGNORE INTO `tblStage` (`Id`,`IdResponsable`,`IdSuperviseur`,`IdStagiaire`,`IdEnseignant`) VALUES (39,119,60,39,134);
INSERT IGNORE INTO `tblStage` (`Id`,`IdResponsable`,`IdSuperviseur`,`IdStagiaire`,`IdEnseignant`) VALUES (40,120,61,40,135);
INSERT IGNORE INTO `tblStage` (`Id`,`IdResponsable`,`IdSuperviseur`,`IdStagiaire`,`IdEnseignant`) VALUES (41,101,62,41,131);
INSERT IGNORE INTO `tblStage` (`Id`,`IdResponsable`,`IdSuperviseur`,`IdStagiaire`,`IdEnseignant`) VALUES (42,102,63,42,132);
INSERT IGNORE INTO `tblStage` (`Id`,`IdResponsable`,`IdSuperviseur`,`IdStagiaire`,`IdEnseignant`) VALUES (43,103,64,43,133);
INSERT IGNORE INTO `tblStage` (`Id`,`IdResponsable`,`IdSuperviseur`,`IdStagiaire`,`IdEnseignant`) VALUES (44,104,65,44,134);
INSERT IGNORE INTO `tblStage` (`Id`,`IdResponsable`,`IdSuperviseur`,`IdStagiaire`,`IdEnseignant`) VALUES (45,105,66,45,135);
INSERT IGNORE INTO `tblStage` (`Id`,`IdResponsable`,`IdSuperviseur`,`IdStagiaire`,`IdEnseignant`) VALUES (46,106,67,46,131);
INSERT IGNORE INTO `tblStage` (`Id`,`IdResponsable`,`IdSuperviseur`,`IdStagiaire`,`IdEnseignant`) VALUES (47,107,68,47,132);
INSERT IGNORE INTO `tblStage` (`Id`,`IdResponsable`,`IdSuperviseur`,`IdStagiaire`,`IdEnseignant`) VALUES (48,108,69,48,133);
INSERT IGNORE INTO `tblStage` (`Id`,`IdResponsable`,`IdSuperviseur`,`IdStagiaire`,`IdEnseignant`) VALUES (49,109,70,49,134);
INSERT IGNORE INTO `tblStage` (`Id`,`IdResponsable`,`IdSuperviseur`,`IdStagiaire`,`IdEnseignant`) VALUES (50,110,71,50,135);

INSERT IGNORE INTO `tblQuestion` (`Id`,`Competence`,`Texte`, `IdTypeQuestion`, `IdCategorieQuestion`) VALUES (1,'Intégration dans le milieu ','Intégration dans le milieu ',1,8);
INSERT IGNORE INTO `tblQuestion` (`Id`,`Competence`,`Texte`, `IdTypeQuestion`, `IdCategorieQuestion`) VALUES (2,'Ponctualité', 'L’élève stagiaire est-il ou est-elle constamment à l''heure à son travail?',1,9);
INSERT IGNORE INTO `tblQuestion` (`Id`,`Competence`,`Texte`, `IdTypeQuestion`, `IdCategorieQuestion`) VALUES (3,'Sens des responsabilités','L’élève stagiaire est-il ou est-elle sérieux-se, réfléchie et endosse-t-il ou endosse-t-elle les actes qu''il ou elle pose dans l''exécution de ses tâches?',1,9);
INSERT IGNORE INTO `tblQuestion` (`Id`,`Competence`,`Texte`, `IdTypeQuestion`, `IdCategorieQuestion`) VALUES (4,'Motivation','L’élève stagiaire manifeste-t-il ou manifeste-t-elle un intérêt soutenu à l''égard de son travail?',1,9);
INSERT IGNORE INTO `tblQuestion` (`Id`,`Competence`,`Texte`, `IdTypeQuestion`, `IdCategorieQuestion`) VALUES (5,'Tenue','L’élève stagiaire adopte-t-il ou adopte-t-elle la tenue exigée par les circonstances et le milieu professionnel? ',1,9);
INSERT IGNORE INTO `tblQuestion` (`Id`,`Competence`,`Texte`, `IdTypeQuestion`, `IdCategorieQuestion`) VALUES (6,'Comportement','L’élève stagiaire adopte-t-il ou adopte-t-elle le comportement exigé par les circonstances et le milieu professionnel?',1,9);
INSERT IGNORE INTO `tblQuestion` (`Id`,`Competence`,`Texte`, `IdTypeQuestion`, `IdCategorieQuestion`) VALUES (7,'Planification du travail','Planification du travail',1,10);
INSERT IGNORE INTO `tblQuestion` (`Id`,`Competence`,`Texte`, `IdTypeQuestion`, `IdCategorieQuestion`) VALUES (8,'Choix de la méthode de travail','Choix de la méthode de travail',1,10);
INSERT IGNORE INTO `tblQuestion` (`Id`,`Competence`,`Texte`, `IdTypeQuestion`, `IdCategorieQuestion`) VALUES (9,'Application','L’élève stagiaire fait-il ou fait-elle preuve d''une application constante dans son travail? ',1,10);
INSERT IGNORE INTO `tblQuestion` (`Id`,`Competence`,`Texte`, `IdTypeQuestion`, `IdCategorieQuestion`) VALUES (10,'Qualité du travail','L’élève stagiaire fournit-il ou fournit-elle un travail de qualité tant sur la  forme que sur le fond? ',1,10);
INSERT IGNORE INTO `tblQuestion` (`Id`,`Competence`,`Texte`, `IdTypeQuestion`, `IdCategorieQuestion`) VALUES (11,'Rapidité d''exécution','L’élève stagiaire exécute-t-il ou exécute-telle correctement son travail dans le temps prescrit par les normes de l''organisation pour une ou un stagiaire?',1,10);
INSERT IGNORE INTO `tblQuestion` (`Id`,`Competence`,`Texte`, `IdTypeQuestion`, `IdCategorieQuestion`) VALUES (12,'Initiative et autonomie','L’élève stagiaire prend-il ou prend-elle des initiatives pour apprendre, agir ou essayer dans le cadre du projet demandé?',1,10);
INSERT IGNORE INTO `tblQuestion` (`Id`,`Competence`,`Texte`, `IdTypeQuestion`, `IdCategorieQuestion`) VALUES (13,'Esprit de collaboration','L’élève stagiaire montre-t-il ou montre-telle l''aptitude et la volonté de travailler avec les autres?',1,10);
INSERT IGNORE INTO `tblQuestion` (`Id`,`Competence`,`Texte`, `IdTypeQuestion`, `IdCategorieQuestion`) VALUES (14,'Esprit de groupe','L’élève stagiaire a-t-il ou a-t-elle la capacité et la volonté de s''intégrer au groupe?',1,10);
INSERT IGNORE INTO `tblQuestion` (`Id`,`Competence`,`Texte`, `IdTypeQuestion`, `IdCategorieQuestion`) VALUES (15,'Relation avec la clientèle','L’élève stagiaire sait-il ou sait-elle répondre correctement aux attentes des usagers? ',1,10);
INSERT IGNORE INTO `tblQuestion` (`Id`,`Competence`,`Texte`, `IdTypeQuestion`, `IdCategorieQuestion`) VALUES (16,'Capacité d''apprendre','L’élève stagiaire intègre-t-il ou intègre-telle bien la théorie et la pratique dans les travaux reliés à son projet de stage?',1,11);
INSERT IGNORE INTO `tblQuestion` (`Id`,`Competence`,`Texte`, `IdTypeQuestion`, `IdCategorieQuestion`) VALUES (17,'Curiosité intellectuelle','L’élève stagiaire cherche-t-il ou cherche-t-elle à s''améliorer dans sa spécialité et à défricher de nouveaux domaines? ',1,11);
INSERT IGNORE INTO `tblQuestion` (`Id`,`Competence`,`Texte`, `IdTypeQuestion`, `IdCategorieQuestion`) VALUES (18,'Jugement','L’élève stagiaire peut-il ou peut-elle apprécier par lui ou elle-même un travail ou proposer une solution valable à un problème? ',1,11);
INSERT IGNORE INTO `tblQuestion` (`Id`,`Competence`,`Texte`, `IdTypeQuestion`, `IdCategorieQuestion`) VALUES (19,'Orthographe','L’élève stagiaire écrit-il ou écrit-elle un français, exempt de fautes d''orthographe? ',1,11);
INSERT IGNORE INTO `tblQuestion` (`Id`,`Competence`,`Texte`, `IdTypeQuestion`, `IdCategorieQuestion`) VALUES (20,'Expression écrite','L’élève stagiaire écrit-il ou écrit-elle un français clair, précis?',1,11);
INSERT IGNORE INTO `tblQuestion` (`Id`,`Competence`,`Texte`, `IdTypeQuestion`, `IdCategorieQuestion`) VALUES (21,'Expression orale','L’élève stagiaire s''exprime-t-il ou s’exprime-telle avec aisance en utilisant un langage dont les niveaux sont adaptés aux circonstances?',1,11);
INSERT IGNORE INTO `tblQuestion` (`Id`,`Texte`, `IdTypeQuestion`, `IdCategorieQuestion`) VALUES (22,'Quelle est votre appréciation globale de l’élève stagiaire ? ',1,12);
INSERT IGNORE INTO `tblQuestion` (`Id`,`Texte`, `IdTypeQuestion`, `IdCategorieQuestion`) VALUES (23,'Faire preuve de curiosité.',2,1);
INSERT IGNORE INTO `tblQuestion` (`Id`,`Texte`, `IdTypeQuestion`, `IdCategorieQuestion`) VALUES (24,'Concentrer ses efforts et investir l’énergie nécessaire pour faire du bon travail, voir à se dépasser, et pour satisfaire aux normes de qualité et de rendement en vigueur dans l’entreprise. ',2,1);
INSERT IGNORE INTO `tblQuestion` (`Id`,`Texte`, `IdTypeQuestion`, `IdCategorieQuestion`) VALUES (25,'Porter un intérêt soutenu au travail.  Faire preuve de persévérance et de volonté.',2,1);
INSERT IGNORE INTO `tblQuestion` (`Id`,`Texte`, `IdTypeQuestion`, `IdCategorieQuestion`) VALUES (26,'Être de bonne humeur.  Éprouver du plaisir à travailler ',2,1);
INSERT IGNORE INTO `tblQuestion` (`Id`,`Texte`, `IdTypeQuestion`, `IdCategorieQuestion`) VALUES (27,'Accepter volontiers, et avec ouverture d’esprit, la critique ou les suggestions sur son travail ou sur son comportement.',2,2);
INSERT IGNORE INTO `tblQuestion` (`Id`,`Texte`, `IdTypeQuestion`, `IdCategorieQuestion`) VALUES (28,'Être capable de bien réagir devant les difficultés.',2,2);
INSERT IGNORE INTO `tblQuestion` (`Id`,`Texte`, `IdTypeQuestion`, `IdCategorieQuestion`) VALUES (29,'Avoir un comportement responsable.',2,2);
INSERT IGNORE INTO `tblQuestion` (`Id`,`Texte`, `IdTypeQuestion`, `IdCategorieQuestion`) VALUES (30,'Gérer convenablement son stress : rester calme dans des circonstances imprévues,  conserver son sang-froid face à des situations difficiles. ',2,2);
INSERT IGNORE INTO `tblQuestion` (`Id`,`Texte`, `IdTypeQuestion`, `IdCategorieQuestion`) VALUES (31,'Faire preuve d’initiatives. ',2,3);
INSERT IGNORE INTO `tblQuestion` (`Id`,`Texte`, `IdTypeQuestion`, `IdCategorieQuestion`) VALUES (32,'Être capable de prendre des décisions.',2,3);
INSERT IGNORE INTO `tblQuestion` (`Id`,`Texte`, `IdTypeQuestion`, `IdCategorieQuestion`) VALUES (33,'Être capable d’apprendre de façon autonome.',2,3);
INSERT IGNORE INTO `tblQuestion` (`Id`,`Texte`, `IdTypeQuestion`, `IdCategorieQuestion`) VALUES (34,'Avoir un esprit inventif. ',2,3);
INSERT IGNORE INTO `tblQuestion` (`Id`,`Texte`, `IdTypeQuestion`, `IdCategorieQuestion`) VALUES (35,'Utiliser un langage respectueux.',2,4);
INSERT IGNORE INTO `tblQuestion` (`Id`,`Texte`, `IdTypeQuestion`, `IdCategorieQuestion`) VALUES (36,'Respecter les valeurs véhiculées dans l’entreprise.',2,4);
INSERT IGNORE INTO `tblQuestion` (`Id`,`Texte`, `IdTypeQuestion`, `IdCategorieQuestion`) VALUES (37,'Respecter les conventions, règles ou normes en vigueur.',2,4);
INSERT IGNORE INTO `tblQuestion` (`Id`,`Texte`, `IdTypeQuestion`, `IdCategorieQuestion`) VALUES (38,'Respecter ses engagements.',2,4);
INSERT IGNORE INTO `tblQuestion` (`Id`,`Texte`, `IdTypeQuestion`, `IdCategorieQuestion`) VALUES (39,'S’initier rapidement à de nouvelles méthodes de travail. ',2,5);
INSERT IGNORE INTO `tblQuestion` (`Id`,`Texte`, `IdTypeQuestion`, `IdCategorieQuestion`) VALUES (40,'Se conformer sans difficulté aux standards  et procédures de l’entreprise.',2,5);
INSERT IGNORE INTO `tblQuestion` (`Id`,`Texte`, `IdTypeQuestion`, `IdCategorieQuestion`) VALUES (41,'Changer, au besoin, sa façon de faire.',2,5);
INSERT IGNORE INTO `tblQuestion` (`Id`,`Texte`, `IdTypeQuestion`, `IdCategorieQuestion`) VALUES (42,'S’habituer facilement à de nouveaux outils.',2,5);
INSERT IGNORE INTO `tblQuestion` (`Id`,`Texte`, `IdTypeQuestion`, `IdCategorieQuestion`) VALUES (43,'Adopter des comportements qui conviennent aux nouvelles situations',2,5);
INSERT IGNORE INTO `tblQuestion` (`Id`,`Texte`, `IdTypeQuestion`, `IdCategorieQuestion`) VALUES (44,'Accomplir les tâches en respectant les directives, les contraintes, les normes de qualité et le temps alloué. ',2,6);
INSERT IGNORE INTO `tblQuestion` (`Id`,`Texte`, `IdTypeQuestion`, `IdCategorieQuestion`) VALUES (45,'Être capable de travailler assidûment.',2,6);
INSERT IGNORE INTO `tblQuestion` (`Id`,`Texte`, `IdTypeQuestion`, `IdCategorieQuestion`) VALUES (46,'Agir efficacement.',2,6);
INSERT IGNORE INTO `tblQuestion` (`Id`,`Texte`, `IdTypeQuestion`, `IdCategorieQuestion`) VALUES (47,'Prendre des initiatives pertinentes et justifiées. ',2,6);
INSERT IGNORE INTO `tblQuestion` (`Id`,`Texte`, `IdTypeQuestion`, `IdCategorieQuestion`) VALUES (48,'Bien cerner le projet ou l’activité et comprendre les tâches à accomplir. ',2,6);
INSERT IGNORE INTO `tblQuestion` (`Id`,`Texte`, `IdTypeQuestion`, `IdCategorieQuestion`) VALUES (49,'Poser des questions pertinentes pour clarifier les demandes, les attentes et les contraintes.',2,6);
INSERT IGNORE INTO `tblQuestion` (`Id`,`Texte`, `IdTypeQuestion`, `IdCategorieQuestion`) VALUES (50,'Organiser et gérer efficacement son temps de travail.  Savoir établir des priorités. ',2,6);
INSERT IGNORE INTO `tblQuestion` (`Id`,`Texte`, `IdTypeQuestion`, `IdCategorieQuestion`) VALUES (51,'Vérifier son travail afin d’éviter les erreurs et de ne pas oublier d’éléments reliés à la tâche. ',2,6);
INSERT IGNORE INTO `tblQuestion` (`Id`,`Texte`, `IdTypeQuestion`, `IdCategorieQuestion`) VALUES (52,'Utiliser les ressources mises à sa disposition de manière responsable (travailler de façon sécuritaire, manipuler avec précaution les outils mis à sa disposition et les maintenir en bon ordre). ',2,6);
INSERT IGNORE INTO `tblQuestion` (`Id`,`Texte`, `IdTypeQuestion`, `IdCategorieQuestion`) VALUES (53,'S’intégrer sans difficulté dans un nouveau groupe de personnes. ',2,7);
INSERT IGNORE INTO `tblQuestion` (`Id`,`Texte`, `IdTypeQuestion`, `IdCategorieQuestion`) VALUES (54,'Établir et entretenir des rapports de confiance et de respect.',2,7);
INSERT IGNORE INTO `tblQuestion` (`Id`,`Texte`, `IdTypeQuestion`, `IdCategorieQuestion`) VALUES (55,'Adapter son niveau de langage à son interlocuteur.',2,7);
INSERT IGNORE INTO `tblQuestion` (`Id`,`Texte`, `IdTypeQuestion`, `IdCategorieQuestion`) VALUES (56,'Tenir compte du point de vue des autres et reconsidérer, s’il y a lieu, son propre point de vue. ',2,7);
INSERT IGNORE INTO `tblQuestion` (`Id`,`Texte`, `IdTypeQuestion`, `IdCategorieQuestion`) VALUES (66,'Commentaires.',3,7);
INSERT IGNORE INTO `tblQuestion` (`Id`,`Texte`, `IdTypeQuestion`, `IdCategorieQuestion`) VALUES (67,'Commentaires.',3,12);


INSERT IGNORE INTO `tblQuestion` (`Id`,`Texte`, `IdTypeQuestion`, `IdCategorieQuestion`) VALUES (57,'La formation a permis au stagiaire de bien fonctionner dans un contexte de développement d\’application (modélisation, documentation, tests, etc.)',2,13);
INSERT IGNORE INTO `tblQuestion` (`Id`,`Texte`, `IdTypeQuestion`, `IdCategorieQuestion`) VALUES (58,'La formation reçue a permis au stagiaire de s\’adapter aux environnements de développement de l’entreprise',2,14);
INSERT IGNORE INTO `tblQuestion` (`Id`,`Texte`, `IdTypeQuestion`, `IdCategorieQuestion`) VALUES (59,'Les connaissances du stagiaire étaient suffisantes pour comprendre et réaliser les tâches confiées',2,14);
INSERT IGNORE INTO `tblQuestion` (`Id`,`Texte`, `IdTypeQuestion`, `IdCategorieQuestion`) VALUES (60,'Les connaissances du stagiaire étaient suffisantes pour réaliser des tâches reliées au WEB',2,15);
INSERT IGNORE INTO `tblQuestion` (`Id`,`Texte`, `IdTypeQuestion`, `IdCategorieQuestion`) VALUES (61,'La formation reçue par le stagiaire lui a permis de bien modéliser les informations dans une base de données',2,16);
INSERT IGNORE INTO `tblQuestion` (`Id`,`Texte`, `IdTypeQuestion`, `IdCategorieQuestion`) VALUES (62,'Les connaissances du stagiaire lui ont permis d’effectuer des interactions justes avec la base de données(ex : requêtes SQL)',2,16);
INSERT IGNORE INTO `tblQuestion` (`Id`,`Texte`, `IdTypeQuestion`, `IdCategorieQuestion`) VALUES (63,'La formation en réseautique du stagiaire lui a permis de réaliser efficacement les tâches confiées',2,17);
INSERT IGNORE INTO `tblQuestion` (`Id`,`Texte`, `IdTypeQuestion`, `IdCategorieQuestion`) VALUES (64,'La formation reçue par le stagiaire lui a permis de réaliser des installations et des configurations de systèmes',2,18);
INSERT IGNORE INTO `tblQuestion` (`Id`,`Texte`, `IdTypeQuestion`, `IdCategorieQuestion`) VALUES (65,'Le stagiaire possède les techniques de support nécessaire pour répondre à des demandes d’assistance de la part des usagers',2,18);

INSERT IGNORE INTO `tblReponse` (`Id`,`Texte`) VALUES (1,'Généralement');
INSERT IGNORE INTO `tblReponse` (`Id`,`Texte`) VALUES (2,'Souvent');
INSERT IGNORE INTO `tblReponse` (`Id`,`Texte`) VALUES (3,'Parfois');
INSERT IGNORE INTO `tblReponse` (`Id`,`Texte`) VALUES (4,'Rarement');
INSERT IGNORE INTO `tblReponse` (`Id`,`Texte`) VALUES (5,'est familiarisé-e rapidement à divers  services de l''organisation. ');
INSERT IGNORE INTO `tblReponse` (`Id`,`Texte`) VALUES (6,'est intéressé-e progressivement à divers services de l''organisation.');
INSERT IGNORE INTO `tblReponse` (`Id`,`Texte`) VALUES (7,'Intégration normale à la vie du milieu de stage.');
INSERT IGNORE INTO `tblReponse` (`Id`,`Texte`) VALUES (8,'est limité-e à l''équipe de travail.');
INSERT IGNORE INTO `tblReponse` (`Id`,`Texte`) VALUES (9,'a fait que peu d’effort d''adaptation. ');
INSERT IGNORE INTO `tblReponse` (`Id`,`Texte`) VALUES (10,'Ponctualité irréprochable. ');
INSERT IGNORE INTO `tblReponse` (`Id`,`Texte`) VALUES (11,'Arrive rarement en retard à son travail.');
INSERT IGNORE INTO `tblReponse` (`Id`,`Texte`) VALUES (12,'Arrive parfois en retard à son travail. ');
INSERT IGNORE INTO `tblReponse` (`Id`,`Texte`) VALUES (13,'Se permet facilement d''être en retard au travail. ');
INSERT IGNORE INTO `tblReponse` (`Id`,`Texte`) VALUES (14,'Retardataire invétéré-e. ');
INSERT IGNORE INTO `tblReponse` (`Id`,`Texte`) VALUES (15,'Accepte toutes les responsabilités même dans les situations difficiles.');
INSERT IGNORE INTO `tblReponse` (`Id`,`Texte`) VALUES (16,'Accepte volontiers les responsabilités.');
INSERT IGNORE INTO `tblReponse` (`Id`,`Texte`) VALUES (17,'Accepte les responsabilités sans toutefois les rechercher.');
INSERT IGNORE INTO `tblReponse` (`Id`,`Texte`) VALUES (18,'Inégal-e dans l''acceptation des responsabilités.');
INSERT IGNORE INTO `tblReponse` (`Id`,`Texte`) VALUES (19,'Fuit les responsabilités.');
INSERT IGNORE INTO `tblReponse` (`Id`,`Texte`) VALUES (20,'Consacre à son travail le maximum ''efforts et de temps.');
INSERT IGNORE INTO `tblReponse` (`Id`,`Texte`) VALUES (21,'Se montre très intéressé-e par son travail.');
INSERT IGNORE INTO `tblReponse` (`Id`,`Texte`) VALUES (22,'Intéressé-e par son travail, donne un rendement satisfaisant.');
INSERT IGNORE INTO `tblReponse` (`Id`,`Texte`) VALUES (23,'Manque d''intérêt pour son travail, rendement faible.');
INSERT IGNORE INTO `tblReponse` (`Id`,`Texte`) VALUES (24,'Manque évident d''intérêt.');
INSERT IGNORE INTO `tblReponse` (`Id`,`Texte`) VALUES (25,'Tenue toujours adaptée aux circonstances et au milieu. ');
INSERT IGNORE INTO `tblReponse` (`Id`,`Texte`) VALUES (26,'Tenue généralement bien adaptée aux circonstances et au milieu.');
INSERT IGNORE INTO `tblReponse` (`Id`,`Texte`) VALUES (27,'Tenue satisfaisante. ');
INSERT IGNORE INTO `tblReponse` (`Id`,`Texte`) VALUES (28,'Tenue parfois négligée.');
INSERT IGNORE INTO `tblReponse` (`Id`,`Texte`) VALUES (29,'Tenue inacceptable. ');
INSERT IGNORE INTO `tblReponse` (`Id`,`Texte`) VALUES (30,'Comportement très bien adapté aux circonstances et au milieu. ');
INSERT IGNORE INTO `tblReponse` (`Id`,`Texte`) VALUES (31,'Comportement bien adapté aux circonstances et au milieu. ');
INSERT IGNORE INTO `tblReponse` (`Id`,`Texte`) VALUES (32,'Comportement acceptable.');
INSERT IGNORE INTO `tblReponse` (`Id`,`Texte`) VALUES (33,'Comportement faible.');
INSERT IGNORE INTO `tblReponse` (`Id`,`Texte`) VALUES (34,'Comportement inacceptable.');
INSERT IGNORE INTO `tblReponse` (`Id`,`Texte`) VALUES (35,'Planifie très bien son travail de façon professionnelle.');
INSERT IGNORE INTO `tblReponse` (`Id`,`Texte`) VALUES (36,'Planifie bien son travail seule ou seul. ');
INSERT IGNORE INTO `tblReponse` (`Id`,`Texte`) VALUES (37,'Planifie normalement son travail. ');
INSERT IGNORE INTO `tblReponse` (`Id`,`Texte`) VALUES (38,'Planification qui laisse à désirer.');
INSERT IGNORE INTO `tblReponse` (`Id`,`Texte`) VALUES (39,'Exécute les tâches sans égard à leur importance.');
INSERT IGNORE INTO `tblReponse` (`Id`,`Texte`) VALUES (40,'Généralement capable de choisir et d''appliquer la bonne technique.');
INSERT IGNORE INTO `tblReponse` (`Id`,`Texte`) VALUES (41,'Parfois capable de choisir et d''appliquer la bonne technique.');
INSERT IGNORE INTO `tblReponse` (`Id`,`Texte`) VALUES (42,'Technique douteuse mais résultats attendus.');
INSERT IGNORE INTO `tblReponse` (`Id`,`Texte`) VALUES (43,'Technique douteuse et résultats douteux.');
INSERT IGNORE INTO `tblReponse` (`Id`,`Texte`) VALUES (44,'Travail par essais et erreurs d''aboutissant à rien.');
INSERT IGNORE INTO `tblReponse` (`Id`,`Texte`) VALUES (45,'Montre une application supérieure.');
INSERT IGNORE INTO `tblReponse` (`Id`,`Texte`) VALUES (46,'Montre une application au-dessus de la moyenne.');
INSERT IGNORE INTO `tblReponse` (`Id`,`Texte`) VALUES (47,'Montre une application moyenne dans son travail. ');
INSERT IGNORE INTO `tblReponse` (`Id`,`Texte`) VALUES (48,'Manque d''application.');
INSERT IGNORE INTO `tblReponse` (`Id`,`Texte`) VALUES (49,'Insouciance dans le travail.');
INSERT IGNORE INTO `tblReponse` (`Id`,`Texte`) VALUES (50,'Travail très bien fait.');
INSERT IGNORE INTO `tblReponse` (`Id`,`Texte`) VALUES (51,'Travail bien fait.');
INSERT IGNORE INTO `tblReponse` (`Id`,`Texte`) VALUES (52,'Travail satisfaisant nécessitant une vérification normale.');
INSERT IGNORE INTO `tblReponse` (`Id`,`Texte`) VALUES (53,'Travail douteux qui exige une surveillance constante.');
INSERT IGNORE INTO `tblReponse` (`Id`,`Texte`) VALUES (54,'Travail inacceptable.');
INSERT IGNORE INTO `tblReponse` (`Id`,`Texte`) VALUES (55,'Vitesse d''exécution significativement supérieure à la moyenne.');
INSERT IGNORE INTO `tblReponse` (`Id`,`Texte`) VALUES (56,'Vitesse d''exécution légèrement supérieure à la moyenne.');
INSERT IGNORE INTO `tblReponse` (`Id`,`Texte`) VALUES (57,'Travail effectué dans un temps normal.');
INSERT IGNORE INTO `tblReponse` (`Id`,`Texte`) VALUES (58,'Rapidité inférieure à la moyenne.');
INSERT IGNORE INTO `tblReponse` (`Id`,`Texte`) VALUES (59,'Trop lent. ');
INSERT IGNORE INTO `tblReponse` (`Id`,`Texte`) VALUES (60,'Démontre beaucoup d''initiative pour planifier et exécuter sa tâche.');
INSERT IGNORE INTO `tblReponse` (`Id`,`Texte`) VALUES (61,'Démontre généralement de l’initiative pour effectuer ses tâches.');
INSERT IGNORE INTO `tblReponse` (`Id`,`Texte`) VALUES (62,'Recherche une assistance normale dans l''accomplissement de ses tâches.');
INSERT IGNORE INTO `tblReponse` (`Id`,`Texte`) VALUES (63,'Entreprend peu et recherche souvent l''assistance de ses supérieurs ou collègues.');
INSERT IGNORE INTO `tblReponse` (`Id`,`Texte`) VALUES (64,'Absence d''initiative.');
INSERT IGNORE INTO `tblReponse` (`Id`,`Texte`) VALUES (65,'Bonne collaboration, participe activement au travail d''équipe.');
INSERT IGNORE INTO `tblReponse` (`Id`,`Texte`) VALUES (66,'Bonne collaboration, fournit un apport valable à son équipe. ');
INSERT IGNORE INTO `tblReponse` (`Id`,`Texte`) VALUES (67,'Accepte de collaborer lorsque c''est nécessaire.');
INSERT IGNORE INTO `tblReponse` (`Id`,`Texte`) VALUES (68,'À la remorque du groupe, doit être incité à collaborer. ');
INSERT IGNORE INTO `tblReponse` (`Id`,`Texte`) VALUES (69,'Refus de collaborer. ');
INSERT IGNORE INTO `tblReponse` (`Id`,`Texte`) VALUES (70,'Démontre toujours un esprit de groupe dépassant la moyenne');
INSERT IGNORE INTO `tblReponse` (`Id`,`Texte`) VALUES (71,'Démontre habituellement un bon esprit de groupe.');
INSERT IGNORE INTO `tblReponse` (`Id`,`Texte`) VALUES (72,'Démontre un esprit de groupe normal.');
INSERT IGNORE INTO `tblReponse` (`Id`,`Texte`) VALUES (73,'s''adapte lentement et mal au groupe.');
INSERT IGNORE INTO `tblReponse` (`Id`,`Texte`) VALUES (74,'Marginal.');
INSERT IGNORE INTO `tblReponse` (`Id`,`Texte`) VALUES (75,'Sait écouter, analyser et répondre efficacement à la demande.');
INSERT IGNORE INTO `tblReponse` (`Id`,`Texte`) VALUES (76,'Peut répondre à la majeure partie de la demande.');
INSERT IGNORE INTO `tblReponse` (`Id`,`Texte`) VALUES (77,'Répond partiellement à la demande.');
INSERT IGNORE INTO `tblReponse` (`Id`,`Texte`) VALUES (78,'Manque d''écoute et analyse superficielle de la demande.');
INSERT IGNORE INTO `tblReponse` (`Id`,`Texte`) VALUES (79,'Ne comprend pas les demandes.');
INSERT IGNORE INTO `tblReponse` (`Id`,`Texte`) VALUES (80,'Saisit rapidement l''essentiel avec un minimum d''explications.');
INSERT IGNORE INTO `tblReponse` (`Id`,`Texte`) VALUES (81,'Esprit rapide qui assimile à la suite d''explications suffisantes.');
INSERT IGNORE INTO `tblReponse` (`Id`,`Texte`) VALUES (82,'Assimile bien à la suite d''explications détaillées.');
INSERT IGNORE INTO `tblReponse` (`Id`,`Texte`) VALUES (83,'N''assimile qu''à la suite d''explications répétées. ');
INSERT IGNORE INTO `tblReponse` (`Id`,`Texte`) VALUES (84,'Inapte au travail demandé.');
INSERT IGNORE INTO `tblReponse` (`Id`,`Texte`) VALUES (85,'Démontre une ouverture d''esprit, une grande curiosité.');
INSERT IGNORE INTO `tblReponse` (`Id`,`Texte`) VALUES (86,'Cherche constamment à élargir le champ de ses connaissances.');
INSERT IGNORE INTO `tblReponse` (`Id`,`Texte`) VALUES (87,'Démontre une bonne curiosité cantonnée cependant à sa spécialité.');
INSERT IGNORE INTO `tblReponse` (`Id`,`Texte`) VALUES (88,'Éprouve rarement le besoin de s''améliorer même dans son domaine. ');
INSERT IGNORE INTO `tblReponse` (`Id`,`Texte`) VALUES (89,'Manque total de curiosité.');
INSERT IGNORE INTO `tblReponse` (`Id`,`Texte`) VALUES (90,'Très bon jugement, identifie habituellement la bonne solution aux problèmes posés.');
INSERT IGNORE INTO `tblReponse` (`Id`,`Texte`) VALUES (91,'Bon jugement, émet souvent une opinion éclairée sur les problèmes posés.');
INSERT IGNORE INTO `tblReponse` (`Id`,`Texte`) VALUES (92,'Donne parfois une bonne opinion.');
INSERT IGNORE INTO `tblReponse` (`Id`,`Texte`) VALUES (93,'Donne rarement une opinion sur les problèmes posés.');
INSERT IGNORE INTO `tblReponse` (`Id`,`Texte`) VALUES (94,'Jugement faible. ');
INSERT IGNORE INTO `tblReponse` (`Id`,`Texte`) VALUES (95,'Orthographe sans faute. ');
INSERT IGNORE INTO `tblReponse` (`Id`,`Texte`) VALUES (96,'Orthographe avec quelques fautes.');
INSERT IGNORE INTO `tblReponse` (`Id`,`Texte`) VALUES (97,'Orthographe acceptable.');
INSERT IGNORE INTO `tblReponse` (`Id`,`Texte`) VALUES (98,'Orthographe avec beaucoup de fautes.');
INSERT IGNORE INTO `tblReponse` (`Id`,`Texte`) VALUES (99,'Orthographe inacceptable.');
INSERT IGNORE INTO `tblReponse` (`Id`,`Texte`) VALUES (100,'L''expression écrite est s''un excellent niveau.');
INSERT IGNORE INTO `tblReponse` (`Id`,`Texte`) VALUES (101,'L''expression écrite est claire et précise.');
INSERT IGNORE INTO `tblReponse` (`Id`,`Texte`) VALUES (102,'L''expression écrite est acceptable.');
INSERT IGNORE INTO `tblReponse` (`Id`,`Texte`) VALUES (103,'L''expression écrite est maladroite.');
INSERT IGNORE INTO `tblReponse` (`Id`,`Texte`) VALUES (104,'L''expression écrite est déficiente.');
INSERT IGNORE INTO `tblReponse` (`Id`,`Texte`) VALUES (105,'s''exprime toujours correctement, avec précision et aisance.');
INSERT IGNORE INTO `tblReponse` (`Id`,`Texte`) VALUES (106,'s''exprime correctement et avec précision');
INSERT IGNORE INTO `tblReponse` (`Id`,`Texte`) VALUES (107,'s''exprime d’une manière satisfaisante.');
INSERT IGNORE INTO `tblReponse` (`Id`,`Texte`) VALUES (108,'s''exprime difficilement et de façon approximative.');
INSERT IGNORE INTO `tblReponse` (`Id`,`Texte`) VALUES (109,'Expression orale inacceptable.');
INSERT IGNORE INTO `tblReponse` (`Id`,`Texte`) VALUES (110,'Excellent');
INSERT IGNORE INTO `tblReponse` (`Id`,`Texte`) VALUES (111,'Très bien ');
INSERT IGNORE INTO `tblReponse` (`Id`,`Texte`) VALUES (112,'Bien ');
INSERT IGNORE INTO `tblReponse` (`Id`,`Texte`) VALUES (113,'Acceptable ');
INSERT IGNORE INTO `tblReponse` (`Id`,`Texte`) VALUES (114,'Faible ');
INSERT IGNORE INTO `tblReponse` (`Id`,`Texte`) VALUES (115,'En accord');
INSERT IGNORE INTO `tblReponse` (`Id`,`Texte`) VALUES (116,'Plutot en accord');
INSERT IGNORE INTO `tblReponse` (`Id`,`Texte`) VALUES (117,'Plutot en désaccord');
INSERT IGNORE INTO `tblReponse` (`Id`,`Texte`) VALUES (118,'En désaccord');
INSERT IGNORE INTO `tblReponse` (`Id`,`Texte`) VALUES (119,'Ne s\'applique pas');


-- questions evaluation finale
INSERT INTO `tblReponseQuestion` (`IdReponse`,`IdQuestion`) VALUES (5,1);
INSERT INTO `tblReponseQuestion` (`IdReponse`,`IdQuestion`) VALUES (6,1);
INSERT INTO `tblReponseQuestion` (`IdReponse`,`IdQuestion`) VALUES (7,1);
INSERT INTO `tblReponseQuestion` (`IdReponse`,`IdQuestion`) VALUES (8,1);
INSERT INTO `tblReponseQuestion` (`IdReponse`,`IdQuestion`) VALUES (9,1);
INSERT INTO `tblReponseQuestion` (`IdReponse`,`IdQuestion`) VALUES (10,2);
INSERT INTO `tblReponseQuestion` (`IdReponse`,`IdQuestion`) VALUES (11,2);
INSERT INTO `tblReponseQuestion` (`IdReponse`,`IdQuestion`) VALUES (12,2);
INSERT INTO `tblReponseQuestion` (`IdReponse`,`IdQuestion`) VALUES (13,2);
INSERT INTO `tblReponseQuestion` (`IdReponse`,`IdQuestion`) VALUES (14,2);
INSERT INTO `tblReponseQuestion` (`IdReponse`,`IdQuestion`) VALUES (15,3);
INSERT INTO `tblReponseQuestion` (`IdReponse`,`IdQuestion`) VALUES (16,3);
INSERT INTO `tblReponseQuestion` (`IdReponse`,`IdQuestion`) VALUES (17,3);
INSERT INTO `tblReponseQuestion` (`IdReponse`,`IdQuestion`) VALUES (18,3);
INSERT INTO `tblReponseQuestion` (`IdReponse`,`IdQuestion`) VALUES (19,3);
INSERT INTO `tblReponseQuestion` (`IdReponse`,`IdQuestion`) VALUES (20,4);
INSERT INTO `tblReponseQuestion` (`IdReponse`,`IdQuestion`) VALUES (21,4);
INSERT INTO `tblReponseQuestion` (`IdReponse`,`IdQuestion`) VALUES (22,4);
INSERT INTO `tblReponseQuestion` (`IdReponse`,`IdQuestion`) VALUES (23,4);
INSERT INTO `tblReponseQuestion` (`IdReponse`,`IdQuestion`) VALUES (24,4);
INSERT INTO `tblReponseQuestion` (`IdReponse`,`IdQuestion`) VALUES (25,5);
INSERT INTO `tblReponseQuestion` (`IdReponse`,`IdQuestion`) VALUES (26,5);
INSERT INTO `tblReponseQuestion` (`IdReponse`,`IdQuestion`) VALUES (27,5);
INSERT INTO `tblReponseQuestion` (`IdReponse`,`IdQuestion`) VALUES (28,5);
INSERT INTO `tblReponseQuestion` (`IdReponse`,`IdQuestion`) VALUES (29,5);
INSERT INTO `tblReponseQuestion` (`IdReponse`,`IdQuestion`) VALUES (30,6);
INSERT INTO `tblReponseQuestion` (`IdReponse`,`IdQuestion`) VALUES (31,6);
INSERT INTO `tblReponseQuestion` (`IdReponse`,`IdQuestion`) VALUES (32,6);
INSERT INTO `tblReponseQuestion` (`IdReponse`,`IdQuestion`) VALUES (33,6);
INSERT INTO `tblReponseQuestion` (`IdReponse`,`IdQuestion`) VALUES (34,6);
INSERT INTO `tblReponseQuestion` (`IdReponse`,`IdQuestion`) VALUES (35,7);
INSERT INTO `tblReponseQuestion` (`IdReponse`,`IdQuestion`) VALUES (36,7);
INSERT INTO `tblReponseQuestion` (`IdReponse`,`IdQuestion`) VALUES (37,7);
INSERT INTO `tblReponseQuestion` (`IdReponse`,`IdQuestion`) VALUES (38,7);
INSERT INTO `tblReponseQuestion` (`IdReponse`,`IdQuestion`) VALUES (39,7);
INSERT INTO `tblReponseQuestion` (`IdReponse`,`IdQuestion`) VALUES (40,8);
INSERT INTO `tblReponseQuestion` (`IdReponse`,`IdQuestion`) VALUES (41,8);
INSERT INTO `tblReponseQuestion` (`IdReponse`,`IdQuestion`) VALUES (42,8);
INSERT INTO `tblReponseQuestion` (`IdReponse`,`IdQuestion`) VALUES (43,8);
INSERT INTO `tblReponseQuestion` (`IdReponse`,`IdQuestion`) VALUES (44,8);
INSERT INTO `tblReponseQuestion` (`IdReponse`,`IdQuestion`) VALUES (45,9);
INSERT INTO `tblReponseQuestion` (`IdReponse`,`IdQuestion`) VALUES (46,9);
INSERT INTO `tblReponseQuestion` (`IdReponse`,`IdQuestion`) VALUES (47,9);
INSERT INTO `tblReponseQuestion` (`IdReponse`,`IdQuestion`) VALUES (48,9);
INSERT INTO `tblReponseQuestion` (`IdReponse`,`IdQuestion`) VALUES (49,9);
INSERT INTO `tblReponseQuestion` (`IdReponse`,`IdQuestion`) VALUES (50,10);
INSERT INTO `tblReponseQuestion` (`IdReponse`,`IdQuestion`) VALUES (51,10);
INSERT INTO `tblReponseQuestion` (`IdReponse`,`IdQuestion`) VALUES (52,10);
INSERT INTO `tblReponseQuestion` (`IdReponse`,`IdQuestion`) VALUES (53,10);
INSERT INTO `tblReponseQuestion` (`IdReponse`,`IdQuestion`) VALUES (54,10);
INSERT INTO `tblReponseQuestion` (`IdReponse`,`IdQuestion`) VALUES (55,11);
INSERT INTO `tblReponseQuestion` (`IdReponse`,`IdQuestion`) VALUES (56,11);
INSERT INTO `tblReponseQuestion` (`IdReponse`,`IdQuestion`) VALUES (57,11);
INSERT INTO `tblReponseQuestion` (`IdReponse`,`IdQuestion`) VALUES (58,11);
INSERT INTO `tblReponseQuestion` (`IdReponse`,`IdQuestion`) VALUES (59,11);
INSERT INTO `tblReponseQuestion` (`IdReponse`,`IdQuestion`) VALUES (60,12);
INSERT INTO `tblReponseQuestion` (`IdReponse`,`IdQuestion`) VALUES (61,12);
INSERT INTO `tblReponseQuestion` (`IdReponse`,`IdQuestion`) VALUES (62,12);
INSERT INTO `tblReponseQuestion` (`IdReponse`,`IdQuestion`) VALUES (63,12);
INSERT INTO `tblReponseQuestion` (`IdReponse`,`IdQuestion`) VALUES (64,12);
INSERT INTO `tblReponseQuestion` (`IdReponse`,`IdQuestion`) VALUES (65,13);
INSERT INTO `tblReponseQuestion` (`IdReponse`,`IdQuestion`) VALUES (66,13);
INSERT INTO `tblReponseQuestion` (`IdReponse`,`IdQuestion`) VALUES (67,13);
INSERT INTO `tblReponseQuestion` (`IdReponse`,`IdQuestion`) VALUES (68,13);
INSERT INTO `tblReponseQuestion` (`IdReponse`,`IdQuestion`) VALUES (69,13);
INSERT INTO `tblReponseQuestion` (`IdReponse`,`IdQuestion`) VALUES (70,14);
INSERT INTO `tblReponseQuestion` (`IdReponse`,`IdQuestion`) VALUES (71,14);
INSERT INTO `tblReponseQuestion` (`IdReponse`,`IdQuestion`) VALUES (72,14);
INSERT INTO `tblReponseQuestion` (`IdReponse`,`IdQuestion`) VALUES (73,14);
INSERT INTO `tblReponseQuestion` (`IdReponse`,`IdQuestion`) VALUES (74,14);
INSERT INTO `tblReponseQuestion` (`IdReponse`,`IdQuestion`) VALUES (75,15);
INSERT INTO `tblReponseQuestion` (`IdReponse`,`IdQuestion`) VALUES (76,15);
INSERT INTO `tblReponseQuestion` (`IdReponse`,`IdQuestion`) VALUES (77,15);
INSERT INTO `tblReponseQuestion` (`IdReponse`,`IdQuestion`) VALUES (78,15);
INSERT INTO `tblReponseQuestion` (`IdReponse`,`IdQuestion`) VALUES (79,15);
INSERT INTO `tblReponseQuestion` (`IdReponse`,`IdQuestion`) VALUES (80,16);
INSERT INTO `tblReponseQuestion` (`IdReponse`,`IdQuestion`) VALUES (81,16);
INSERT INTO `tblReponseQuestion` (`IdReponse`,`IdQuestion`) VALUES (82,16);
INSERT INTO `tblReponseQuestion` (`IdReponse`,`IdQuestion`) VALUES (83,16);
INSERT INTO `tblReponseQuestion` (`IdReponse`,`IdQuestion`) VALUES (84,16);
INSERT INTO `tblReponseQuestion` (`IdReponse`,`IdQuestion`) VALUES (85,17);
INSERT INTO `tblReponseQuestion` (`IdReponse`,`IdQuestion`) VALUES (86,17);
INSERT INTO `tblReponseQuestion` (`IdReponse`,`IdQuestion`) VALUES (87,17);
INSERT INTO `tblReponseQuestion` (`IdReponse`,`IdQuestion`) VALUES (88,17);
INSERT INTO `tblReponseQuestion` (`IdReponse`,`IdQuestion`) VALUES (89,17);
INSERT INTO `tblReponseQuestion` (`IdReponse`,`IdQuestion`) VALUES (90,18);
INSERT INTO `tblReponseQuestion` (`IdReponse`,`IdQuestion`) VALUES (91,18);
INSERT INTO `tblReponseQuestion` (`IdReponse`,`IdQuestion`) VALUES (92,18);
INSERT INTO `tblReponseQuestion` (`IdReponse`,`IdQuestion`) VALUES (93,18);
INSERT INTO `tblReponseQuestion` (`IdReponse`,`IdQuestion`) VALUES (94,18);
INSERT INTO `tblReponseQuestion` (`IdReponse`,`IdQuestion`) VALUES (95,19);
INSERT INTO `tblReponseQuestion` (`IdReponse`,`IdQuestion`) VALUES (96,19);
INSERT INTO `tblReponseQuestion` (`IdReponse`,`IdQuestion`) VALUES (97,19);
INSERT INTO `tblReponseQuestion` (`IdReponse`,`IdQuestion`) VALUES (98,19);
INSERT INTO `tblReponseQuestion` (`IdReponse`,`IdQuestion`) VALUES (99,19);
INSERT INTO `tblReponseQuestion` (`IdReponse`,`IdQuestion`) VALUES (100,20);
INSERT INTO `tblReponseQuestion` (`IdReponse`,`IdQuestion`) VALUES (101,20);
INSERT INTO `tblReponseQuestion` (`IdReponse`,`IdQuestion`) VALUES (102,20);
INSERT INTO `tblReponseQuestion` (`IdReponse`,`IdQuestion`) VALUES (103,20);
INSERT INTO `tblReponseQuestion` (`IdReponse`,`IdQuestion`) VALUES (104,20);
INSERT INTO `tblReponseQuestion` (`IdReponse`,`IdQuestion`) VALUES (105,21);
INSERT INTO `tblReponseQuestion` (`IdReponse`,`IdQuestion`) VALUES (106,21);
INSERT INTO `tblReponseQuestion` (`IdReponse`,`IdQuestion`) VALUES (107,21);
INSERT INTO `tblReponseQuestion` (`IdReponse`,`IdQuestion`) VALUES (108,21);
INSERT INTO `tblReponseQuestion` (`IdReponse`,`IdQuestion`) VALUES (109,21);
INSERT INTO `tblReponseQuestion` (`IdReponse`,`IdQuestion`) VALUES (110,22);
INSERT INTO `tblReponseQuestion` (`IdReponse`,`IdQuestion`) VALUES (111,22);
INSERT INTO `tblReponseQuestion` (`IdReponse`,`IdQuestion`) VALUES (112,22);
INSERT INTO `tblReponseQuestion` (`IdReponse`,`IdQuestion`) VALUES (113,22);
INSERT INTO `tblReponseQuestion` (`IdReponse`,`IdQuestion`) VALUES (114,22);
-- question evaluation mi-stage
INSERT INTO `tblReponseQuestion` (`IdReponse`,`IdQuestion`) VALUES (1,23);
INSERT INTO `tblReponseQuestion` (`IdReponse`,`IdQuestion`) VALUES (2,23);
INSERT INTO `tblReponseQuestion` (`IdReponse`,`IdQuestion`) VALUES (3,23);
INSERT INTO `tblReponseQuestion` (`IdReponse`,`IdQuestion`) VALUES (4,23);
INSERT INTO `tblReponseQuestion` (`IdReponse`,`IdQuestion`) VALUES (1,24);
INSERT INTO `tblReponseQuestion` (`IdReponse`,`IdQuestion`) VALUES (2,24);
INSERT INTO `tblReponseQuestion` (`IdReponse`,`IdQuestion`) VALUES (3,24);
INSERT INTO `tblReponseQuestion` (`IdReponse`,`IdQuestion`) VALUES (4,24);
INSERT INTO `tblReponseQuestion` (`IdReponse`,`IdQuestion`) VALUES (1,25);
INSERT INTO `tblReponseQuestion` (`IdReponse`,`IdQuestion`) VALUES (2,25);
INSERT INTO `tblReponseQuestion` (`IdReponse`,`IdQuestion`) VALUES (3,25);
INSERT INTO `tblReponseQuestion` (`IdReponse`,`IdQuestion`) VALUES (4,25);
INSERT INTO `tblReponseQuestion` (`IdReponse`,`IdQuestion`) VALUES (1,26);
INSERT INTO `tblReponseQuestion` (`IdReponse`,`IdQuestion`) VALUES (2,26);
INSERT INTO `tblReponseQuestion` (`IdReponse`,`IdQuestion`) VALUES (3,26);
INSERT INTO `tblReponseQuestion` (`IdReponse`,`IdQuestion`) VALUES (4,26);
INSERT INTO `tblReponseQuestion` (`IdReponse`,`IdQuestion`) VALUES (1,27);
INSERT INTO `tblReponseQuestion` (`IdReponse`,`IdQuestion`) VALUES (2,27);
INSERT INTO `tblReponseQuestion` (`IdReponse`,`IdQuestion`) VALUES (3,27);
INSERT INTO `tblReponseQuestion` (`IdReponse`,`IdQuestion`) VALUES (4,27);
INSERT INTO `tblReponseQuestion` (`IdReponse`,`IdQuestion`) VALUES (1,28);
INSERT INTO `tblReponseQuestion` (`IdReponse`,`IdQuestion`) VALUES (2,28);
INSERT INTO `tblReponseQuestion` (`IdReponse`,`IdQuestion`) VALUES (3,28);
INSERT INTO `tblReponseQuestion` (`IdReponse`,`IdQuestion`) VALUES (4,28);
INSERT INTO `tblReponseQuestion` (`IdReponse`,`IdQuestion`) VALUES (1,29);
INSERT INTO `tblReponseQuestion` (`IdReponse`,`IdQuestion`) VALUES (2,29);
INSERT INTO `tblReponseQuestion` (`IdReponse`,`IdQuestion`) VALUES (3,29);
INSERT INTO `tblReponseQuestion` (`IdReponse`,`IdQuestion`) VALUES (4,29);
INSERT INTO `tblReponseQuestion` (`IdReponse`,`IdQuestion`) VALUES (1,30);
INSERT INTO `tblReponseQuestion` (`IdReponse`,`IdQuestion`) VALUES (2,30);
INSERT INTO `tblReponseQuestion` (`IdReponse`,`IdQuestion`) VALUES (3,30);
INSERT INTO `tblReponseQuestion` (`IdReponse`,`IdQuestion`) VALUES (4,30);
INSERT INTO `tblReponseQuestion` (`IdReponse`,`IdQuestion`) VALUES (1,31);
INSERT INTO `tblReponseQuestion` (`IdReponse`,`IdQuestion`) VALUES (2,31);
INSERT INTO `tblReponseQuestion` (`IdReponse`,`IdQuestion`) VALUES (3,31);
INSERT INTO `tblReponseQuestion` (`IdReponse`,`IdQuestion`) VALUES (4,31);
INSERT INTO `tblReponseQuestion` (`IdReponse`,`IdQuestion`) VALUES (1,32);
INSERT INTO `tblReponseQuestion` (`IdReponse`,`IdQuestion`) VALUES (2,32);
INSERT INTO `tblReponseQuestion` (`IdReponse`,`IdQuestion`) VALUES (3,32);
INSERT INTO `tblReponseQuestion` (`IdReponse`,`IdQuestion`) VALUES (4,32);
INSERT INTO `tblReponseQuestion` (`IdReponse`,`IdQuestion`) VALUES (1,33);
INSERT INTO `tblReponseQuestion` (`IdReponse`,`IdQuestion`) VALUES (2,33);
INSERT INTO `tblReponseQuestion` (`IdReponse`,`IdQuestion`) VALUES (3,33);
INSERT INTO `tblReponseQuestion` (`IdReponse`,`IdQuestion`) VALUES (4,33);
INSERT INTO `tblReponseQuestion` (`IdReponse`,`IdQuestion`) VALUES (1,34);
INSERT INTO `tblReponseQuestion` (`IdReponse`,`IdQuestion`) VALUES (2,34);
INSERT INTO `tblReponseQuestion` (`IdReponse`,`IdQuestion`) VALUES (3,34);
INSERT INTO `tblReponseQuestion` (`IdReponse`,`IdQuestion`) VALUES (4,34);
INSERT INTO `tblReponseQuestion` (`IdReponse`,`IdQuestion`) VALUES (1,35);
INSERT INTO `tblReponseQuestion` (`IdReponse`,`IdQuestion`) VALUES (2,35);
INSERT INTO `tblReponseQuestion` (`IdReponse`,`IdQuestion`) VALUES (3,35);
INSERT INTO `tblReponseQuestion` (`IdReponse`,`IdQuestion`) VALUES (4,35);
INSERT INTO `tblReponseQuestion` (`IdReponse`,`IdQuestion`) VALUES (1,36);
INSERT INTO `tblReponseQuestion` (`IdReponse`,`IdQuestion`) VALUES (2,36);
INSERT INTO `tblReponseQuestion` (`IdReponse`,`IdQuestion`) VALUES (3,36);
INSERT INTO `tblReponseQuestion` (`IdReponse`,`IdQuestion`) VALUES (4,36);
INSERT INTO `tblReponseQuestion` (`IdReponse`,`IdQuestion`) VALUES (1,37);
INSERT INTO `tblReponseQuestion` (`IdReponse`,`IdQuestion`) VALUES (2,37);
INSERT INTO `tblReponseQuestion` (`IdReponse`,`IdQuestion`) VALUES (3,37);
INSERT INTO `tblReponseQuestion` (`IdReponse`,`IdQuestion`) VALUES (4,37);
INSERT INTO `tblReponseQuestion` (`IdReponse`,`IdQuestion`) VALUES (1,38);
INSERT INTO `tblReponseQuestion` (`IdReponse`,`IdQuestion`) VALUES (2,38);
INSERT INTO `tblReponseQuestion` (`IdReponse`,`IdQuestion`) VALUES (3,38);
INSERT INTO `tblReponseQuestion` (`IdReponse`,`IdQuestion`) VALUES (4,38);
INSERT INTO `tblReponseQuestion` (`IdReponse`,`IdQuestion`) VALUES (1,39);
INSERT INTO `tblReponseQuestion` (`IdReponse`,`IdQuestion`) VALUES (2,39);
INSERT INTO `tblReponseQuestion` (`IdReponse`,`IdQuestion`) VALUES (3,39);
INSERT INTO `tblReponseQuestion` (`IdReponse`,`IdQuestion`) VALUES (4,39);
INSERT INTO `tblReponseQuestion` (`IdReponse`,`IdQuestion`) VALUES (1,40);
INSERT INTO `tblReponseQuestion` (`IdReponse`,`IdQuestion`) VALUES (2,40);
INSERT INTO `tblReponseQuestion` (`IdReponse`,`IdQuestion`) VALUES (3,40);
INSERT INTO `tblReponseQuestion` (`IdReponse`,`IdQuestion`) VALUES (4,40);
INSERT INTO `tblReponseQuestion` (`IdReponse`,`IdQuestion`) VALUES (1,41);
INSERT INTO `tblReponseQuestion` (`IdReponse`,`IdQuestion`) VALUES (2,41);
INSERT INTO `tblReponseQuestion` (`IdReponse`,`IdQuestion`) VALUES (3,41);
INSERT INTO `tblReponseQuestion` (`IdReponse`,`IdQuestion`) VALUES (4,41);
INSERT INTO `tblReponseQuestion` (`IdReponse`,`IdQuestion`) VALUES (1,42);
INSERT INTO `tblReponseQuestion` (`IdReponse`,`IdQuestion`) VALUES (2,42);
INSERT INTO `tblReponseQuestion` (`IdReponse`,`IdQuestion`) VALUES (3,42);
INSERT INTO `tblReponseQuestion` (`IdReponse`,`IdQuestion`) VALUES (4,42);
INSERT INTO `tblReponseQuestion` (`IdReponse`,`IdQuestion`) VALUES (1,43);
INSERT INTO `tblReponseQuestion` (`IdReponse`,`IdQuestion`) VALUES (2,43);
INSERT INTO `tblReponseQuestion` (`IdReponse`,`IdQuestion`) VALUES (3,43);
INSERT INTO `tblReponseQuestion` (`IdReponse`,`IdQuestion`) VALUES (4,43);
INSERT INTO `tblReponseQuestion` (`IdReponse`,`IdQuestion`) VALUES (1,44);
INSERT INTO `tblReponseQuestion` (`IdReponse`,`IdQuestion`) VALUES (2,44);
INSERT INTO `tblReponseQuestion` (`IdReponse`,`IdQuestion`) VALUES (3,44);
INSERT INTO `tblReponseQuestion` (`IdReponse`,`IdQuestion`) VALUES (4,44);
INSERT INTO `tblReponseQuestion` (`IdReponse`,`IdQuestion`) VALUES (1,45);
INSERT INTO `tblReponseQuestion` (`IdReponse`,`IdQuestion`) VALUES (2,45);
INSERT INTO `tblReponseQuestion` (`IdReponse`,`IdQuestion`) VALUES (3,45);
INSERT INTO `tblReponseQuestion` (`IdReponse`,`IdQuestion`) VALUES (4,45);
INSERT INTO `tblReponseQuestion` (`IdReponse`,`IdQuestion`) VALUES (1,46);
INSERT INTO `tblReponseQuestion` (`IdReponse`,`IdQuestion`) VALUES (2,46);
INSERT INTO `tblReponseQuestion` (`IdReponse`,`IdQuestion`) VALUES (3,46);
INSERT INTO `tblReponseQuestion` (`IdReponse`,`IdQuestion`) VALUES (4,46);
INSERT INTO `tblReponseQuestion` (`IdReponse`,`IdQuestion`) VALUES (1,47);
INSERT INTO `tblReponseQuestion` (`IdReponse`,`IdQuestion`) VALUES (2,47);
INSERT INTO `tblReponseQuestion` (`IdReponse`,`IdQuestion`) VALUES (3,47);
INSERT INTO `tblReponseQuestion` (`IdReponse`,`IdQuestion`) VALUES (4,47);
INSERT INTO `tblReponseQuestion` (`IdReponse`,`IdQuestion`) VALUES (1,48);
INSERT INTO `tblReponseQuestion` (`IdReponse`,`IdQuestion`) VALUES (2,48);
INSERT INTO `tblReponseQuestion` (`IdReponse`,`IdQuestion`) VALUES (3,48);
INSERT INTO `tblReponseQuestion` (`IdReponse`,`IdQuestion`) VALUES (4,48);
INSERT INTO `tblReponseQuestion` (`IdReponse`,`IdQuestion`) VALUES (1,49);
INSERT INTO `tblReponseQuestion` (`IdReponse`,`IdQuestion`) VALUES (2,49);
INSERT INTO `tblReponseQuestion` (`IdReponse`,`IdQuestion`) VALUES (3,49);
INSERT INTO `tblReponseQuestion` (`IdReponse`,`IdQuestion`) VALUES (4,49);
INSERT INTO `tblReponseQuestion` (`IdReponse`,`IdQuestion`) VALUES (1,50);
INSERT INTO `tblReponseQuestion` (`IdReponse`,`IdQuestion`) VALUES (2,50);
INSERT INTO `tblReponseQuestion` (`IdReponse`,`IdQuestion`) VALUES (3,50);
INSERT INTO `tblReponseQuestion` (`IdReponse`,`IdQuestion`) VALUES (4,50);
INSERT INTO `tblReponseQuestion` (`IdReponse`,`IdQuestion`) VALUES (1,51);
INSERT INTO `tblReponseQuestion` (`IdReponse`,`IdQuestion`) VALUES (2,51);
INSERT INTO `tblReponseQuestion` (`IdReponse`,`IdQuestion`) VALUES (3,51);
INSERT INTO `tblReponseQuestion` (`IdReponse`,`IdQuestion`) VALUES (4,51);
INSERT INTO `tblReponseQuestion` (`IdReponse`,`IdQuestion`) VALUES (1,52);
INSERT INTO `tblReponseQuestion` (`IdReponse`,`IdQuestion`) VALUES (2,52);
INSERT INTO `tblReponseQuestion` (`IdReponse`,`IdQuestion`) VALUES (3,52);
INSERT INTO `tblReponseQuestion` (`IdReponse`,`IdQuestion`) VALUES (4,52);
INSERT INTO `tblReponseQuestion` (`IdReponse`,`IdQuestion`) VALUES (1,53);
INSERT INTO `tblReponseQuestion` (`IdReponse`,`IdQuestion`) VALUES (2,53);
INSERT INTO `tblReponseQuestion` (`IdReponse`,`IdQuestion`) VALUES (3,53);
INSERT INTO `tblReponseQuestion` (`IdReponse`,`IdQuestion`) VALUES (4,53);
INSERT INTO `tblReponseQuestion` (`IdReponse`,`IdQuestion`) VALUES (1,54);
INSERT INTO `tblReponseQuestion` (`IdReponse`,`IdQuestion`) VALUES (2,54);
INSERT INTO `tblReponseQuestion` (`IdReponse`,`IdQuestion`) VALUES (3,54);
INSERT INTO `tblReponseQuestion` (`IdReponse`,`IdQuestion`) VALUES (4,54);
INSERT INTO `tblReponseQuestion` (`IdReponse`,`IdQuestion`) VALUES (1,55);
INSERT INTO `tblReponseQuestion` (`IdReponse`,`IdQuestion`) VALUES (2,55);
INSERT INTO `tblReponseQuestion` (`IdReponse`,`IdQuestion`) VALUES (3,55);
INSERT INTO `tblReponseQuestion` (`IdReponse`,`IdQuestion`) VALUES (4,55);
INSERT INTO `tblReponseQuestion` (`IdReponse`,`IdQuestion`) VALUES (1,56);
INSERT INTO `tblReponseQuestion` (`IdReponse`,`IdQuestion`) VALUES (2,56);
INSERT INTO `tblReponseQuestion` (`IdReponse`,`IdQuestion`) VALUES (3,56);
INSERT INTO `tblReponseQuestion` (`IdReponse`,`IdQuestion`) VALUES (4,56);
-- evaluation de la formation
INSERT INTO `tblReponseQuestion` (`IdQuestion`,`IdReponse`) VALUES (57,115);
INSERT INTO `tblReponseQuestion` (`IdQuestion`,`IdReponse`) VALUES (57,116);
INSERT INTO `tblReponseQuestion` (`IdQuestion`,`IdReponse`) VALUES (57,117);
INSERT INTO `tblReponseQuestion` (`IdQuestion`,`IdReponse`) VALUES (57,118);
INSERT INTO `tblReponseQuestion` (`IdQuestion`,`IdReponse`) VALUES (57,119);
INSERT INTO `tblReponseQuestion` (`IdQuestion`,`IdReponse`) VALUES (58,115);
INSERT INTO `tblReponseQuestion` (`IdQuestion`,`IdReponse`) VALUES (58,116);
INSERT INTO `tblReponseQuestion` (`IdQuestion`,`IdReponse`) VALUES (58,117);
INSERT INTO `tblReponseQuestion` (`IdQuestion`,`IdReponse`) VALUES (58,118);
INSERT INTO `tblReponseQuestion` (`IdQuestion`,`IdReponse`) VALUES (58,119);
INSERT INTO `tblReponseQuestion` (`IdQuestion`,`IdReponse`) VALUES (59,115);
INSERT INTO `tblReponseQuestion` (`IdQuestion`,`IdReponse`) VALUES (59,116);
INSERT INTO `tblReponseQuestion` (`IdQuestion`,`IdReponse`) VALUES (59,117);
INSERT INTO `tblReponseQuestion` (`IdQuestion`,`IdReponse`) VALUES (59,118);
INSERT INTO `tblReponseQuestion` (`IdQuestion`,`IdReponse`) VALUES (59,119);
INSERT INTO `tblReponseQuestion` (`IdQuestion`,`IdReponse`) VALUES (60,115);
INSERT INTO `tblReponseQuestion` (`IdQuestion`,`IdReponse`) VALUES (60,116);
INSERT INTO `tblReponseQuestion` (`IdQuestion`,`IdReponse`) VALUES (60,117);
INSERT INTO `tblReponseQuestion` (`IdQuestion`,`IdReponse`) VALUES (60,118);
INSERT INTO `tblReponseQuestion` (`IdQuestion`,`IdReponse`) VALUES (60,119);
INSERT INTO `tblReponseQuestion` (`IdQuestion`,`IdReponse`) VALUES (61,115);
INSERT INTO `tblReponseQuestion` (`IdQuestion`,`IdReponse`) VALUES (61,116);
INSERT INTO `tblReponseQuestion` (`IdQuestion`,`IdReponse`) VALUES (61,117);
INSERT INTO `tblReponseQuestion` (`IdQuestion`,`IdReponse`) VALUES (61,118);
INSERT INTO `tblReponseQuestion` (`IdQuestion`,`IdReponse`) VALUES (61,119);
INSERT INTO `tblReponseQuestion` (`IdQuestion`,`IdReponse`) VALUES (62,115);
INSERT INTO `tblReponseQuestion` (`IdQuestion`,`IdReponse`) VALUES (62,116);
INSERT INTO `tblReponseQuestion` (`IdQuestion`,`IdReponse`) VALUES (62,117);
INSERT INTO `tblReponseQuestion` (`IdQuestion`,`IdReponse`) VALUES (62,118);
INSERT INTO `tblReponseQuestion` (`IdQuestion`,`IdReponse`) VALUES (62,119);
INSERT INTO `tblReponseQuestion` (`IdQuestion`,`IdReponse`) VALUES (63,115);
INSERT INTO `tblReponseQuestion` (`IdQuestion`,`IdReponse`) VALUES (63,116);
INSERT INTO `tblReponseQuestion` (`IdQuestion`,`IdReponse`) VALUES (63,117);
INSERT INTO `tblReponseQuestion` (`IdQuestion`,`IdReponse`) VALUES (63,118);
INSERT INTO `tblReponseQuestion` (`IdQuestion`,`IdReponse`) VALUES (63,119);
INSERT INTO `tblReponseQuestion` (`IdQuestion`,`IdReponse`) VALUES (64,115);
INSERT INTO `tblReponseQuestion` (`IdQuestion`,`IdReponse`) VALUES (64,116);
INSERT INTO `tblReponseQuestion` (`IdQuestion`,`IdReponse`) VALUES (64,117);
INSERT INTO `tblReponseQuestion` (`IdQuestion`,`IdReponse`) VALUES (64,118);
INSERT INTO `tblReponseQuestion` (`IdQuestion`,`IdReponse`) VALUES (64,119);
INSERT INTO `tblReponseQuestion` (`IdQuestion`,`IdReponse`) VALUES (65,115);
INSERT INTO `tblReponseQuestion` (`IdQuestion`,`IdReponse`) VALUES (65,116);
INSERT INTO `tblReponseQuestion` (`IdQuestion`,`IdReponse`) VALUES (65,117);
INSERT INTO `tblReponseQuestion` (`IdQuestion`,`IdReponse`) VALUES (65,118);
INSERT INTO `tblReponseQuestion` (`IdQuestion`,`IdReponse`) VALUES (65,119);

INSERT IGNORE INTO `tblJournalDeBord` (`Id`,`Dates`,`Entree`,`Documents`,`IdStagiaire`) VALUES (1,'2017-01-01','Olimpia.Tremblay',NULL,1);
INSERT IGNORE INTO `tblJournalDeBord` (`Id`,`Dates`,`Entree`,`Documents`,`IdStagiaire`) VALUES (2,'2010-01-01','Olga.Bouchard',NULL,2);
INSERT IGNORE INTO `tblJournalDeBord` (`Id`,`Dates`,`Entree`,`Documents`,`IdStagiaire`) VALUES (3,'2010-01-01','LEONARDA.Duchesne',NULL,3);
INSERT IGNORE INTO `tblJournalDeBord` (`Id`,`Dates`,`Entree`,`Documents`,`IdStagiaire`) VALUES (4,'2010-01-01','Kelly.Poirier',NULL,4);
INSERT IGNORE INTO `tblJournalDeBord` (`Id`,`Dates`,`Entree`,`Documents`,`IdStagiaire`) VALUES (5,'2010-01-01','Cyril.Jean',NULL,5);
INSERT IGNORE INTO `tblJournalDeBord` (`Id`,`Dates`,`Entree`,`Documents`,`IdStagiaire`) VALUES (6,'2010-01-01','Rufina.Gilbert',NULL,6);
INSERT IGNORE INTO `tblJournalDeBord` (`Id`,`Dates`,`Entree`,`Documents`,`IdStagiaire`) VALUES (7,'2010-01-01','Torri.Tremblay',NULL,7);
INSERT IGNORE INTO `tblJournalDeBord` (`Id`,`Dates`,`Entree`,`Documents`,`IdStagiaire`) VALUES (8,'2010-01-01','Cliff.Bouchard',NULL,8);
INSERT IGNORE INTO `tblJournalDeBord` (`Id`,`Dates`,`Entree`,`Documents`,`IdStagiaire`) VALUES (9,'2010-01-01','Kyoko.Duchesne',NULL,9);
INSERT IGNORE INTO `tblJournalDeBord` (`Id`,`Dates`,`Entree`,`Documents`,`IdStagiaire`) VALUES (10,'2010-01-01','Elvie.Poirier',NULL,10);
INSERT IGNORE INTO `tblJournalDeBord` (`Id`,`Dates`,`Entree`,`Documents`,`IdStagiaire`) VALUES (11,'2010-01-01','Barba.Jean',NULL,11);
INSERT IGNORE INTO `tblJournalDeBord` (`Id`,`Dates`,`Entree`,`Documents`,`IdStagiaire`) VALUES (12,'2010-01-01','Graig.Gilbert',NULL,12);
INSERT IGNORE INTO `tblJournalDeBord` (`Id`,`Dates`,`Entree`,`Documents`,`IdStagiaire`) VALUES (13,'2010-01-01','Pamala.Tremblay',NULL,13);
INSERT IGNORE INTO `tblJournalDeBord` (`Id`,`Dates`,`Entree`,`Documents`,`IdStagiaire`) VALUES (14,'2010-01-01','Jermaine.Bouchard',NULL,14);
INSERT IGNORE INTO `tblJournalDeBord` (`Id`,`Dates`,`Entree`,`Documents`,`IdStagiaire`) VALUES (15,'2010-01-01','Gérard.Lambert',NULL,15);
INSERT IGNORE INTO `tblJournalDeBord` (`Id`,`Dates`,`Entree`,`Documents`,`IdStagiaire`) VALUES (16,'2010-01-01','Almeta.Poirier',NULL,16);
INSERT IGNORE INTO `tblJournalDeBord` (`Id`,`Dates`,`Entree`,`Documents`,`IdStagiaire`) VALUES (17,'2010-01-01','Denita.Jean',NULL,17);
INSERT IGNORE INTO `tblJournalDeBord` (`Id`,`Dates`,`Entree`,`Documents`,`IdStagiaire`) VALUES (18,'2010-01-01','Larita.Gilbert',NULL,18);
INSERT IGNORE INTO `tblJournalDeBord` (`Id`,`Dates`,`Entree`,`Documents`,`IdStagiaire`) VALUES (19,'2010-01-01','Bridgette.Tremblay',NULL,19);
INSERT IGNORE INTO `tblJournalDeBord` (`Id`,`Dates`,`Entree`,`Documents`,`IdStagiaire`) VALUES (20,'2010-01-01','Sherika.Bouchard',NULL,20);
INSERT IGNORE INTO `tblJournalDeBord` (`Id`,`Dates`,`Entree`,`Documents`,`IdStagiaire`) VALUES (21,'2010-01-01','Monroe.Duchesne',NULL,21);
INSERT IGNORE INTO `tblJournalDeBord` (`Id`,`Dates`,`Entree`,`Documents`,`IdStagiaire`) VALUES (22,'2010-01-01','LIliana.Poirier',NULL,22);
INSERT IGNORE INTO `tblJournalDeBord` (`Id`,`Dates`,`Entree`,`Documents`,`IdStagiaire`) VALUES (23,'2010-01-01','Lavona.Jean',NULL,23);
INSERT IGNORE INTO `tblJournalDeBord` (`Id`,`Dates`,`Entree`,`Documents`,`IdStagiaire`) VALUES (24,'2010-01-01','Manda.Gilbert',NULL,24);
INSERT IGNORE INTO `tblJournalDeBord` (`Id`,`Dates`,`Entree`,`Documents`,`IdStagiaire`) VALUES (25,'2010-01-01','Conchita.Tremblay',NULL,25);
INSERT IGNORE INTO `tblJournalDeBord` (`Id`,`Dates`,`Entree`,`Documents`,`IdStagiaire`) VALUES (26,'2010-01-01','Emanuel.Bouchard',NULL,26);
INSERT IGNORE INTO `tblJournalDeBord` (`Id`,`Dates`,`Entree`,`Documents`,`IdStagiaire`) VALUES (27,'2010-01-01','Celestine.Duchesne',NULL,27);
INSERT IGNORE INTO `tblJournalDeBord` (`Id`,`Dates`,`Entree`,`Documents`,`IdStagiaire`) VALUES (28,'2010-01-01','Rikki.Poirier',NULL,28);
INSERT IGNORE INTO `tblJournalDeBord` (`Id`,`Dates`,`Entree`,`Documents`,`IdStagiaire`) VALUES (29,'2010-01-01','Jean-Jacques.Goldman',NULL,29);
INSERT IGNORE INTO `tblJournalDeBord` (`Id`,`Dates`,`Entree`,`Documents`,`IdStagiaire`) VALUES (30,'2010-01-01','Kelle.Gilbert',NULL,30);
INSERT IGNORE INTO `tblJournalDeBord` (`Id`,`Dates`,`Entree`,`Documents`,`IdStagiaire`) VALUES (31,'2010-01-01','Arlene.Tremblay',NULL,31);
INSERT IGNORE INTO `tblJournalDeBord` (`Id`,`Dates`,`Entree`,`Documents`,`IdStagiaire`) VALUES (32,'2010-01-01','Enoch.Bouchard',NULL,32);
INSERT IGNORE INTO `tblJournalDeBord` (`Id`,`Dates`,`Entree`,`Documents`,`IdStagiaire`) VALUES (33,'2010-01-01','Marsha.Duchesne',NULL,33);
INSERT IGNORE INTO `tblJournalDeBord` (`Id`,`Dates`,`Entree`,`Documents`,`IdStagiaire`) VALUES (34,'2010-01-01','Jeffrey.Poirier',NULL,34);
INSERT IGNORE INTO `tblJournalDeBord` (`Id`,`Dates`,`Entree`,`Documents`,`IdStagiaire`) VALUES (35,'2010-01-01','Jacqueline.Jean',NULL,35);
INSERT IGNORE INTO `tblJournalDeBord` (`Id`,`Dates`,`Entree`,`Documents`,`IdStagiaire`) VALUES (36,'2010-01-01','Reita.Gilbert',NULL,36);
INSERT IGNORE INTO `tblJournalDeBord` (`Id`,`Dates`,`Entree`,`Documents`,`IdStagiaire`) VALUES (37,'2010-01-01','Alix.Tremblay',NULL,37);
INSERT IGNORE INTO `tblJournalDeBord` (`Id`,`Dates`,`Entree`,`Documents`,`IdStagiaire`) VALUES (38,'2010-01-01','Bruce.Bouchard',NULL,38);
INSERT IGNORE INTO `tblJournalDeBord` (`Id`,`Dates`,`Entree`,`Documents`,`IdStagiaire`) VALUES (39,'2010-01-01','Dickie.Duchesne',NULL,39);
INSERT IGNORE INTO `tblJournalDeBord` (`Id`,`Dates`,`Entree`,`Documents`,`IdStagiaire`) VALUES (40,'2010-01-01','Jesusita.Poirier',NULL,40);
INSERT IGNORE INTO `tblJournalDeBord` (`Id`,`Dates`,`Entree`,`Documents`,`IdStagiaire`) VALUES (41,'2010-01-01','Marylou.Jean',NULL,41);
INSERT IGNORE INTO `tblJournalDeBord` (`Id`,`Dates`,`Entree`,`Documents`,`IdStagiaire`) VALUES (42,'2010-01-01','Mariam.Gilbert',NULL,42);
INSERT IGNORE INTO `tblJournalDeBord` (`Id`,`Dates`,`Entree`,`Documents`,`IdStagiaire`) VALUES (43,'2010-01-01','Dorine.Tremblay',NULL,43);
INSERT IGNORE INTO `tblJournalDeBord` (`Id`,`Dates`,`Entree`,`Documents`,`IdStagiaire`) VALUES (44,'2010-01-01','Wiley.Bouchard',NULL,44);
INSERT IGNORE INTO `tblJournalDeBord` (`Id`,`Dates`,`Entree`,`Documents`,`IdStagiaire`) VALUES (45,'2010-01-01','Julissa.Duchesne',NULL,45);
INSERT IGNORE INTO `tblJournalDeBord` (`Id`,`Dates`,`Entree`,`Documents`,`IdStagiaire`) VALUES (46,'2010-01-01','Nery.Poirier',NULL,46);
INSERT IGNORE INTO `tblJournalDeBord` (`Id`,`Dates`,`Entree`,`Documents`,`IdStagiaire`) VALUES (47,'2010-01-01','Rena.Jean',NULL,47);
INSERT IGNORE INTO `tblJournalDeBord` (`Id`,`Dates`,`Entree`,`Documents`,`IdStagiaire`) VALUES (48,'2010-01-01','Olene.Gilbert',NULL,48);
INSERT IGNORE INTO `tblJournalDeBord` (`Id`,`Dates`,`Entree`,`Documents`,`IdStagiaire`) VALUES (49,'2010-01-01','Arlen.Tremblay',NULL,49);
INSERT IGNORE INTO `tblJournalDeBord` (`Id`,`Dates`,`Entree`,`Documents`,`IdStagiaire`) VALUES (50,'2010-01-01','Chassidy.Bouchard',NULL,50);

INSERT IGNORE INTO tblCategorieQuestion(TitreCategorie,Lettre,DescriptionCategorie) VALUES
('MOTIVATION','A','Capacité qui se manifeste par le désir d''apprendre, le désir de réussir, l''enthousiasme et la persévérence.'),
('ATTITUDES ET COMPORTEMENT','B','Intérêt au travail et conduite.'),
('APTITUDES','C','Initiatives, autonomie.'),
('Éthique','D','Faire preuve de respect envers les individus et envers l’entreprise.'),
('ADAPTABILITÉ','E','Capacité de modifier ses comportements, ses opinions ou son action.'),
('QUALITÉ DU TRAVAIL','F','Organisation, présentation, exactitude, autonomie, rapidité.'),
('RELATION AVEC LES AUTRES','G','Collaboration, communication, intégration sociale et professionnelle.'),
('La connaissance du milieu de stage','A', NULL),
('Le comportement de la ou du stagiaire','B', NULL),
('Le travail de la ou du stagiaire','C', NULL),
('Le potentiel de la ou du stagiaire','D', NULL),
('L\'appréciation globale','E', NULL),
('Analyse','A', NULL),
('Programmation','B', NULL),
('Internet et programmation web','C', NULL),
('Bases de données','D', NULL),
('Réseau','E', NULL),
('Soutien technique','F', NULL);



INSERT IGNORE INTO `tblTypeQuestion` (`Id`,`Description`) VALUES (1,'Question à choix de réponse');
INSERT IGNORE INTO `tblTypeQuestion` (`Id`,`Description`) VALUES (2,'Question à grille');
INSERT IGNORE INTO `tblTypeQuestion` (`Id`,`Description`) VALUES (3,'Question à réponse longue');

-- table stage

INSERT IGNORE INTO `tblStage` (`Id`,`IdResponsable`,`IdSuperviseur`,`IdStagiaire`,`IdEnseignant`) VALUES (1,101,51,1,131);
INSERT IGNORE INTO `tblStage` (`Id`,`IdResponsable`,`IdSuperviseur`,`IdStagiaire`,`IdEnseignant`) VALUES (2,102,52,1,132);
INSERT IGNORE INTO `tblStage` (`Id`,`IdResponsable`,`IdSuperviseur`,`IdStagiaire`,`IdEnseignant`) VALUES (3,103,53,3,133);
INSERT IGNORE INTO `tblStage` (`Id`,`IdResponsable`,`IdSuperviseur`,`IdStagiaire`,`IdEnseignant`) VALUES (4,104,54,4,134);
INSERT IGNORE INTO `tblStage` (`Id`,`IdResponsable`,`IdSuperviseur`,`IdStagiaire`,`IdEnseignant`) VALUES (5,105,55,5,135);
INSERT IGNORE INTO `tblStage` (`Id`,`IdResponsable`,`IdSuperviseur`,`IdStagiaire`,`IdEnseignant`) VALUES (6,106,56,6,131);
INSERT IGNORE INTO `tblStage` (`Id`,`IdResponsable`,`IdSuperviseur`,`IdStagiaire`,`IdEnseignant`) VALUES (7,107,57,7,132);
INSERT IGNORE INTO `tblStage` (`Id`,`IdResponsable`,`IdSuperviseur`,`IdStagiaire`,`IdEnseignant`) VALUES (8,108,58,8,133);
INSERT IGNORE INTO `tblStage` (`Id`,`IdResponsable`,`IdSuperviseur`,`IdStagiaire`,`IdEnseignant`) VALUES (9,109,59,9,134);
INSERT IGNORE INTO `tblStage` (`Id`,`IdResponsable`,`IdSuperviseur`,`IdStagiaire`,`IdEnseignant`) VALUES (10,110,60,10,135);
INSERT IGNORE INTO `tblStage` (`Id`,`IdResponsable`,`IdSuperviseur`,`IdStagiaire`,`IdEnseignant`) VALUES (11,111,61,11,131);
INSERT IGNORE INTO `tblStage` (`Id`,`IdResponsable`,`IdSuperviseur`,`IdStagiaire`,`IdEnseignant`) VALUES (12,112,62,12,132);
INSERT IGNORE INTO `tblStage` (`Id`,`IdResponsable`,`IdSuperviseur`,`IdStagiaire`,`IdEnseignant`) VALUES (13,113,63,13,133);
INSERT IGNORE INTO `tblStage` (`Id`,`IdResponsable`,`IdSuperviseur`,`IdStagiaire`,`IdEnseignant`) VALUES (14,114,64,14,134);
INSERT IGNORE INTO `tblStage` (`Id`,`IdResponsable`,`IdSuperviseur`,`IdStagiaire`,`IdEnseignant`) VALUES (15,115,65,15,135);
INSERT IGNORE INTO `tblStage` (`Id`,`IdResponsable`,`IdSuperviseur`,`IdStagiaire`,`IdEnseignant`) VALUES (16,116,66,16,131);
INSERT IGNORE INTO `tblStage` (`Id`,`IdResponsable`,`IdSuperviseur`,`IdStagiaire`,`IdEnseignant`) VALUES (17,117,67,17,132);
INSERT IGNORE INTO `tblStage` (`Id`,`IdResponsable`,`IdSuperviseur`,`IdStagiaire`,`IdEnseignant`) VALUES (18,118,68,18,133);
INSERT IGNORE INTO `tblStage` (`Id`,`IdResponsable`,`IdSuperviseur`,`IdStagiaire`,`IdEnseignant`) VALUES (19,119,69,19,134);
INSERT IGNORE INTO `tblStage` (`Id`,`IdResponsable`,`IdSuperviseur`,`IdStagiaire`,`IdEnseignant`) VALUES (20,120,70,20,135);
INSERT IGNORE INTO `tblStage` (`Id`,`IdResponsable`,`IdSuperviseur`,`IdStagiaire`,`IdEnseignant`) VALUES (21,101,71,21,131);
INSERT IGNORE INTO `tblStage` (`Id`,`IdResponsable`,`IdSuperviseur`,`IdStagiaire`,`IdEnseignant`) VALUES (22,102,72,22,132);
INSERT IGNORE INTO `tblStage` (`Id`,`IdResponsable`,`IdSuperviseur`,`IdStagiaire`,`IdEnseignant`) VALUES (23,103,73,23,133);
INSERT IGNORE INTO `tblStage` (`Id`,`IdResponsable`,`IdSuperviseur`,`IdStagiaire`,`IdEnseignant`) VALUES (24,104,74,24,134);
INSERT IGNORE INTO `tblStage` (`Id`,`IdResponsable`,`IdSuperviseur`,`IdStagiaire`,`IdEnseignant`) VALUES (25,105,75,25,135);
INSERT IGNORE INTO `tblStage` (`Id`,`IdResponsable`,`IdSuperviseur`,`IdStagiaire`,`IdEnseignant`) VALUES (26,106,76,26,131);
INSERT IGNORE INTO `tblStage` (`Id`,`IdResponsable`,`IdSuperviseur`,`IdStagiaire`,`IdEnseignant`) VALUES (27,107,77,27,132);
INSERT IGNORE INTO `tblStage` (`Id`,`IdResponsable`,`IdSuperviseur`,`IdStagiaire`,`IdEnseignant`) VALUES (28,108,78,28,133);
INSERT IGNORE INTO `tblStage` (`Id`,`IdResponsable`,`IdSuperviseur`,`IdStagiaire`,`IdEnseignant`) VALUES (29,109,79,29,134);
INSERT IGNORE INTO `tblStage` (`Id`,`IdResponsable`,`IdSuperviseur`,`IdStagiaire`,`IdEnseignant`) VALUES (30,110,51,30,135);
INSERT IGNORE INTO `tblStage` (`Id`,`IdResponsable`,`IdSuperviseur`,`IdStagiaire`,`IdEnseignant`) VALUES (31,111,52,31,131);
INSERT IGNORE INTO `tblStage` (`Id`,`IdResponsable`,`IdSuperviseur`,`IdStagiaire`,`IdEnseignant`) VALUES (32,112,53,32,132);
INSERT IGNORE INTO `tblStage` (`Id`,`IdResponsable`,`IdSuperviseur`,`IdStagiaire`,`IdEnseignant`) VALUES (33,113,54,33,133);
INSERT IGNORE INTO `tblStage` (`Id`,`IdResponsable`,`IdSuperviseur`,`IdStagiaire`,`IdEnseignant`) VALUES (34,114,55,34,134);
INSERT IGNORE INTO `tblStage` (`Id`,`IdResponsable`,`IdSuperviseur`,`IdStagiaire`,`IdEnseignant`) VALUES (35,115,56,35,135);
INSERT IGNORE INTO `tblStage` (`Id`,`IdResponsable`,`IdSuperviseur`,`IdStagiaire`,`IdEnseignant`) VALUES (36,116,57,36,131);
INSERT IGNORE INTO `tblStage` (`Id`,`IdResponsable`,`IdSuperviseur`,`IdStagiaire`,`IdEnseignant`) VALUES (37,117,58,37,132);
INSERT IGNORE INTO `tblStage` (`Id`,`IdResponsable`,`IdSuperviseur`,`IdStagiaire`,`IdEnseignant`) VALUES (38,118,59,38,133);
INSERT IGNORE INTO `tblStage` (`Id`,`IdResponsable`,`IdSuperviseur`,`IdStagiaire`,`IdEnseignant`) VALUES (39,119,60,39,134);
INSERT IGNORE INTO `tblStage` (`Id`,`IdResponsable`,`IdSuperviseur`,`IdStagiaire`,`IdEnseignant`) VALUES (40,120,61,40,135);
INSERT IGNORE INTO `tblStage` (`Id`,`IdResponsable`,`IdSuperviseur`,`IdStagiaire`,`IdEnseignant`) VALUES (41,101,62,41,131);
INSERT IGNORE INTO `tblStage` (`Id`,`IdResponsable`,`IdSuperviseur`,`IdStagiaire`,`IdEnseignant`) VALUES (42,102,63,42,132);
INSERT IGNORE INTO `tblStage` (`Id`,`IdResponsable`,`IdSuperviseur`,`IdStagiaire`,`IdEnseignant`) VALUES (43,103,64,43,133);
INSERT IGNORE INTO `tblStage` (`Id`,`IdResponsable`,`IdSuperviseur`,`IdStagiaire`,`IdEnseignant`) VALUES (44,104,65,44,134);
INSERT IGNORE INTO `tblStage` (`Id`,`IdResponsable`,`IdSuperviseur`,`IdStagiaire`,`IdEnseignant`) VALUES (45,105,66,45,135);
INSERT IGNORE INTO `tblStage` (`Id`,`IdResponsable`,`IdSuperviseur`,`IdStagiaire`,`IdEnseignant`) VALUES (46,106,67,46,131);
INSERT IGNORE INTO `tblStage` (`Id`,`IdResponsable`,`IdSuperviseur`,`IdStagiaire`,`IdEnseignant`) VALUES (47,107,68,47,132);
INSERT IGNORE INTO `tblStage` (`Id`,`IdResponsable`,`IdSuperviseur`,`IdStagiaire`,`IdEnseignant`) VALUES (48,108,69,48,133);
INSERT IGNORE INTO `tblStage` (`Id`,`IdResponsable`,`IdSuperviseur`,`IdStagiaire`,`IdEnseignant`) VALUES (49,109,70,49,134);
INSERT IGNORE INTO `tblStage` (`Id`,`IdResponsable`,`IdSuperviseur`,`IdStagiaire`,`IdEnseignant`) VALUES (50,110,71,50,135);

-- table session

INSERT IGNORE INTO tblSession (Annee,Periode, JanvierDebut, JanvierLimite, FevrierDebut, FevrierLimite, MarsDebut, MarsLimite, MiStageDebut, MiStageLimite, FinaleDebut, FinaleLimite, FormationDebut, FormationLimite) 
						VALUES (2017,'Hiver','2017-12-01','2017-12-30','2018-01-01', '2018-01-30', '2018-02-01', '2018-02-28', ' 2017-10-20 ', ' 2017-11-30 ', '2017-12-01', '2017-12-30', '2018-01-01 ', '2018-01-30');

INSERT IGNORE INTO tblSession (Annee,Periode, JanvierDebut, JanvierLimite, FevrierDebut, FevrierLimite, MarsDebut, MarsLimite, MiStageDebut, MiStageLimite, FinaleDebut, FinaleLimite, FormationDebut, FormationLimite) 
						VALUES (2017,'Automne','2017-12-01','2017-12-30','2018-01-01', '2018-01-30', '2018-02-01', '2018-02-28', ' 2017-10-20 ', ' 2017-11-30 ', '2017-12-01', '2017-12-30', '2018-01-01 ', '2018-01-30');

-- table type etat avancement

INSERT INTO `tblTypeEtatAvancement`(`Id`, `Description`) VALUES (1, 'Janvier');
INSERT INTO `tblTypeEtatAvancement`(`Id`, `Description`) VALUES (2, 'Fevrier');
INSERT INTO `tblTypeEtatAvancement`(`Id`, `Description`) VALUES (3, 'Mars');

-- table etat avancement

/*INSERT INTO `tblEtatAvancement` (`Id`,`Statut`,`IdStage`,`IdTypeEtatAvancement`) VALUES (1,'0',1,1);
INSERT INTO `tblEtatAvancement` (`Id`,`Statut`,`IdStage`,`IdTypeEtatAvancement`) VALUES (2,'0',1,2);
INSERT INTO `tblEtatAvancement` (`Id`,`Statut`,`IdStage`,`IdTypeEtatAvancement`) VALUES (3,'0',1,3);
INSERT INTO `tblEtatAvancement` (`Id`,`Statut`,`IdStage`,`IdTypeEtatAvancement`) VALUES (4,'0',2,1);
INSERT INTO `tblEtatAvancement` (`Id`,`Statut`,`IdStage`,`IdTypeEtatAvancement`) VALUES (5,'0',2,2);
INSERT INTO `tblEtatAvancement` (`Id`,`Statut`,`IdStage`,`IdTypeEtatAvancement`) VALUES (6,'0',2,3);
INSERT INTO `tblEtatAvancement` (`Id`,`Statut`,`IdStage`,`IdTypeEtatAvancement`) VALUES (7,'0',3,1);
INSERT INTO `tblEtatAvancement` (`Id`,`Statut`,`IdStage`,`IdTypeEtatAvancement`) VALUES (8,'0',3,2);
INSERT INTO `tblEtatAvancement` (`Id`,`Statut`,`IdStage`,`IdTypeEtatAvancement`) VALUES (9,'0',3,3);
INSERT INTO `tblEtatAvancement` (`Id`,`Statut`,`IdStage`,`IdTypeEtatAvancement`) VALUES (10,'0',4,1);
INSERT INTO `tblEtatAvancement` (`Id`,`Statut`,`IdStage`,`IdTypeEtatAvancement`) VALUES (11,'0',4,2);
INSERT INTO `tblEtatAvancement` (`Id`,`Statut`,`IdStage`,`IdTypeEtatAvancement`) VALUES (12,'0',4,3);
INSERT INTO `tblEtatAvancement` (`Id`,`Statut`,`IdStage`,`IdTypeEtatAvancement`) VALUES (13,'0',5,1);
INSERT INTO `tblEtatAvancement` (`Id`,`Statut`,`IdStage`,`IdTypeEtatAvancement`) VALUES (14,'0',5,2);
INSERT INTO `tblEtatAvancement` (`Id`,`Statut`,`IdStage`,`IdTypeEtatAvancement`) VALUES (15,'0',5,3);
INSERT INTO `tblEtatAvancement` (`Id`,`Statut`,`IdStage`,`IdTypeEtatAvancement`) VALUES (16,'0',6,1);
INSERT INTO `tblEtatAvancement` (`Id`,`Statut`,`IdStage`,`IdTypeEtatAvancement`) VALUES (17,'0',6,2);
INSERT INTO `tblEtatAvancement` (`Id`,`Statut`,`IdStage`,`IdTypeEtatAvancement`) VALUES (18,'0',6,3);
INSERT INTO `tblEtatAvancement` (`Id`,`Statut`,`IdStage`,`IdTypeEtatAvancement`) VALUES (19,'0',7,1);
INSERT INTO `tblEtatAvancement` (`Id`,`Statut`,`IdStage`,`IdTypeEtatAvancement`) VALUES (20,'0',7,2);
INSERT INTO `tblEtatAvancement` (`Id`,`Statut`,`IdStage`,`IdTypeEtatAvancement`) VALUES (21,'0',7,3);
INSERT INTO `tblEtatAvancement` (`Id`,`Statut`,`IdStage`,`IdTypeEtatAvancement`) VALUES (22,'0',8,1);
INSERT INTO `tblEtatAvancement` (`Id`,`Statut`,`IdStage`,`IdTypeEtatAvancement`) VALUES (23,'0',8,2);
INSERT INTO `tblEtatAvancement` (`Id`,`Statut`,`IdStage`,`IdTypeEtatAvancement`) VALUES (24,'0',8,3);
INSERT INTO `tblEtatAvancement` (`Id`,`Statut`,`IdStage`,`IdTypeEtatAvancement`) VALUES (25,'0',9,1);
INSERT INTO `tblEtatAvancement` (`Id`,`Statut`,`IdStage`,`IdTypeEtatAvancement`) VALUES (26,'0',9,2);
INSERT INTO `tblEtatAvancement` (`Id`,`Statut`,`IdStage`,`IdTypeEtatAvancement`) VALUES (27,'0',9,3);
INSERT INTO `tblEtatAvancement` (`Id`,`Statut`,`IdStage`,`IdTypeEtatAvancement`) VALUES (28,'0',10,1);
INSERT INTO `tblEtatAvancement` (`Id`,`Statut`,`IdStage`,`IdTypeEtatAvancement`) VALUES (29,'0',10,2);
INSERT INTO `tblEtatAvancement` (`Id`,`Statut`,`IdStage`,`IdTypeEtatAvancement`) VALUES (30,'0',10,3);
INSERT INTO `tblEtatAvancement` (`Id`,`Statut`,`IdStage`,`IdTypeEtatAvancement`) VALUES (31,'0',11,1);
INSERT INTO `tblEtatAvancement` (`Id`,`Statut`,`IdStage`,`IdTypeEtatAvancement`) VALUES (32,'0',11,2);
INSERT INTO `tblEtatAvancement` (`Id`,`Statut`,`IdStage`,`IdTypeEtatAvancement`) VALUES (33,'0',11,3);
INSERT INTO `tblEtatAvancement` (`Id`,`Statut`,`IdStage`,`IdTypeEtatAvancement`) VALUES (34,'0',12,1);
INSERT INTO `tblEtatAvancement` (`Id`,`Statut`,`IdStage`,`IdTypeEtatAvancement`) VALUES (35,'0',12,2);
INSERT INTO `tblEtatAvancement` (`Id`,`Statut`,`IdStage`,`IdTypeEtatAvancement`) VALUES (36,'0',12,3);
INSERT INTO `tblEtatAvancement` (`Id`,`Statut`,`IdStage`,`IdTypeEtatAvancement`) VALUES (37,'0',13,1);
INSERT INTO `tblEtatAvancement` (`Id`,`Statut`,`IdStage`,`IdTypeEtatAvancement`) VALUES (38,'0',13,2);
INSERT INTO `tblEtatAvancement` (`Id`,`Statut`,`IdStage`,`IdTypeEtatAvancement`) VALUES (39,'0',13,3);
INSERT INTO `tblEtatAvancement` (`Id`,`Statut`,`IdStage`,`IdTypeEtatAvancement`) VALUES (40,'0',14,1);
INSERT INTO `tblEtatAvancement` (`Id`,`Statut`,`IdStage`,`IdTypeEtatAvancement`) VALUES (41,'0',14,2);
INSERT INTO `tblEtatAvancement` (`Id`,`Statut`,`IdStage`,`IdTypeEtatAvancement`) VALUES (42,'0',14,3);
INSERT INTO `tblEtatAvancement` (`Id`,`Statut`,`IdStage`,`IdTypeEtatAvancement`) VALUES (43,'0',15,1);
INSERT INTO `tblEtatAvancement` (`Id`,`Statut`,`IdStage`,`IdTypeEtatAvancement`) VALUES (44,'0',15,2);
INSERT INTO `tblEtatAvancement` (`Id`,`Statut`,`IdStage`,`IdTypeEtatAvancement`) VALUES (45,'0',15,3);
INSERT INTO `tblEtatAvancement` (`Id`,`Statut`,`IdStage`,`IdTypeEtatAvancement`) VALUES (46,'0',16,1);
INSERT INTO `tblEtatAvancement` (`Id`,`Statut`,`IdStage`,`IdTypeEtatAvancement`) VALUES (47,'0',16,2);
INSERT INTO `tblEtatAvancement` (`Id`,`Statut`,`IdStage`,`IdTypeEtatAvancement`) VALUES (48,'0',16,3);
INSERT INTO `tblEtatAvancement` (`Id`,`Statut`,`IdStage`,`IdTypeEtatAvancement`) VALUES (49,'0',17,1);
INSERT INTO `tblEtatAvancement` (`Id`,`Statut`,`IdStage`,`IdTypeEtatAvancement`) VALUES (50,'0',17,2);
INSERT INTO `tblEtatAvancement` (`Id`,`Statut`,`IdStage`,`IdTypeEtatAvancement`) VALUES (51,'0',17,3);
INSERT INTO `tblEtatAvancement` (`Id`,`Statut`,`IdStage`,`IdTypeEtatAvancement`) VALUES (52,'0',18,1);
INSERT INTO `tblEtatAvancement` (`Id`,`Statut`,`IdStage`,`IdTypeEtatAvancement`) VALUES (53,'0',18,2);
INSERT INTO `tblEtatAvancement` (`Id`,`Statut`,`IdStage`,`IdTypeEtatAvancement`) VALUES (54,'0',18,3);
INSERT INTO `tblEtatAvancement` (`Id`,`Statut`,`IdStage`,`IdTypeEtatAvancement`) VALUES (55,'0',19,1);
INSERT INTO `tblEtatAvancement` (`Id`,`Statut`,`IdStage`,`IdTypeEtatAvancement`) VALUES (56,'0',19,2);
INSERT INTO `tblEtatAvancement` (`Id`,`Statut`,`IdStage`,`IdTypeEtatAvancement`) VALUES (57,'0',19,3);
INSERT INTO `tblEtatAvancement` (`Id`,`Statut`,`IdStage`,`IdTypeEtatAvancement`) VALUES (58,'0',20,1);
INSERT INTO `tblEtatAvancement` (`Id`,`Statut`,`IdStage`,`IdTypeEtatAvancement`) VALUES (59,'0',20,2);
INSERT INTO `tblEtatAvancement` (`Id`,`Statut`,`IdStage`,`IdTypeEtatAvancement`) VALUES (60,'0',20,3);
INSERT INTO `tblEtatAvancement` (`Id`,`Statut`,`IdStage`,`IdTypeEtatAvancement`) VALUES (61,'0',21,1);
INSERT INTO `tblEtatAvancement` (`Id`,`Statut`,`IdStage`,`IdTypeEtatAvancement`) VALUES (62,'0',21,2);
INSERT INTO `tblEtatAvancement` (`Id`,`Statut`,`IdStage`,`IdTypeEtatAvancement`) VALUES (63,'0',21,3);
INSERT INTO `tblEtatAvancement` (`Id`,`Statut`,`IdStage`,`IdTypeEtatAvancement`) VALUES (64,'0',22,1);
INSERT INTO `tblEtatAvancement` (`Id`,`Statut`,`IdStage`,`IdTypeEtatAvancement`) VALUES (65,'0',22,2);
INSERT INTO `tblEtatAvancement` (`Id`,`Statut`,`IdStage`,`IdTypeEtatAvancement`) VALUES (66,'0',22,3);
INSERT INTO `tblEtatAvancement` (`Id`,`Statut`,`IdStage`,`IdTypeEtatAvancement`) VALUES (67,'0',23,1);
INSERT INTO `tblEtatAvancement` (`Id`,`Statut`,`IdStage`,`IdTypeEtatAvancement`) VALUES (68,'0',23,2);
INSERT INTO `tblEtatAvancement` (`Id`,`Statut`,`IdStage`,`IdTypeEtatAvancement`) VALUES (69,'0',23,3);
INSERT INTO `tblEtatAvancement` (`Id`,`Statut`,`IdStage`,`IdTypeEtatAvancement`) VALUES (70,'0',24,1);
INSERT INTO `tblEtatAvancement` (`Id`,`Statut`,`IdStage`,`IdTypeEtatAvancement`) VALUES (71,'0',24,2);
INSERT INTO `tblEtatAvancement` (`Id`,`Statut`,`IdStage`,`IdTypeEtatAvancement`) VALUES (72,'0',24,3);
INSERT INTO `tblEtatAvancement` (`Id`,`Statut`,`IdStage`,`IdTypeEtatAvancement`) VALUES (73,'0',25,1);
INSERT INTO `tblEtatAvancement` (`Id`,`Statut`,`IdStage`,`IdTypeEtatAvancement`) VALUES (74,'0',25,2);
INSERT INTO `tblEtatAvancement` (`Id`,`Statut`,`IdStage`,`IdTypeEtatAvancement`) VALUES (75,'0',25,3);
INSERT INTO `tblEtatAvancement` (`Id`,`Statut`,`IdStage`,`IdTypeEtatAvancement`) VALUES (76,'0',26,1);
INSERT INTO `tblEtatAvancement` (`Id`,`Statut`,`IdStage`,`IdTypeEtatAvancement`) VALUES (77,'0',26,2);
INSERT INTO `tblEtatAvancement` (`Id`,`Statut`,`IdStage`,`IdTypeEtatAvancement`) VALUES (78,'0',26,3);
INSERT INTO `tblEtatAvancement` (`Id`,`Statut`,`IdStage`,`IdTypeEtatAvancement`) VALUES (79,'0',27,1);
INSERT INTO `tblEtatAvancement` (`Id`,`Statut`,`IdStage`,`IdTypeEtatAvancement`) VALUES (80,'0',27,2);
INSERT INTO `tblEtatAvancement` (`Id`,`Statut`,`IdStage`,`IdTypeEtatAvancement`) VALUES (81,'0',27,3);
INSERT INTO `tblEtatAvancement` (`Id`,`Statut`,`IdStage`,`IdTypeEtatAvancement`) VALUES (82,'0',28,1);
INSERT INTO `tblEtatAvancement` (`Id`,`Statut`,`IdStage`,`IdTypeEtatAvancement`) VALUES (83,'0',28,2);
INSERT INTO `tblEtatAvancement` (`Id`,`Statut`,`IdStage`,`IdTypeEtatAvancement`) VALUES (84,'0',28,3);
INSERT INTO `tblEtatAvancement` (`Id`,`Statut`,`IdStage`,`IdTypeEtatAvancement`) VALUES (85,'0',29,1);
INSERT INTO `tblEtatAvancement` (`Id`,`Statut`,`IdStage`,`IdTypeEtatAvancement`) VALUES (86,'0',29,2);
INSERT INTO `tblEtatAvancement` (`Id`,`Statut`,`IdStage`,`IdTypeEtatAvancement`) VALUES (87,'0',29,3);
INSERT INTO `tblEtatAvancement` (`Id`,`Statut`,`IdStage`,`IdTypeEtatAvancement`) VALUES (88,'0',30,1);
INSERT INTO `tblEtatAvancement` (`Id`,`Statut`,`IdStage`,`IdTypeEtatAvancement`) VALUES (89,'0',30,2);
INSERT INTO `tblEtatAvancement` (`Id`,`Statut`,`IdStage`,`IdTypeEtatAvancement`) VALUES (90,'0',30,3);
INSERT INTO `tblEtatAvancement` (`Id`,`Statut`,`IdStage`,`IdTypeEtatAvancement`) VALUES (91,'0',31,1);
INSERT INTO `tblEtatAvancement` (`Id`,`Statut`,`IdStage`,`IdTypeEtatAvancement`) VALUES (92,'0',31,2);
INSERT INTO `tblEtatAvancement` (`Id`,`Statut`,`IdStage`,`IdTypeEtatAvancement`) VALUES (93,'0',31,3);
INSERT INTO `tblEtatAvancement` (`Id`,`Statut`,`IdStage`,`IdTypeEtatAvancement`) VALUES (94,'0',32,1);
INSERT INTO `tblEtatAvancement` (`Id`,`Statut`,`IdStage`,`IdTypeEtatAvancement`) VALUES (95,'0',32,2);
INSERT INTO `tblEtatAvancement` (`Id`,`Statut`,`IdStage`,`IdTypeEtatAvancement`) VALUES (96,'0',32,3);
INSERT INTO `tblEtatAvancement` (`Id`,`Statut`,`IdStage`,`IdTypeEtatAvancement`) VALUES (97,'0',33,1);
INSERT INTO `tblEtatAvancement` (`Id`,`Statut`,`IdStage`,`IdTypeEtatAvancement`) VALUES (98,'0',33,2);
INSERT INTO `tblEtatAvancement` (`Id`,`Statut`,`IdStage`,`IdTypeEtatAvancement`) VALUES (99,'0',33,3);
INSERT INTO `tblEtatAvancement` (`Id`,`Statut`,`IdStage`,`IdTypeEtatAvancement`) VALUES (100,'0',34,1);
INSERT INTO `tblEtatAvancement` (`Id`,`Statut`,`IdStage`,`IdTypeEtatAvancement`) VALUES (101,'0',34,2);
INSERT INTO `tblEtatAvancement` (`Id`,`Statut`,`IdStage`,`IdTypeEtatAvancement`) VALUES (102,'0',34,3);
INSERT INTO `tblEtatAvancement` (`Id`,`Statut`,`IdStage`,`IdTypeEtatAvancement`) VALUES (103,'0',35,1);
INSERT INTO `tblEtatAvancement` (`Id`,`Statut`,`IdStage`,`IdTypeEtatAvancement`) VALUES (104,'0',35,2);
INSERT INTO `tblEtatAvancement` (`Id`,`Statut`,`IdStage`,`IdTypeEtatAvancement`) VALUES (105,'0',35,3);
INSERT INTO `tblEtatAvancement` (`Id`,`Statut`,`IdStage`,`IdTypeEtatAvancement`) VALUES (106,'0',36,1);
INSERT INTO `tblEtatAvancement` (`Id`,`Statut`,`IdStage`,`IdTypeEtatAvancement`) VALUES (107,'0',36,2);
INSERT INTO `tblEtatAvancement` (`Id`,`Statut`,`IdStage`,`IdTypeEtatAvancement`) VALUES (108,'0',36,3);
INSERT INTO `tblEtatAvancement` (`Id`,`Statut`,`IdStage`,`IdTypeEtatAvancement`) VALUES (109,'0',37,1);
INSERT INTO `tblEtatAvancement` (`Id`,`Statut`,`IdStage`,`IdTypeEtatAvancement`) VALUES (110,'0',37,2);
INSERT INTO `tblEtatAvancement` (`Id`,`Statut`,`IdStage`,`IdTypeEtatAvancement`) VALUES (111,'0',37,3);
INSERT INTO `tblEtatAvancement` (`Id`,`Statut`,`IdStage`,`IdTypeEtatAvancement`) VALUES (112,'0',38,1);
INSERT INTO `tblEtatAvancement` (`Id`,`Statut`,`IdStage`,`IdTypeEtatAvancement`) VALUES (113,'0',38,2);
INSERT INTO `tblEtatAvancement` (`Id`,`Statut`,`IdStage`,`IdTypeEtatAvancement`) VALUES (114,'0',38,3);
INSERT INTO `tblEtatAvancement` (`Id`,`Statut`,`IdStage`,`IdTypeEtatAvancement`) VALUES (115,'0',39,1);
INSERT INTO `tblEtatAvancement` (`Id`,`Statut`,`IdStage`,`IdTypeEtatAvancement`) VALUES (116,'0',39,2);
INSERT INTO `tblEtatAvancement` (`Id`,`Statut`,`IdStage`,`IdTypeEtatAvancement`) VALUES (117,'0',39,3);
INSERT INTO `tblEtatAvancement` (`Id`,`Statut`,`IdStage`,`IdTypeEtatAvancement`) VALUES (118,'0',40,1);
INSERT INTO `tblEtatAvancement` (`Id`,`Statut`,`IdStage`,`IdTypeEtatAvancement`) VALUES (119,'0',40,2);
INSERT INTO `tblEtatAvancement` (`Id`,`Statut`,`IdStage`,`IdTypeEtatAvancement`) VALUES (120,'0',40,3);
INSERT INTO `tblEtatAvancement` (`Id`,`Statut`,`IdStage`,`IdTypeEtatAvancement`) VALUES (121,'0',41,1);
INSERT INTO `tblEtatAvancement` (`Id`,`Statut`,`IdStage`,`IdTypeEtatAvancement`) VALUES (122,'0',41,2);
INSERT INTO `tblEtatAvancement` (`Id`,`Statut`,`IdStage`,`IdTypeEtatAvancement`) VALUES (123,'0',41,3);
INSERT INTO `tblEtatAvancement` (`Id`,`Statut`,`IdStage`,`IdTypeEtatAvancement`) VALUES (124,'0',42,1);
INSERT INTO `tblEtatAvancement` (`Id`,`Statut`,`IdStage`,`IdTypeEtatAvancement`) VALUES (125,'0',42,2);
INSERT INTO `tblEtatAvancement` (`Id`,`Statut`,`IdStage`,`IdTypeEtatAvancement`) VALUES (126,'0',42,3);
INSERT INTO `tblEtatAvancement` (`Id`,`Statut`,`IdStage`,`IdTypeEtatAvancement`) VALUES (127,'0',43,1);
INSERT INTO `tblEtatAvancement` (`Id`,`Statut`,`IdStage`,`IdTypeEtatAvancement`) VALUES (128,'0',43,2);
INSERT INTO `tblEtatAvancement` (`Id`,`Statut`,`IdStage`,`IdTypeEtatAvancement`) VALUES (129,'0',43,3);
INSERT INTO `tblEtatAvancement` (`Id`,`Statut`,`IdStage`,`IdTypeEtatAvancement`) VALUES (130,'0',44,1);
INSERT INTO `tblEtatAvancement` (`Id`,`Statut`,`IdStage`,`IdTypeEtatAvancement`) VALUES (131,'0',44,2);
INSERT INTO `tblEtatAvancement` (`Id`,`Statut`,`IdStage`,`IdTypeEtatAvancement`) VALUES (132,'0',44,3);
INSERT INTO `tblEtatAvancement` (`Id`,`Statut`,`IdStage`,`IdTypeEtatAvancement`) VALUES (133,'0',45,1);
INSERT INTO `tblEtatAvancement` (`Id`,`Statut`,`IdStage`,`IdTypeEtatAvancement`) VALUES (134,'0',45,2);
INSERT INTO `tblEtatAvancement` (`Id`,`Statut`,`IdStage`,`IdTypeEtatAvancement`) VALUES (135,'0',45,3);
INSERT INTO `tblEtatAvancement` (`Id`,`Statut`,`IdStage`,`IdTypeEtatAvancement`) VALUES (136,'0',46,1);
INSERT INTO `tblEtatAvancement` (`Id`,`Statut`,`IdStage`,`IdTypeEtatAvancement`) VALUES (137,'0',46,2);
INSERT INTO `tblEtatAvancement` (`Id`,`Statut`,`IdStage`,`IdTypeEtatAvancement`) VALUES (138,'0',46,3);
INSERT INTO `tblEtatAvancement` (`Id`,`Statut`,`IdStage`,`IdTypeEtatAvancement`) VALUES (139,'0',47,1);
INSERT INTO `tblEtatAvancement` (`Id`,`Statut`,`IdStage`,`IdTypeEtatAvancement`) VALUES (140,'0',47,2);
INSERT INTO `tblEtatAvancement` (`Id`,`Statut`,`IdStage`,`IdTypeEtatAvancement`) VALUES (141,'0',47,3);
INSERT INTO `tblEtatAvancement` (`Id`,`Statut`,`IdStage`,`IdTypeEtatAvancement`) VALUES (142,'0',48,1);
INSERT INTO `tblEtatAvancement` (`Id`,`Statut`,`IdStage`,`IdTypeEtatAvancement`) VALUES (143,'0',48,2);
INSERT INTO `tblEtatAvancement` (`Id`,`Statut`,`IdStage`,`IdTypeEtatAvancement`) VALUES (144,'0',48,3);
INSERT INTO `tblEtatAvancement` (`Id`,`Statut`,`IdStage`,`IdTypeEtatAvancement`) VALUES (145,'0',49,1);
INSERT INTO `tblEtatAvancement` (`Id`,`Statut`,`IdStage`,`IdTypeEtatAvancement`) VALUES (146,'0',49,2);
INSERT INTO `tblEtatAvancement` (`Id`,`Statut`,`IdStage`,`IdTypeEtatAvancement`) VALUES (147,'0',49,3);
INSERT INTO `tblEtatAvancement` (`Id`,`Statut`,`IdStage`,`IdTypeEtatAvancement`) VALUES (148,'0',50,1);
INSERT INTO `tblEtatAvancement` (`Id`,`Statut`,`IdStage`,`IdTypeEtatAvancement`) VALUES (149,'0',50,2);
INSERT INTO `tblEtatAvancement` (`Id`,`Statut`,`IdStage`,`IdTypeEtatAvancement`) VALUES (150,'0',50,3);

-- table etat avancement janvier
INSERT INTO `tblEtatAvancementJanvier` (`Id`) VALUES (1);
INSERT INTO `tblEtatAvancementJanvier` (`Id`) VALUES (4);
INSERT INTO `tblEtatAvancementJanvier` (`Id`) VALUES (7);
INSERT INTO `tblEtatAvancementJanvier` (`Id`) VALUES (10);
INSERT INTO `tblEtatAvancementJanvier` (`Id`) VALUES (13);
INSERT INTO `tblEtatAvancementJanvier` (`Id`) VALUES (16);
INSERT INTO `tblEtatAvancementJanvier` (`Id`) VALUES (19);
INSERT INTO `tblEtatAvancementJanvier` (`Id`) VALUES (22);
INSERT INTO `tblEtatAvancementJanvier` (`Id`) VALUES (25);
INSERT INTO `tblEtatAvancementJanvier` (`Id`) VALUES (28);
INSERT INTO `tblEtatAvancementJanvier` (`Id`) VALUES (31);
INSERT INTO `tblEtatAvancementJanvier` (`Id`) VALUES (34);
INSERT INTO `tblEtatAvancementJanvier` (`Id`) VALUES (37);
INSERT INTO `tblEtatAvancementJanvier` (`Id`) VALUES (40);
INSERT INTO `tblEtatAvancementJanvier` (`Id`) VALUES (43);
INSERT INTO `tblEtatAvancementJanvier` (`Id`) VALUES (46);
INSERT INTO `tblEtatAvancementJanvier` (`Id`) VALUES (49);
INSERT INTO `tblEtatAvancementJanvier` (`Id`) VALUES (52);
INSERT INTO `tblEtatAvancementJanvier` (`Id`) VALUES (55);
INSERT INTO `tblEtatAvancementJanvier` (`Id`) VALUES (58);
INSERT INTO `tblEtatAvancementJanvier` (`Id`) VALUES (61);
INSERT INTO `tblEtatAvancementJanvier` (`Id`) VALUES (64);
INSERT INTO `tblEtatAvancementJanvier` (`Id`) VALUES (67);
INSERT INTO `tblEtatAvancementJanvier` (`Id`) VALUES (70);
INSERT INTO `tblEtatAvancementJanvier` (`Id`) VALUES (73);
INSERT INTO `tblEtatAvancementJanvier` (`Id`) VALUES (76);
INSERT INTO `tblEtatAvancementJanvier` (`Id`) VALUES (79);
INSERT INTO `tblEtatAvancementJanvier` (`Id`) VALUES (82);
INSERT INTO `tblEtatAvancementJanvier` (`Id`) VALUES (85);
INSERT INTO `tblEtatAvancementJanvier` (`Id`) VALUES (88);
INSERT INTO `tblEtatAvancementJanvier` (`Id`) VALUES (91);
INSERT INTO `tblEtatAvancementJanvier` (`Id`) VALUES (94);
INSERT INTO `tblEtatAvancementJanvier` (`Id`) VALUES (97);
INSERT INTO `tblEtatAvancementJanvier` (`Id`) VALUES (100);
INSERT INTO `tblEtatAvancementJanvier` (`Id`) VALUES (103);
INSERT INTO `tblEtatAvancementJanvier` (`Id`) VALUES (106);
INSERT INTO `tblEtatAvancementJanvier` (`Id`) VALUES (109);
INSERT INTO `tblEtatAvancementJanvier` (`Id`) VALUES (112);
INSERT INTO `tblEtatAvancementJanvier` (`Id`) VALUES (115);
INSERT INTO `tblEtatAvancementJanvier` (`Id`) VALUES (118);
INSERT INTO `tblEtatAvancementJanvier` (`Id`) VALUES (121);
INSERT INTO `tblEtatAvancementJanvier` (`Id`) VALUES (124);
INSERT INTO `tblEtatAvancementJanvier` (`Id`) VALUES (127);
INSERT INTO `tblEtatAvancementJanvier` (`Id`) VALUES (130);
INSERT INTO `tblEtatAvancementJanvier` (`Id`) VALUES (133);
INSERT INTO `tblEtatAvancementJanvier` (`Id`) VALUES (136);
INSERT INTO `tblEtatAvancementJanvier` (`Id`) VALUES (139);
INSERT INTO `tblEtatAvancementJanvier` (`Id`) VALUES (142);
INSERT INTO `tblEtatAvancementJanvier` (`Id`) VALUES (145);
INSERT INTO `tblEtatAvancementJanvier` (`Id`) VALUES (148);

-- table etat avancement fevrier

INSERT INTO `tblEtatAvancementFevrier` (`Id`) VALUES (2);
INSERT INTO `tblEtatAvancementFevrier` (`Id`) VALUES (5);
INSERT INTO `tblEtatAvancementFevrier` (`Id`) VALUES (8);
INSERT INTO `tblEtatAvancementFevrier` (`Id`) VALUES (11);
INSERT INTO `tblEtatAvancementFevrier` (`Id`) VALUES (14);
INSERT INTO `tblEtatAvancementFevrier` (`Id`) VALUES (17);
INSERT INTO `tblEtatAvancementFevrier` (`Id`) VALUES (20);
INSERT INTO `tblEtatAvancementFevrier` (`Id`) VALUES (23);
INSERT INTO `tblEtatAvancementFevrier` (`Id`) VALUES (26);
INSERT INTO `tblEtatAvancementFevrier` (`Id`) VALUES (29);
INSERT INTO `tblEtatAvancementFevrier` (`Id`) VALUES (32);
INSERT INTO `tblEtatAvancementFevrier` (`Id`) VALUES (35);
INSERT INTO `tblEtatAvancementFevrier` (`Id`) VALUES (38);
INSERT INTO `tblEtatAvancementFevrier` (`Id`) VALUES (41);
INSERT INTO `tblEtatAvancementFevrier` (`Id`) VALUES (44);
INSERT INTO `tblEtatAvancementFevrier` (`Id`) VALUES (47);
INSERT INTO `tblEtatAvancementFevrier` (`Id`) VALUES (50);
INSERT INTO `tblEtatAvancementFevrier` (`Id`) VALUES (53);
INSERT INTO `tblEtatAvancementFevrier` (`Id`) VALUES (56);
INSERT INTO `tblEtatAvancementFevrier` (`Id`) VALUES (59);
INSERT INTO `tblEtatAvancementFevrier` (`Id`) VALUES (62);
INSERT INTO `tblEtatAvancementFevrier` (`Id`) VALUES (65);
INSERT INTO `tblEtatAvancementFevrier` (`Id`) VALUES (68);
INSERT INTO `tblEtatAvancementFevrier` (`Id`) VALUES (71);
INSERT INTO `tblEtatAvancementFevrier` (`Id`) VALUES (74);
INSERT INTO `tblEtatAvancementFevrier` (`Id`) VALUES (77);
INSERT INTO `tblEtatAvancementFevrier` (`Id`) VALUES (80);
INSERT INTO `tblEtatAvancementFevrier` (`Id`) VALUES (83);
INSERT INTO `tblEtatAvancementFevrier` (`Id`) VALUES (86);
INSERT INTO `tblEtatAvancementFevrier` (`Id`) VALUES (89);
INSERT INTO `tblEtatAvancementFevrier` (`Id`) VALUES (92);
INSERT INTO `tblEtatAvancementFevrier` (`Id`) VALUES (95);
INSERT INTO `tblEtatAvancementFevrier` (`Id`) VALUES (98);
INSERT INTO `tblEtatAvancementFevrier` (`Id`) VALUES (101);
INSERT INTO `tblEtatAvancementFevrier` (`Id`) VALUES (104);
INSERT INTO `tblEtatAvancementFevrier` (`Id`) VALUES (107);
INSERT INTO `tblEtatAvancementFevrier` (`Id`) VALUES (110);
INSERT INTO `tblEtatAvancementFevrier` (`Id`) VALUES (113);
INSERT INTO `tblEtatAvancementFevrier` (`Id`) VALUES (116);
INSERT INTO `tblEtatAvancementFevrier` (`Id`) VALUES (119);
INSERT INTO `tblEtatAvancementFevrier` (`Id`) VALUES (122);
INSERT INTO `tblEtatAvancementFevrier` (`Id`) VALUES (125);
INSERT INTO `tblEtatAvancementFevrier` (`Id`) VALUES (128);
INSERT INTO `tblEtatAvancementFevrier` (`Id`) VALUES (131);
INSERT INTO `tblEtatAvancementFevrier` (`Id`) VALUES (134);
INSERT INTO `tblEtatAvancementFevrier` (`Id`) VALUES (137);
INSERT INTO `tblEtatAvancementFevrier` (`Id`) VALUES (140);
INSERT INTO `tblEtatAvancementFevrier` (`Id`) VALUES (143);
INSERT INTO `tblEtatAvancementFevrier` (`Id`) VALUES (146);
INSERT INTO `tblEtatAvancementFevrier` (`Id`) VALUES (149);

-- table etat avancement mars

INSERT INTO `tblEtatAvancementMars` (`Id`) VALUES (3);
INSERT INTO `tblEtatAvancementMars` (`Id`) VALUES (6);
INSERT INTO `tblEtatAvancementMars` (`Id`) VALUES (9);
INSERT INTO `tblEtatAvancementMars` (`Id`) VALUES (12);
INSERT INTO `tblEtatAvancementMars` (`Id`) VALUES (15);
INSERT INTO `tblEtatAvancementMars` (`Id`) VALUES (18);
INSERT INTO `tblEtatAvancementMars` (`Id`) VALUES (21);
INSERT INTO `tblEtatAvancementMars` (`Id`) VALUES (24);
INSERT INTO `tblEtatAvancementMars` (`Id`) VALUES (27);
INSERT INTO `tblEtatAvancementMars` (`Id`) VALUES (30);
INSERT INTO `tblEtatAvancementMars` (`Id`) VALUES (33);
INSERT INTO `tblEtatAvancementMars` (`Id`) VALUES (36);
INSERT INTO `tblEtatAvancementMars` (`Id`) VALUES (39);
INSERT INTO `tblEtatAvancementMars` (`Id`) VALUES (42);
INSERT INTO `tblEtatAvancementMars` (`Id`) VALUES (45);
INSERT INTO `tblEtatAvancementMars` (`Id`) VALUES (48);
INSERT INTO `tblEtatAvancementMars` (`Id`) VALUES (51);
INSERT INTO `tblEtatAvancementMars` (`Id`) VALUES (54);
INSERT INTO `tblEtatAvancementMars` (`Id`) VALUES (57);
INSERT INTO `tblEtatAvancementMars` (`Id`) VALUES (60);
INSERT INTO `tblEtatAvancementMars` (`Id`) VALUES (63);
INSERT INTO `tblEtatAvancementMars` (`Id`) VALUES (66);
INSERT INTO `tblEtatAvancementMars` (`Id`) VALUES (69);
INSERT INTO `tblEtatAvancementMars` (`Id`) VALUES (72);
INSERT INTO `tblEtatAvancementMars` (`Id`) VALUES (75);
INSERT INTO `tblEtatAvancementMars` (`Id`) VALUES (78);
INSERT INTO `tblEtatAvancementMars` (`Id`) VALUES (81);
INSERT INTO `tblEtatAvancementMars` (`Id`) VALUES (84);
INSERT INTO `tblEtatAvancementMars` (`Id`) VALUES (87);
INSERT INTO `tblEtatAvancementMars` (`Id`) VALUES (90);
INSERT INTO `tblEtatAvancementMars` (`Id`) VALUES (93);
INSERT INTO `tblEtatAvancementMars` (`Id`) VALUES (96);
INSERT INTO `tblEtatAvancementMars` (`Id`) VALUES (99);
INSERT INTO `tblEtatAvancementMars` (`Id`) VALUES (102);
INSERT INTO `tblEtatAvancementMars` (`Id`) VALUES (105);
INSERT INTO `tblEtatAvancementMars` (`Id`) VALUES (108);
INSERT INTO `tblEtatAvancementMars` (`Id`) VALUES (111);
INSERT INTO `tblEtatAvancementMars` (`Id`) VALUES (114);
INSERT INTO `tblEtatAvancementMars` (`Id`) VALUES (117);
INSERT INTO `tblEtatAvancementMars` (`Id`) VALUES (120);
INSERT INTO `tblEtatAvancementMars` (`Id`) VALUES (123);
INSERT INTO `tblEtatAvancementMars` (`Id`) VALUES (126);
INSERT INTO `tblEtatAvancementMars` (`Id`) VALUES (129);
INSERT INTO `tblEtatAvancementMars` (`Id`) VALUES (132);
INSERT INTO `tblEtatAvancementMars` (`Id`) VALUES (135);
INSERT INTO `tblEtatAvancementMars` (`Id`) VALUES (138);
INSERT INTO `tblEtatAvancementMars` (`Id`) VALUES (141);
INSERT INTO `tblEtatAvancementMars` (`Id`) VALUES (144);
INSERT INTO `tblEtatAvancementMars` (`Id`) VALUES (147);
INSERT INTO `tblEtatAvancementMars` (`Id`) VALUES (150);*/